INSERT INTO categories (id, name) VALUES ('1', 'Вкусовые товары, соусы, специи, добавки, премиксы и концентраты');
INSERT INTO products (id, category_id, name, unit, grm, protein, carbs, dry, sug, fat, alko, rem) VALUES (1, 1, 'Агар пищевой', 'кг', 1000, 4, 76, 82, 0, 0, 0, 'Данные о пищевой ценности продукта приведены из источников, рекомендованных к применению Федеральной службой по Надзору в сфере защиты прав потребителей и благополучия человека (Роспотребнадзор).

Величина "Углеводы" рассчитана как сумма Крахмала, Моно-дисахаридов, Лактозы и Сахарозы.

Потери моно-дисахаридов и крахмала рассчитаны с учетом процентного содержания моно-дисахаридов и крахмала в продукте.');
INSERT INTO products (id, category_id, name, unit, grm, protein, carbs, dry, sug, fat, alko, rem) VALUES (2, 1, 'Аджика перечная грузинская', 'кг', 1000, 1, 3, 9, 0, 0, 0, '1. Данные о содержании пищевых веществ приведены по информации на упаковке продукта. Производитель: ИП Стоев А.Г. (св-во № 55523, г. Краснодар)');
INSERT INTO products (id, category_id, name, unit, grm, protein, carbs, dry, sug, fat, alko, rem) VALUES (3, 1, 'Бульон сухой говяжий', 'кг', 1000, 16.8, 0, 93.9, 0, 9.2, 0, 'Данные о пищевой ценности продукта приведены из источников, рекомендованных к применению Федеральной службой по Надзору в сфере защиты прав потребителей и благополучия человека (Роспотребнадзор).');
INSERT INTO products (id, category_id, name, unit, grm, protein, carbs, dry, sug, fat, alko, rem) VALUES (4, 1, 'Бульон сухой грибной', 'кг', 1000, 13.5, 11.6, 94.3, 0, 17.3, 0, 'Данные о пищевой ценности продукта приведены из источников, рекомендованных к применению Федеральной службой по Надзору в сфере защиты прав потребителей и благополучия человека (Роспотребнадзор).');
INSERT INTO products (id, category_id, name, unit, grm, protein, carbs, dry, sug, fat, alko, rem) VALUES (5, 1, 'Бульон сухой куриный', 'кг', 1000, 15.4, 9.9, 94.2, 0, 15.4, 0, 'Данные о пищевой ценности продукта приведены из источников, рекомендованных к применению Федеральной службой по Надзору в сфере защиты прав потребителей и благополучия человека (Роспотребнадзор).');
INSERT INTO products (id, category_id, name, unit, grm, protein, carbs, dry, sug, fat, alko, rem) VALUES (6, 1, 'Бульон сухой овощной', 'кг', 1000, 13.5, 11.6, 94.3, 0, 17.3, 0, 'Данные о пищевой ценности продукта приведены из источников, рекомендованных к применению Федеральной службой по Надзору в сфере защиты прав потребителей и благополучия человека (Роспотребнадзор).');
INSERT INTO products (id, category_id, name, unit, grm, protein, carbs, dry, sug, fat, alko, rem) VALUES (7, 1, 'Бульон сухой рыбный', 'кг', 1000, 15.4, 9.9, 94.2, 0, 15.4, 0, '1. Данные о содержании пищевых веществ приведены по ингредиенту "Бульон сухой куриный".');
INSERT INTO products (id, category_id, name, unit, grm, protein, carbs, dry, sug, fat, alko, rem) VALUES (8, 1, 'Вассаби готовый', 'кг', 1000, 17.1, 9.7, 36.3, 0, 8.2, 0, '1. Данные о содержании пищевых веществ приведены по ингредиенту "Горчица готовая".');
INSERT INTO products (id, category_id, name, unit, grm, protein, carbs, dry, sug, fat, alko, rem) VALUES (9, 1, 'Вассаби порошок', 'кг', 1000, 37.1, 5.9, 92.7, 0, 11.1, 0, '1. Данные о содержании пищевых веществ приведены по ингредиенту "Горчичный порошок".');
INSERT INTO products (id, category_id, name, unit, grm, protein, carbs, dry, sug, fat, alko, rem) VALUES (10, 1, 'Гель зеркальный нейтральный', 'кг', 1000, 0, 64, 64, 0, 0, 0, '1. Источник информации о пищевой ценности - маркировочный ярлык товара. Производитель или торговая марка - Irca s.r.l. Наименование товара - "Blitz".

    Сухие вещества расчитаны как сумма белков, жиров и углеводов.');
INSERT INTO products (id, category_id, name, unit, grm, protein, carbs, dry, sug, fat, alko, rem) VALUES (11, 1, 'Глутомат натрия (Аджино - мото)', 'кг', 1000, 0, 0, 99.9, 0, 0, 0, '');
INSERT INTO products (id, category_id, name, unit, grm, protein, carbs, dry, sug, fat, alko, rem) VALUES (12, 1, 'Горчица готовая', 'кг', 1000, 7.1, 9.7, 36.3, 0, 8.2, 0, 'Данные о пищевой ценности продукта приведены из источников, рекомендованных к применению Федеральной службой по Надзору в сфере защиты прав потребителей и благополучия человека (Роспотребнадзор).');
INSERT INTO products (id, category_id, name, unit, grm, protein, carbs, dry, sug, fat, alko, rem) VALUES (13, 1, 'Горчица Диженская', 'кг', 1000, 0, 5, 36.3, 0, 1, 0, '1. Источник информации о пищевой ценности - маркировочный ярлык товара. Производитель или торговая марка - Clovis (France).

    Сухие вещества даны по ингредиенту "Горчица готовая".');
INSERT INTO products (id, category_id, name, unit, grm, protein, carbs, dry, sug, fat, alko, rem) VALUES (14, 1, 'Горчица зернистая', 'кг', 1000, 7.1, 9.7, 36.3, 0, 8.2, 0, 'Данные о пищевой ценности продукта приведены по ингредиенту "Горчица готовая".');
INSERT INTO products (id, category_id, name, unit, grm, protein, carbs, dry, sug, fat, alko, rem) VALUES (15, 1, 'Горчичный порошок', 'кг', 1000, 37.1, 5.9, 92.7, 0, 11.1, 0, 'Данные о пищевой ценности продукта приведены из источников, рекомендованных к применению Федеральной службой по Надзору в сфере защиты прав потребителей и благополучия человека (Роспотребнадзор).

Величина "Углеводы" рассчитана как сумма Крахмала, Моно-дисахаридов, Лактозы и Сахарозы.

Потери моно-дисахаридов и крахмала рассчитаны с учетом процентного содержания моно-дисахаридов и крахмала в продукте.');
INSERT INTO products (id, category_id, name, unit, grm, protein, carbs, dry, sug, fat, alko, rem) VALUES (16, 1, 'Дрожжи прессованные', 'кг', 1000, 12.7, 0, 26, 0, 2.7, 0, 'Данные о пищевой ценности продукта приведены из источников, рекомендованных к применению Федеральной службой по Надзору в сфере защиты прав потребителей и благополучия человека (Роспотребнадзор).

Величина "Углеводы" рассчитана как сумма Крахмала, Моно-дисахаридов, Лактозы и Сахарозы.

Потери моно-дисахаридов и крахмала рассчитаны с учетом процентного содержания моно-дисахаридов и крахмала в продукте.');
INSERT INTO products (id, category_id, name, unit, grm, protein, carbs, dry, sug, fat, alko, rem) VALUES (17, 1, 'Дрожжи сухие', 'кг', 1000, 35.6, 3.5, 95, 0, 1.5, 0, 'Данные о пищевой ценности продукта приведены из источников, рекомендованных к применению Федеральной службой по Надзору в сфере защиты прав потребителей и благополучия человека (Роспотребнадзор).');
INSERT INTO products (id, category_id, name, unit, grm, protein, carbs, dry, sug, fat, alko, rem) VALUES (18, 1, 'Желатин листовой', 'кг', 1000, 85, 0, 89, 0, 0.5, 0, '1. Источник информации о пищевой ценности - маркировочный ярлык товара. Производитель или торговая марка - Ewald.

    Сухие вещества расчитаны как сумма белков, жиров + 3,5.

2. Примерная масса 1 листа желатина - 5 грамм.');
INSERT INTO products (id, category_id, name, unit, grm, protein, carbs, dry, sug, fat, alko, rem) VALUES (19, 1, 'Желатин пищевой', 'кг', 1000, 87.2, 0.7, 90, 0, 0.4, 0, 'Данные о пищевой ценности продукта приведены из источников, рекомендованных к применению Федеральной службой по Надзору в сфере защиты прав потребителей и благополучия человека (Роспотребнадзор).

Величина "Углеводы" рассчитана как сумма Крахмала, Моно-дисахаридов, Лактозы и Сахарозы.');
INSERT INTO products (id, category_id, name, unit, grm, protein, carbs, dry, sug, fat, alko, rem) VALUES (20, 1, 'Жир кондитерский для шоколадных изделий, конфет и пищевых концентратов', 'кг', 1000, 0, 0, 99.7, 0, 99.7, 0, 'Данные о пищевой ценности продукта приведены из источников, рекомендованных к применению Федеральной службой по Надзору в сфере защиты прав потребителей и благополучия человека (Роспотребнадзор).');
INSERT INTO products (id, category_id, name, unit, grm, protein, carbs, dry, sug, fat, alko, rem) VALUES (21, 1, 'Имбирь маринованный (для роллов, суши)', 'кг', 1000, 0.4, 2.8, 3.5, 0, 0.3, 0, '1. Данные о содержании пищевых веществ указаны по информации на упаковке (маркировочном ярлыке). Торговая марка - "СЭН СОЙ"');
INSERT INTO products (id, category_id, name, unit, grm, protein, carbs, dry, sug, fat, alko, rem) VALUES (22, 1, 'Какао порошок', 'кг', 1000, 24.2, 27.9, 96, 0, 17.5, 0, 'Данные о пищевой ценности продукта приведены из источников, рекомендованных к применению Федеральной службой по Надзору в сфере защиты прав потребителей и благополучия человека (Роспотребнадзор).

Величина "Углеводы" рассчитана как сумма Крахмала, Моно-дисахаридов, Лактозы и Сахарозы.');
INSERT INTO products (id, category_id, name, unit, grm, protein, carbs, dry, sug, fat, alko, rem) VALUES (23, 1, 'Кетчуп томатный', 'кг', 1000, 1.6, 28.6, 32, 0, 0.1, 0, 'Данные о пищевой ценности продукта приведены из источников, рекомендованных к применению Федеральной службой по Надзору в сфере защиты прав потребителей и благополучия человека (Роспотребнадзор).');
INSERT INTO products (id, category_id, name, unit, grm, protein, carbs, dry, sug, fat, alko, rem) VALUES (24, 1, 'Кислота лимонная', 'кг', 1000, 0, 0, 99.8, 0, 0, 0, '');
INSERT INTO products (id, category_id, name, unit, grm, protein, carbs, dry, sug, fat, alko, rem) VALUES (25, 1, 'Кокосовая стружка', 'кг', 1000, 5.6, 6.4, 97.7, 0, 62, 0, '1. Данные о пищевой ценности продукта приведены из источников, рекомендованных к применению Федеральной службой по Надзору в сфере защиты прав потребителей и благополучия человека (Роспотребнадзор).');
INSERT INTO products (id, category_id, name, unit, grm, protein, carbs, dry, sug, fat, alko, rem) VALUES (26, 1, 'Кофе жареный в зернах', 'кг', 1000, 13.9, 2.8, 93, 0, 14.4, 0, 'Данные о пищевой ценности продукта приведены из источников, рекомендованных к применению Федеральной службой по Надзору в сфере защиты прав потребителей и благополучия человека (Роспотребнадзор).

Величина "Углеводы" рассчитана как сумма Крахмала, Моно-дисахаридов, Лактозы и Сахарозы.

Потери моно-дисахаридов и крахмала рассчитаны с учетом процентного содержания моно-дисахаридов и крахмала в продукте.');
INSERT INTO products (id, category_id, name, unit, grm, protein, carbs, dry, sug, fat, alko, rem) VALUES (27, 1, 'Кофе растворимый', 'кг', 1000, 14.6, 4.5, 96.6, 0, 0, 0, '1. Данные о пищевой ценности продукта приведены из источников, рекомендованных к применению Федеральной службой по Надзору в сфере защиты прав потребителей и благополучия человека (Роспотребнадзор).');
INSERT INTO products (id, category_id, name, unit, grm, protein, carbs, dry, sug, fat, alko, rem) VALUES (28, 1, 'Мастика сахарная белая', 'кг', 1000, 0, 96, 97.5, 96, 1, 0, '1. Источник информации о пищевой ценности - маркировочный ярлык товара. Производитель или торговая марка - Dulcistar s.r.l.

    Сухие вещества расчитаны как сумма белков, жиров и углеводов + 0,5.');
INSERT INTO products (id, category_id, name, unit, grm, protein, carbs, dry, sug, fat, alko, rem) VALUES (29, 1, 'Мед натуральный', 'кг', 1000, 0.8, 80.3, 82.6, 74.8, 0, 0, 'Данные о пищевой ценности продукта приведены из источников, рекомендованных к применению Федеральной службой по Надзору в сфере защиты прав потребителей и благополучия человека (Роспотребнадзор).

Величина "Углеводы" рассчитана как сумма Крахмала, Моно-дисахаридов, Лактозы и Сахарозы.');
INSERT INTO products (id, category_id, name, unit, grm, protein, carbs, dry, sug, fat, alko, rem) VALUES (30, 1, 'Микс Венский', 'кг', 1000, 12.2, 60.8, 79.6, 0, 6.6, 0, 'Сухие в-ва рассчитаны как сумма белков, жиров и углеводов');
INSERT INTO products (id, category_id, name, unit, grm, protein, carbs, dry, sug, fat, alko, rem) VALUES (31, 1, 'Мирин', 'кг', 1000, 2, 24.1, 26.3, 0, 0.2, 0, '1. Данные о содержании пищевых веществ указаны по информации на упаковке (маркировочном ярлыке). Производитель: Hikari (Япония). (Торговая марка - "Blue Dragon"');
INSERT INTO products (id, category_id, name, unit, grm, protein, carbs, dry, sug, fat, alko, rem) VALUES (32, 1, 'Мисо - паста', 'кг', 1000, 8.2, 20.2, 32.7, 0, 4.3, 0, '1. Данные о содержании пищевых веществ указаны по информации на упаковке (маркировочном ярлыке). Производитель: Hikari (Япония). (Торговая марка - "Blue Dragon"');
INSERT INTO products (id, category_id, name, unit, grm, protein, carbs, dry, sug, fat, alko, rem) VALUES (33, 1, 'Мицукан', 'кг', 1000, 0, 50, 50, 0, 0, 0, '1. Данные о содержании пищевых веществ указаны по информации на упаковке (маркировочном ярлыке). Производитель: Lian Yi Development Co.,Ltd (Китай). Продукт - "Уксус рисовый для суши"');
INSERT INTO products (id, category_id, name, unit, grm, protein, carbs, dry, sug, fat, alko, rem) VALUES (34, 1, 'Пекарский порошок', 'кг', 1000, 5.2, 37.8, 93.7, 0, 0, 0, 'Данные о пищевой ценности продукта приведены из источников, рекомендованных к применению Федеральной службой по Надзору в сфере защиты прав потребителей и благополучия человека (Роспотребнадзор).');
INSERT INTO products (id, category_id, name, unit, grm, protein, carbs, dry, sug, fat, alko, rem) VALUES (35, 1, 'Премикс Флорентинер (Аналог Бинекса)', 'кг', 1000, 1, 77, 97.5, 77, 19, 0, '2. Источник информации о пищевой ценности - маркировочный ярлык товара. Производитель или торговая марка - Cresco s.p.a.

    Сухие вещества расчитаны как сумма белков, жиров и углеводов + 0,5.');
INSERT INTO products (id, category_id, name, unit, grm, protein, carbs, dry, sug, fat, alko, rem) VALUES (36, 1, 'Рыбный бульон Хондаши сухой', 'кг', 1000, 4, 25, 30, 0, 1, 0, ' Содержание пищевых веществ приведено с упаковочного ярлыка товара. Производитель: Qingdao Sun-Growing Trade Co., LTD, Китай');
INSERT INTO products (id, category_id, name, unit, grm, protein, carbs, dry, sug, fat, alko, rem) VALUES (37, 1, 'Сахарин', 'кг', 1000, 0, 99.9, 99.9, 99.9, 0, 0, '1. Данные о содержании пищевых веществ приведены по ингредиенту "Сахар - рафинад". Следите за обновлениями базы ингредиентов на сайте chefexpert.ru.');
INSERT INTO products (id, category_id, name, unit, grm, protein, carbs, dry, sug, fat, alko, rem) VALUES (38, 1, 'Сахарная пудра', 'кг', 1000, 0, 99.9, 99.9, 99.9, 0, 0, '1. Данные о пищевой ценности приведены по сахару - рафинаду.');
INSERT INTO products (id, category_id, name, unit, grm, protein, carbs, dry, sug, fat, alko, rem) VALUES (39, 1, 'Сахар-песок', 'кг', 1000, 0, 99.8, 99.86, 99.8, 0, 0, 'Данные о пищевой ценности продукта приведены из источников, рекомендованных к применению Федеральной службой по Надзору в сфере защиты прав потребителей и благополучия человека (Роспотребнадзор).

Величина "Углеводы" рассчитана как сумма Крахмала, Моно-дисахаридов, Лактозы и Сахарозы.

Потери моно-дисахаридов и крахмала рассчитаны с учетом процентного содержания моно-дисахаридов и крахмала в продукте.');
INSERT INTO products (id, category_id, name, unit, grm, protein, carbs, dry, sug, fat, alko, rem) VALUES (40, 1, 'Сахар-рафинад', 'кг', 1000, 0, 99.9, 99.9, 99.9, 0, 0, 'Данные о пищевой ценности продукта приведены из источников, рекомендованных к применению Федеральной службой по Надзору в сфере защиты прав потребителей и благополучия человека (Роспотребнадзор).

Величина "Углеводы" рассчитана как сумма Крахмала, Моно-дисахаридов, Лактозы и Сахарозы.

Потери моно-дисахаридов и крахмала рассчитаны с учетом процентного содержания моно-дисахаридов и крахмала в продукте.');
INSERT INTO products (id, category_id, name, unit, grm, protein, carbs, dry, sug, fat, alko, rem) VALUES (41, 1, 'Сироп Кленовый', 'кг', 1000, 0, 57, 60.5, 39, 0, 0, '1. Источник информации о пищевой ценности - маркировочный ярлык товара. Производитель или торговая марка - Log Cabin.

    Сухие вещества расчитаны как сумма белков, жиров и углеводов + 3,5.');
INSERT INTO products (id, category_id, name, unit, grm, protein, carbs, dry, sug, fat, alko, rem) VALUES (42, 1, 'Сиропы Monin', 'кг', 1000, 0, 63.2, 65.4, 0, 0, 0, '1. Данные о содержании пищевых веществ приведены по ингредиенту "Топпинг (в среднем)". Следите за обновлениями базы ингредиентов на сайте chefexpert.ru.');
INSERT INTO products (id, category_id, name, unit, grm, protein, carbs, dry, sug, fat, alko, rem) VALUES (43, 1, 'Смесь Деревенская', 'кг', 1000, 11.2, 66.2, 80.6, 0, 2.7, 0, 'Сухие в-ва расчитаны как сумма белков, жиров и углеводов +7 (Клетчатка)');
INSERT INTO products (id, category_id, name, unit, grm, protein, carbs, dry, sug, fat, alko, rem) VALUES (44, 1, 'Смесь для карамели Артистико (Изомальт Е 953)', 'кг', 1000, 0, 93, 93.5, 93, 0, 0, '1. Источник информации о пищевой ценности - маркировочный ярлык товара. Производитель или торговая марка - Cresco s.p.a.

    Сухие вещества расчитаны как сумма белков, жиров и углеводов + 0,5.');
INSERT INTO products (id, category_id, name, unit, grm, protein, carbs, dry, sug, fat, alko, rem) VALUES (45, 1, 'Сода пищевая', 'кг', 1000, 0, 0, 99.8, 0, 0, 0, '');
INSERT INTO products (id, category_id, name, unit, grm, protein, carbs, dry, sug, fat, alko, rem) VALUES (46, 1, 'Соль Морская', 'кг', 1000, 0, 0, 99.8, 0, 0, 0, '');
INSERT INTO products (id, category_id, name, unit, grm, protein, carbs, dry, sug, fat, alko, rem) VALUES (47, 1, 'Соль поваренная пищевая', 'кг', 1000, 0, 0, 99.8, 0, 0, 0, 'Данные о пищевой ценности продукта приведены из источников, рекомендованных к применению Федеральной службой по Надзору в сфере защиты прав потребителей и благополучия человека (Роспотребнадзор).

Величина "Углеводы" рассчитана как сумма Крахмала, Моно-дисахаридов, Лактозы и Сахарозы.

Потери моно-дисахаридов и крахмала рассчитаны с учетом процентного содержания моно-дисахаридов и крахмала в продукте.');
INSERT INTO products (id, category_id, name, unit, grm, protein, carbs, dry, sug, fat, alko, rem) VALUES (48, 1, 'Соус Бальзамический белый', 'кг', 1000, 0, 0, 0, 0, 0, 0, '');
INSERT INTO products (id, category_id, name, unit, grm, protein, carbs, dry, sug, fat, alko, rem) VALUES (49, 1, 'Соус Ворчестер', 'кг', 1000, 1.4, 15.5, 24.7, 0, 0.1, 0, 'Данные о пищевой ценности продукта приведены из источников, рекомендованных к применению Федеральной службой по Надзору в сфере защиты прав потребителей и благополучия человека (Роспотребнадзор).');
INSERT INTO products (id, category_id, name, unit, grm, protein, carbs, dry, sug, fat, alko, rem) VALUES (50, 1, 'Соус Деми - Глясс сухой', 'кг', 1000, 6.6, 40.8, 93.9, 0, 24.1, 0, '1. Источник информации о пищевой ценности - маркировочный ярлык товара. Производитель или торговая марка - Knorr.

    Сухие вещества даны по ингредиенту "Бульон сухой говяжий".');
INSERT INTO products (id, category_id, name, unit, grm, protein, carbs, dry, sug, fat, alko, rem) VALUES (51, 1, 'Соус Нар - шараб', 'кг', 1000, 0, 0, 0, 0, 0, 0, '1. Данные о содержании пищевых веществ временно отсутствуют. Проверяйте наличие обновлений базы ингредиетов на сайте www.chefexpert.ru. ');
INSERT INTO products (id, category_id, name, unit, grm, protein, carbs, dry, sug, fat, alko, rem) VALUES (52, 1, 'Соус рыбный', 'кг', 1000, 0, 0, 0, 0, 0, 0, '1. Данные о содержании пищевых веществ временно отсутствуют. Проверяйте наличие обновлений базы ингредиетов на сайте www.chefexpert.ru. ');
INSERT INTO products (id, category_id, name, unit, grm, protein, carbs, dry, sug, fat, alko, rem) VALUES (53, 1, 'Соус сливовый', 'кг', 1000, 0, 0, 0, 0, 0, 0, '1. Данные о содержании пищевых веществ временно отсутствуют. Проверяйте наличие обновлений базы ингредиетов на сайте www.chefexpert.ru. ');
INSERT INTO products (id, category_id, name, unit, grm, protein, carbs, dry, sug, fat, alko, rem) VALUES (54, 1, 'Соус соевый', 'кг', 1000, 10.3, 8.2, 31.4, 0, 0, 0, '1. Источник информации о пищевой ценности - маркировочный ярлык товара. Производитель или торговая марка - Kikkoman.

   ');
INSERT INTO products (id, category_id, name, unit, grm, protein, carbs, dry, sug, fat, alko, rem) VALUES (55, 1, 'Соус Табаско', 'кг', 1000, 0, 0, 0, 0, 0, 0, '1. Данные о содержании пищевых веществ временно отсутствуют. Проверяйте наличие обновлений базы ингредиетов на сайте www.chefexpert.ru. ');
INSERT INTO products (id, category_id, name, unit, grm, protein, carbs, dry, sug, fat, alko, rem) VALUES (56, 1, 'Соус Терияки', 'кг', 1000, 0, 0, 0, 0, 0, 0, '1. Данные о содержании пищевых веществ временно отсутствуют. Проверяйте наличие обновлений базы ингредиетов на сайте www.chefexpert.ru. ');
INSERT INTO products (id, category_id, name, unit, grm, protein, carbs, dry, sug, fat, alko, rem) VALUES (57, 1, 'Соус Ткемали', 'кг', 1000, 0, 0, 0, 0, 0, 0, '1. Данные о содержании пищевых веществ временно отсутствуют. Проверяйте наличие обновлений базы ингредиетов на сайте www.chefexpert.ru. ');
INSERT INTO products (id, category_id, name, unit, grm, protein, carbs, dry, sug, fat, alko, rem) VALUES (58, 1, 'Соус томатный острый', 'кг', 1000, 2.5, 21.8, 29.4, 0, 0, 0, 'Данные о пищевой ценности продукта приведены из источников, рекомендованных к применению Федеральной службой по Надзору в сфере защиты прав потребителей и благополучия человека (Роспотребнадзор).

Величина "Углеводы" рассчитана как сумма Крахмала, Моно-дисахаридов, Лактозы и Сахарозы.

Потери моно-дисахаридов и крахмала рассчитаны с учетом процентного содержания моно-дисахаридов и крахмала в продукте.');
INSERT INTO products (id, category_id, name, unit, grm, protein, carbs, dry, sug, fat, alko, rem) VALUES (59, 1, 'Соус Устричный тайский', 'кг', 1000, 0.1, 3, 3.1, 0, 0, 0, '1. Данные о содержании пищевых веществ приведены с маркировочного ярлыка товара. Производитель: Lee Kum Kee (Hong Kong) Foods Ltd. Сухие в-ва рассчитаны как сумма белков, жиров и углеводов.');
INSERT INTO products (id, category_id, name, unit, grm, protein, carbs, dry, sug, fat, alko, rem) VALUES (60, 1, 'Соус Французский', 'кг', 1000, 5.32, 2.69, 66.79, 0, 54.77, 0, 'Данные о содержании пищевых веществ рассчитаны по полуфабрикату "Соус Цезарь п/ф"');
INSERT INTO products (id, category_id, name, unit, grm, protein, carbs, dry, sug, fat, alko, rem) VALUES (61, 1, 'Соус Цезарь', 'кг', 1000, 5.32, 2.69, 66.79, 0, 54.77, 0, 'Данные о содержании пищевых веществ рассчитаны по полуфабрикату "Соус Цезарь п/ф"');
INSERT INTO products (id, category_id, name, unit, grm, protein, carbs, dry, sug, fat, alko, rem) VALUES (62, 1, 'Соус Чили сладкий', 'кг', 1000, 0, 0, 0, 0, 0, 0, '1. Данные о содержании пищевых веществ временно отсутствуют. Проверяйте наличие обновлений базы ингредиетов на сайте www.chefexpert.ru. ');
INSERT INTO products (id, category_id, name, unit, grm, protein, carbs, dry, sug, fat, alko, rem) VALUES (63, 1, 'Специи Апельсиновый перец Santa Maria', 'кг', 1000, 10.2, 28.4, 90.7, 0, 9.4, 0, '1. Содержание пищевых веществ дано как среднее значение пищевых веществ по специям.');
INSERT INTO products (id, category_id, name, unit, grm, protein, carbs, dry, sug, fat, alko, rem) VALUES (64, 1, 'Специи Ароматная смесь чили перцев Santa Maria', 'кг', 1000, 10, 35, 90.5, 0, 6.5, 0, '1. Источник информации о пищевой ценности - маркировочный ярлык товара. Производитель или торговая марка - Santa Maria.

    Сухие вещества даны в - среднем по специям.');
INSERT INTO products (id, category_id, name, unit, grm, protein, carbs, dry, sug, fat, alko, rem) VALUES (65, 1, 'Специи Базилик сушеный', 'кг', 1000, 10.2, 28.4, 90.7, 0, 9.4, 0, '1. Содержание пищевых веществ дано как среднее значение пищевых веществ по специям.');
INSERT INTO products (id, category_id, name, unit, grm, protein, carbs, dry, sug, fat, alko, rem) VALUES (66, 1, 'Специи Барбарис', 'кг', 1000, 10.2, 28.4, 90.7, 0, 9.4, 0, '1. Содержание пищевых веществ дано как среднее значение пищевых веществ по специям.');
INSERT INTO products (id, category_id, name, unit, grm, protein, carbs, dry, sug, fat, alko, rem) VALUES (67, 1, 'Специи Ванилин', 'кг', 1000, 0, 0, 99.9, 0, 0, 0, '');
INSERT INTO products (id, category_id, name, unit, grm, protein, carbs, dry, sug, fat, alko, rem) VALUES (68, 1, 'Специи Вегетта (приправа)', 'кг', 1000, 8.5, 24.5, 90.5, 0, 0.6, 0, '1. Источник информации о пищевой ценности - маркировочный ярлык товара. Производитель или торговая марка - "Podravka", Хорватия.

    Сухие вещества даны в-среднем по специям.');
INSERT INTO products (id, category_id, name, unit, grm, protein, carbs, dry, sug, fat, alko, rem) VALUES (69, 1, 'Специи Гарам Масала (Приправа)', 'кг', 1000, 15.6, 45.2, 89.9, 0, 15.1, 0, '1. Данные о пищевой ценности продукта приведены из источников, рекомендованных к применению Федеральной службой по Надзору в сфере защиты прав потребителей и благополучия человека (Роспотребнадзор).');
INSERT INTO products (id, category_id, name, unit, grm, protein, carbs, dry, sug, fat, alko, rem) VALUES (70, 1, 'Специи Гвоздика', 'кг', 1000, 10.2, 28.4, 90.7, 0, 9.4, 0, '1. Содержание пищевых веществ дано как среднее значение пищевых веществ по специям.');
INSERT INTO products (id, category_id, name, unit, grm, protein, carbs, dry, sug, fat, alko, rem) VALUES (71, 1, 'Специи Дашида (мясная приправа)', 'кг', 1000, 10.2, 28.4, 90.7, 0, 9.4, 0, '1. Содержание пищевых веществ дано как среднее значение пищевых веществ по специям.');
INSERT INTO products (id, category_id, name, unit, grm, protein, carbs, dry, sug, fat, alko, rem) VALUES (72, 1, 'Специи для засолки', 'кг', 1000, 0, 0, 90.5, 0, 0, 0, 'Сухие вещества даны в - среднем по специям.');
INSERT INTO products (id, category_id, name, unit, grm, protein, carbs, dry, sug, fat, alko, rem) VALUES (73, 1, 'Специи Зира', 'кг', 1000, 10.2, 28.4, 90.7, 0, 9.4, 0, '1. Содержание пищевых веществ дано как среднее значение пищевых веществ по специям.');
INSERT INTO products (id, category_id, name, unit, grm, protein, carbs, dry, sug, fat, alko, rem) VALUES (74, 1, 'Специи Кардамон', 'кг', 1000, 10.2, 28.4, 90.7, 0, 9.4, 0, '1. Содержание пищевых веществ дано как среднее значение пищевых веществ по специям.');
INSERT INTO products (id, category_id, name, unit, grm, protein, carbs, dry, sug, fat, alko, rem) VALUES (75, 1, 'Специи Карри (порошок)', 'кг', 1000, 9.5, 26.1, 91.5, 0, 10.8, 0, '1. Данные о пищевой ценности продукта приведены из источников, рекомендованных к применению Федеральной службой по Надзору в сфере защиты прав потребителей и благополучия человека (Роспотребнадзор).');
INSERT INTO products (id, category_id, name, unit, grm, protein, carbs, dry, sug, fat, alko, rem) VALUES (76, 1, 'Специи Копченая Паприка Santa Maria', 'кг', 1000, 10.2, 28.4, 90.7, 0, 9.4, 0, '1. Содержание пищевых веществ дано как среднее значение пищевых веществ по специям.');
INSERT INTO products (id, category_id, name, unit, grm, protein, carbs, dry, sug, fat, alko, rem) VALUES (77, 1, 'Специи Кориандр', 'кг', 1000, 10.2, 28.4, 90.7, 0, 9.4, 0, '1. Содержание пищевых веществ дано как среднее значение пищевых веществ по специям.');
INSERT INTO products (id, category_id, name, unit, grm, protein, carbs, dry, sug, fat, alko, rem) VALUES (78, 1, 'Специи Корица', 'кг', 1000, 3.9, 0, 90.5, 0, 3.2, 0, '1. Данные о пищевой ценности продукта приведены из источников, рекомендованных к применению Федеральной службой по Надзору в сфере защиты прав потребителей и благополучия человека (Роспотребнадзор).');
INSERT INTO products (id, category_id, name, unit, grm, protein, carbs, dry, sug, fat, alko, rem) VALUES (79, 1, 'Специи Куркума', 'кг', 1000, 10.2, 28.4, 90.7, 0, 9.4, 0, '1. Содержание пищевых веществ дано как среднее значение пищевых веществ по специям.');
INSERT INTO products (id, category_id, name, unit, grm, protein, carbs, dry, sug, fat, alko, rem) VALUES (80, 1, 'Специи Лавровый лист', 'кг', 1000, 10.2, 28.4, 90.7, 0, 9.4, 0, '1. Содержание пищевых веществ дано как среднее значение пищевых веществ по специям.');
INSERT INTO products (id, category_id, name, unit, grm, protein, carbs, dry, sug, fat, alko, rem) VALUES (81, 1, 'Специи Лесной сбор Santa Maria', 'кг', 1000, 13, 53, 90.5, 0, 3, 0, '1. Источник информации о пищевой ценности - маркировочный ярлык товара. Производитель или торговая марка - Santa Maria.

    Сухие вещества даны в - среднем по специям.');
INSERT INTO products (id, category_id, name, unit, grm, protein, carbs, dry, sug, fat, alko, rem) VALUES (82, 1, 'Специи Лимонная приправа к рыбе Santa Maria', 'кг', 1000, 9, 50, 90.5, 0, 2.5, 0, '2. Источник информации о пищевой ценности - маркировочный ярлык товара. Производитель или торговая марка -

    Сухие вещества даны в - среднем по специям.');
INSERT INTO products (id, category_id, name, unit, grm, protein, carbs, dry, sug, fat, alko, rem) VALUES (83, 1, 'Специи Мускатный орех', 'кг', 1000, 5.8, 0, 93.8, 0, 36.3, 0, '1. Данные о пищевой ценности продукта приведены из источников, рекомендованных к применению Федеральной службой по Надзору в сфере защиты прав потребителей и благополучия человека (Роспотребнадзор).');
INSERT INTO products (id, category_id, name, unit, grm, protein, carbs, dry, sug, fat, alko, rem) VALUES (84, 1, 'Специи Мята сушеная', 'кг', 1000, 10.2, 28.4, 90.7, 0, 9.4, 0, 'Содержание пищевых веществ дано как среднее значение пищевых веществ по специям.');
INSERT INTO products (id, category_id, name, unit, grm, protein, carbs, dry, sug, fat, alko, rem) VALUES (85, 1, 'Специи Орегано', 'кг', 1000, 10.2, 28.4, 90.7, 0, 9.4, 0, '1. Содержание пищевых веществ дано как среднее значение пищевых веществ по специям.');
INSERT INTO products (id, category_id, name, unit, grm, protein, carbs, dry, sug, fat, alko, rem) VALUES (86, 1, 'Специи Паприка', 'кг', 1000, 14.8, 34.9, 90.5, 0, 13, 0, '1. Данные о пищевой ценности продукта приведены из источников, рекомендованных к применению Федеральной службой по Надзору в сфере защиты прав потребителей и благополучия человека (Роспотребнадзор).');
INSERT INTO products (id, category_id, name, unit, grm, protein, carbs, dry, sug, fat, alko, rem) VALUES (87, 1, 'Специи Паста & Базилико Santa Maria', 'кг', 1000, 10.2, 28.4, 90.7, 0, 9.4, 0, 'Содержание пищевых веществ дано как среднее значение пищевых веществ по специям.');
INSERT INTO products (id, category_id, name, unit, grm, protein, carbs, dry, sug, fat, alko, rem) VALUES (88, 1, 'Специи Перец белый', 'кг', 1000, 10.4, 0, 88.6, 0, 2.1, 0, '1. Данные о пищевой ценности продукта приведены из источников, рекомендованных к применению Федеральной службой по Надзору в сфере защиты прав потребителей и благополучия человека (Роспотребнадзор).');
INSERT INTO products (id, category_id, name, unit, grm, protein, carbs, dry, sug, fat, alko, rem) VALUES (89, 1, 'Специи Перец душистый', 'кг', 1000, 10.2, 28.4, 90.7, 0, 9.4, 0, '1. Содержание пищевых веществ дано как среднее значение пищевых веществ по специям.');
INSERT INTO products (id, category_id, name, unit, grm, protein, carbs, dry, sug, fat, alko, rem) VALUES (90, 1, 'Специи Перец зеленый', 'кг', 1000, 10.2, 28.4, 90.7, 0, 9.4, 0, '1. Содержание пищевых веществ дано как среднее значение пищевых веществ по специям.');
INSERT INTO products (id, category_id, name, unit, grm, protein, carbs, dry, sug, fat, alko, rem) VALUES (91, 1, 'Специи Перец Кайенский', 'кг', 1000, 16, 56, 90.5, 0, 15, 0, '1. Источник информации о пищевой ценности - маркировочный ярлык товара. Производитель или торговая марка - Santa Maria.

    Сухие вещества даны в - среднем по специям.');
INSERT INTO products (id, category_id, name, unit, grm, protein, carbs, dry, sug, fat, alko, rem) VALUES (92, 1, 'Специи Перец Розе', 'кг', 1000, 10.2, 28.4, 90.7, 0, 9.4, 0, '1. Содержание пищевых веществ дано как среднее значение пищевых веществ по специям.');
INSERT INTO products (id, category_id, name, unit, grm, protein, carbs, dry, sug, fat, alko, rem) VALUES (93, 1, 'Специи Перец черный горошком', 'кг', 1000, 10.9, 0, 89.5, 0, 3.3, 0, '1. Данные о пищевой ценности продукта приведены из источников, рекомендованных к применению Федеральной службой по Надзору в сфере защиты прав потребителей и благополучия человека (Роспотребнадзор).');
INSERT INTO products (id, category_id, name, unit, grm, protein, carbs, dry, sug, fat, alko, rem) VALUES (94, 1, 'Специи Перец черный молотый', 'кг', 1000, 10.9, 0, 89.5, 0, 3.3, 0, '1. Данные о пищевой ценности продукта приведены из источников, рекомендованных к применению Федеральной службой по Надзору в сфере защиты прав потребителей и благополучия человека (Роспотребнадзор).');
INSERT INTO products (id, category_id, name, unit, grm, protein, carbs, dry, sug, fat, alko, rem) VALUES (95, 1, 'Специи Перец чили острый', 'кг', 1000, 12.3, 0, 92.2, 0, 16.8, 0, '1. Данные о пищевой ценности продукта приведены из источников, рекомендованных к применению Федеральной службой по Надзору в сфере защиты прав потребителей и благополучия человека (Роспотребнадзор).');
INSERT INTO products (id, category_id, name, unit, grm, protein, carbs, dry, sug, fat, alko, rem) VALUES (96, 1, 'Специи Приправа по-корейски', 'кг', 1000, 0, 0, 90.7, 0, 0, 0, 'Сухие вещества даны в - среднем по специям.');
INSERT INTO products (id, category_id, name, unit, grm, protein, carbs, dry, sug, fat, alko, rem) VALUES (97, 1, 'Специи Приправа Фахита Santa Maria', 'кг', 1000, 10.2, 28.4, 90.7, 0, 9.4, 0, 'Содержание пищевых веществ дано как среднее значение пищевых веществ по специям.');
INSERT INTO products (id, category_id, name, unit, grm, protein, carbs, dry, sug, fat, alko, rem) VALUES (98, 1, 'Специи Прованские травы', 'кг', 1000, 16, 59, 90.5, 0, 5, 0, '1. Источник информации о пищевой ценности - маркировочный ярлык товара. Производитель или торговая марка - Santa Maria.

    Сухие вещества даны в - среднем по специям.');
INSERT INTO products (id, category_id, name, unit, grm, protein, carbs, dry, sug, fat, alko, rem) VALUES (99, 1, 'Специи Пять перцев Santa Maria', 'кг', 1000, 12, 63, 89.5, 0, 2.5, 0, '1. Источник информации о пищевой ценности - маркировочный ярлык товара. Производитель или торговая марка - Santa Maria.

    Сухие вещества даны в среднем по перцу черному.');
INSERT INTO products (id, category_id, name, unit, grm, protein, carbs, dry, sug, fat, alko, rem) VALUES (100, 1, 'Специи Розмарин сушеный', 'кг', 1000, 4.9, 46.4, 90.7, 0, 15.2, 0, '1. Данные о пищевой ценности продукта приведены из источников, рекомендованных к применению Федеральной службой по Надзору в сфере защиты прав потребителей и благополучия человека (Роспотребнадзор).');
INSERT INTO products (id, category_id, name, unit, grm, protein, carbs, dry, sug, fat, alko, rem) VALUES (101, 1, 'Специи смесь для WOK Santa Maria (Смесь специй к куриным wok-блюдам)', 'кг', 1000, 10.2, 28.4, 90.7, 0, 9.4, 0, '1. Содержание пищевых веществ дано как среднее значение пищевых веществ по специям.');
INSERT INTO products (id, category_id, name, unit, grm, protein, carbs, dry, sug, fat, alko, rem) VALUES (102, 1, 'Специи Смесь для гриля Santa Maria', 'кг', 1000, 8, 25, 90.5, 0, 3.1, 0, '1. Источник информации о пищевой ценности - маркировочный ярлык товара. Производитель или торговая марка - Santa Maria.

    Сухие вещества даны в - среднем по специям.');
INSERT INTO products (id, category_id, name, unit, grm, protein, carbs, dry, sug, fat, alko, rem) VALUES (103, 1, 'Специи Смесь для плова', 'кг', 1000, 10.2, 28.4, 90.7, 0, 9.4, 0, 'Содержание пищевых веществ дано как среднее значение пищевых веществ по специям.');
INSERT INTO products (id, category_id, name, unit, grm, protein, carbs, dry, sug, fat, alko, rem) VALUES (104, 1, 'Специи Смесь для шашлыка', 'кг', 1000, 10.2, 28.4, 90.7, 0, 9.4, 0, 'Содержание пищевых веществ дано как среднее значение пищевых веществ по специям.');
INSERT INTO products (id, category_id, name, unit, grm, protein, carbs, dry, sug, fat, alko, rem) VALUES (105, 1, 'Специи Средиземноморские травы', 'кг', 1000, 13, 58, 90.5, 0, 7, 0, '1. Источник информации о пищевой ценности - маркировочный ярлык товара. Производитель или торговая марка - Santa Maria.

    Сухие вещества даны в - среднем по специям.');
INSERT INTO products (id, category_id, name, unit, grm, protein, carbs, dry, sug, fat, alko, rem) VALUES (106, 1, 'Специи Сумах', 'кг', 1000, 10.2, 28.4, 90.7, 0, 9.4, 0, '1. Содержание пищевых веществ дано как среднее значение пищевых веществ по специям.');
INSERT INTO products (id, category_id, name, unit, grm, protein, carbs, dry, sug, fat, alko, rem) VALUES (107, 1, 'Специи Тom Kha Santa Maria', 'кг', 1000, 10.2, 28.4, 90.7, 0, 9.4, 0, '1. Содержание пищевых веществ дано как среднее значение пищевых веществ по специям.');
INSERT INTO products (id, category_id, name, unit, grm, protein, carbs, dry, sug, fat, alko, rem) VALUES (108, 1, 'Специи Тимьян сушеный', 'кг', 1000, 9.1, 45.3, 92.2, 0, 7.4, 0, '1. Данные о пищевой ценности продукта приведены из источников, рекомендованных к применению Федеральной службой по Надзору в сфере защиты прав потребителей и благополучия человека (Роспотребнадзор).');
INSERT INTO products (id, category_id, name, unit, grm, protein, carbs, dry, sug, fat, alko, rem) VALUES (109, 1, 'Специи Тмин', 'кг', 1000, 19, 40, 90.5, 0, 23, 0, '1. Источник информации о пищевой ценности - маркировочный ярлык товара. Производитель или торговая марка - Santa Maria.

    Сухие вещества даны в - среднем по специям.');
INSERT INTO products (id, category_id, name, unit, grm, protein, carbs, dry, sug, fat, alko, rem) VALUES (110, 1, 'Специи Укроп сушеный', 'кг', 1000, 10.2, 28.4, 90.7, 0, 9.4, 0, 'Содержание пищевых веществ дано как среднее значение пищевых веществ по специям.');
INSERT INTO products (id, category_id, name, unit, grm, protein, carbs, dry, sug, fat, alko, rem) VALUES (111, 1, 'Специи Усянь Мянь (Смесь)', 'кг', 1000, 10.2, 28.4, 90.7, 0, 9.4, 0, '1. Содержание пищевых веществ дано как среднее значение пищевых веществ по специям.');
INSERT INTO products (id, category_id, name, unit, grm, protein, carbs, dry, sug, fat, alko, rem) VALUES (112, 1, 'Специи Фенхель семена', 'кг', 1000, 10.2, 28.4, 90.7, 0, 9.4, 0, 'Содержание пищевых веществ дано как среднее значение пищевых веществ по специям.');
INSERT INTO products (id, category_id, name, unit, grm, protein, carbs, dry, sug, fat, alko, rem) VALUES (113, 1, 'Специи Хмели - сунели', 'кг', 1000, 10.2, 28.4, 90.7, 0, 9.4, 0, 'Содержание пищевых веществ дано как среднее значение пищевых веществ по специям.');
INSERT INTO products (id, category_id, name, unit, grm, protein, carbs, dry, sug, fat, alko, rem) VALUES (114, 1, 'Специи Шалфей сушеный', 'кг', 1000, 10.6, 42.7, 92, 0, 12.7, 0, '1. Данные о пищевой ценности продукта приведены из источников, рекомендованных к применению Федеральной службой по Надзору в сфере защиты прав потребителей и благополучия человека (Роспотребнадзор).');
INSERT INTO products (id, category_id, name, unit, grm, protein, carbs, dry, sug, fat, alko, rem) VALUES (115, 1, 'Специи Эстрагон (Тархун) сушеный', 'кг', 1000, 10.2, 28.4, 90.7, 0, 9.4, 0, '1. Содержание пищевых веществ дано как среднее значение пищевых веществ по специям.');
INSERT INTO products (id, category_id, name, unit, grm, protein, carbs, dry, sug, fat, alko, rem) VALUES (116, 1, 'Специи Ягоды можжевельника', 'кг', 1000, 10.2, 28.4, 90.7, 0, 9.4, 0, '1. Содержание пищевых веществ дано как среднее значение пищевых веществ по специям.');
INSERT INTO products (id, category_id, name, unit, grm, protein, carbs, dry, sug, fat, alko, rem) VALUES (117, 1, 'Топпинг (сироп) ванильный', 'кг', 1000, 2.8, 64.2, 71.8, 0, 1.3, 0, '1. Источник информации о пищевой ценности - маркировочный ярлык товара. Производитель или торговая марка - Select HORECA. ("Дрейдоппель" гмбх, Германия).

    Сухие вещества расчитаны как сумма белков, жиров и углеводов + 3,5.');
INSERT INTO products (id, category_id, name, unit, grm, protein, carbs, dry, sug, fat, alko, rem) VALUES (118, 1, 'Топпинг (сироп) карамельный', 'кг', 1000, 1.3, 72.4, 77.7, 0, 0.5, 0, 'Источник информации о пищевой ценности - маркировочный ярлык товара. Производитель или торговая марка - Select HORECA. ("Дрейдоппель" гмбх, Германия).

    Сухие вещества расчитаны как сумма белков, жиров и углеводов + 3,5.');
INSERT INTO products (id, category_id, name, unit, grm, protein, carbs, dry, sug, fat, alko, rem) VALUES (119, 1, 'Топпинг (сироп) клубничный', 'кг', 1000, 0, 65, 68.5, 0, 0, 0, '1. Источник информации о пищевой ценности - маркировочный ярлык товара. Производитель или торговая марка - Dolce Rosa.

    Сухие вещества расчитаны как сумма белков, жиров и углеводов + 3,5.');
INSERT INTO products (id, category_id, name, unit, grm, protein, carbs, dry, sug, fat, alko, rem) VALUES (120, 1, 'Топпинг (сироп) кофейный', 'кг', 1000, 0.3, 66.4, 72.2, 0, 2, 0, 'Источник информации о пищевой ценности - маркировочный ярлык товара. Производитель или торговая марка - Select HORECA. ("Дрейдоппель" гмбх, Германия).

Сухие вещества расчитаны как сумма белков, жиров и углеводов + 3,5.');
INSERT INTO products (id, category_id, name, unit, grm, protein, carbs, dry, sug, fat, alko, rem) VALUES (121, 1, 'Топпинг (сироп) лесные ягоды', 'кг', 1000, 0.2, 60.1, 63.9, 0, 0.1, 0, '1. Источник информации о пищевой ценности - маркировочный ярлык товара. Производитель или торговая марка - Dolce Rosa.

    Сухие вещества расчитаны как сумма белков, жиров и углеводов + 3,5.');
INSERT INTO products (id, category_id, name, unit, grm, protein, carbs, dry, sug, fat, alko, rem) VALUES (122, 1, 'Топпинг (сироп) персиковый', 'кг', 1000, 0, 65, 68.5, 0, 0, 0, 'Данные о содержании пищевых веществ приведены по товару "Топпинг (сироп) клубничный.');
INSERT INTO products (id, category_id, name, unit, grm, protein, carbs, dry, sug, fat, alko, rem) VALUES (123, 1, 'Топпинг (сироп) шоколадный', 'кг', 1000, 3.5, 63.3, 72.4, 0, 2.1, 0, '1. Источник информации о пищевой ценности - маркировочный ярлык товара. Производитель или торговая марка - Select HORECA. ("Дрейдоппель" гмбх, Германия).

    Сухие вещества расчитаны как сумма белков, жиров и углеводов + 3,5.');
INSERT INTO products (id, category_id, name, unit, grm, protein, carbs, dry, sug, fat, alko, rem) VALUES (124, 1, 'Украшения сахарные', 'кг', 1000, 0, 96, 97.5, 96, 1, 0, '1. Источник информации о пищевой ценности - маркировочный ярлык товара. Производитель или торговая марка - Dulcistar s.r.l.

    Сухие вещества расчитаны как сумма белков, жиров и углеводов + 0,5.');
INSERT INTO products (id, category_id, name, unit, grm, protein, carbs, dry, sug, fat, alko, rem) VALUES (125, 1, 'Уксус 3%', 'кг', 1000, 0, 0, 3, 0, 0, 0, 'Данные о пищевой ценности продукта приведены из источников, рекомендованных к применению Федеральной службой по Надзору в сфере защиты прав потребителей и благополучия человека (Роспотребнадзор).');
INSERT INTO products (id, category_id, name, unit, grm, protein, carbs, dry, sug, fat, alko, rem) VALUES (126, 1, 'Уксус 9%', 'кг', 1000, 0, 0, 9, 0, 0, 0, '');
INSERT INTO products (id, category_id, name, unit, grm, protein, carbs, dry, sug, fat, alko, rem) VALUES (127, 1, 'Уксус бальзамический белый', 'кг', 1000, 0.5, 20.9, 23.4, 0, 0, 0, '1. Данные о содержании пищевых веществ приведены по ингредиенту "Уксус бальзамический темный". Следите за обновлениями базы ингредиентов на сайте chefexpert.ru.');
INSERT INTO products (id, category_id, name, unit, grm, protein, carbs, dry, sug, fat, alko, rem) VALUES (128, 1, 'Уксус бальзамический темный', 'кг', 1000, 0.5, 20.9, 23.4, 0, 0, 0, '1. Данные по технологическим потерям даны на основании средних данных контрольных проработок, проводимых на территории России.

2. Источник информации о пищевой ценности - маркировочный ярлык товара.

    Сухие вещества расчитаны как сумма белков, жиров и углеводов + 2.');
INSERT INTO treatments (name, cold, hot, fin, protein, fat, carbs, product_id) VALUES ('Без обработки', 0, 0, 0, 0, 0, 0, 128);
INSERT INTO treatments (name, cold, hot, fin, protein, fat, carbs, product_id) VALUES ('Выпаривание для декорирования', 0, 74.6, 0, 2, 2, 2, 128);
INSERT INTO products (id, category_id, name, unit, grm, protein, carbs, dry, sug, fat, alko, rem) VALUES (129, 1, 'Уксусная эссенция 70%', 'кг', 1000, 0, 0, 70, 0, 0, 0, '');
INSERT INTO products (id, category_id, name, unit, grm, protein, carbs, dry, sug, fat, alko, rem) VALUES (130, 1, 'Улучшитель для дрожжевого теста', 'кг', 1000, 4.4, 32, 48.9, 0, 5.5, 0, 'Сухие в-ва расчитаны как сумма белков, жиров и углеводов +7 (Клетчатка)');
INSERT INTO products (id, category_id, name, unit, grm, protein, carbs, dry, sug, fat, alko, rem) VALUES (131, 1, 'Хрен готовый со сливками', 'кг', 1000, 3.3, 9, 42, 0, 26.2, 0, '1. Источник информации о пищевой ценности - маркировочный ярлык товара. Производитель или торговая марка - Hengstenberg.

    Сухие вещества расчитаны как сумма белков, жиров и углеводов + 3,5.');
INSERT INTO products (id, category_id, name, unit, grm, protein, carbs, dry, sug, fat, alko, rem) VALUES (132, 1, 'Чай черный байховый', 'кг', 1000, 20, 4, 91.5, 0, 5.1, 0, 'Данные о пищевой ценности продукта приведены из источников, рекомендованных к применению Федеральной службой по Надзору в сфере защиты прав потребителей и благополучия человека (Роспотребнадзор).

Величина "Углеводы" рассчитана как сумма Крахмала, Моно-дисахаридов, Лактозы и Сахарозы.');
INSERT INTO products (id, category_id, name, unit, grm, protein, carbs, dry, sug, fat, alko, rem) VALUES (133, 1, 'Экстракт жидкого дыма', 'кг', 1000, 0, 0, 3, 0, 0, 0, '');
INSERT INTO categories (id, name) VALUES ('2', 'Жиры, масла, майонезы');
INSERT INTO products (id, category_id, name, unit, grm, protein, carbs, dry, sug, fat, alko, rem) VALUES (134, 2, 'Жир говяжий', 'кг', 1000, 0, 0, 99.7, 0, 99.7, 0, 'Данные о пищевой ценности продукта приведены из источников, рекомендованных к применению Федеральной службой по Надзору в сфере защиты прав потребителей и благополучия человека (Роспотребнадзор).');
INSERT INTO products (id, category_id, name, unit, grm, protein, carbs, dry, sug, fat, alko, rem) VALUES (135, 2, 'Жир гусиный', 'кг', 1000, 0, 0, 99.8, 0, 99.7, 0, 'Данные о пищевой ценности продукта приведены из источников, рекомендованных к применению Федеральной службой по Надзору в сфере защиты прав потребителей и благополучия человека (Роспотребнадзор).');
INSERT INTO products (id, category_id, name, unit, grm, protein, carbs, dry, sug, fat, alko, rem) VALUES (136, 2, 'Жир свиной', 'кг', 1000, 0, 0, 99.68, 0, 99.7, 0, 'Данные о пищевой ценности продукта приведены из источников, рекомендованных к применению Федеральной службой по Надзору в сфере защиты прав потребителей и благополучия человека (Роспотребнадзор).');
INSERT INTO products (id, category_id, name, unit, grm, protein, carbs, dry, sug, fat, alko, rem) VALUES (137, 2, 'Майонез высокой жирности', 'кг', 1000, 1.2, 1.4, 83.1, 0, 78, 0, '1. Источник информации о пищевой ценности - маркировочный ярлык товара. Производитель или торговая марка - HELLMANNS.

    Сухие вещества расчитаны как сумма белков, жиров и углеводов + 2,5.');
INSERT INTO products (id, category_id, name, unit, grm, protein, carbs, dry, sug, fat, alko, rem) VALUES (138, 2, 'Майонез Провансаль', 'кг', 1000, 2.8, 2.7, 75, 0, 67, 0, 'Данные о пищевой ценности продукта приведены из источников, рекомендованных к применению Федеральной службой по Надзору в сфере защиты прав потребителей и благополучия человека (Роспотребнадзор).

Величина "Углеводы" рассчитана как сумма Крахмала, Моно-дисахаридов, Лактозы и Сахарозы.');
INSERT INTO treatments (name, cold, hot, fin, protein, fat, carbs, product_id) VALUES ('Запекание', 0, 35, 0, 5, 5, 5, 138);
INSERT INTO products (id, category_id, name, unit, grm, protein, carbs, dry, sug, fat, alko, rem) VALUES (139, 2, 'Маргарин жидкий Rama Comby Profi', 'кг', 1000, 0, 0.5, 41.9, 0, 38.4, 0, '1. Источник информации о пищевой ценности - маркировочный ярлык товара. Производитель или торговая марка - Rama.

    Сухие вещества расчитаны как сумма белков, жиров и углеводов + 3.');
INSERT INTO products (id, category_id, name, unit, grm, protein, carbs, dry, sug, fat, alko, rem) VALUES (140, 2, 'Маргарин сливочный', 'кг', 1000, 0.3, 1, 84.1, 0, 82, 0, 'Данные о пищевой ценности продукта приведены из источников, рекомендованных к применению Федеральной службой по Надзору в сфере защиты прав потребителей и благополучия человека (Роспотребнадзор).

Величина "Углеводы" рассчитана как сумма Крахмала, Моно-дисахаридов, Лактозы и Сахарозы.');
INSERT INTO products (id, category_id, name, unit, grm, protein, carbs, dry, sug, fat, alko, rem) VALUES (141, 2, 'Масло арахисовое нерафинированное', 'кг', 1000, 0, 0, 99.1, 0, 92, 0, '');
INSERT INTO products (id, category_id, name, unit, grm, protein, carbs, dry, sug, fat, alko, rem) VALUES (142, 2, 'Масло грецкого ореха нерафинированное', 'кг', 1000, 0, 0, 99.1, 0, 92, 0, '');
INSERT INTO products (id, category_id, name, unit, grm, protein, carbs, dry, sug, fat, alko, rem) VALUES (143, 2, 'Масло кунжутное нерафинированное', 'кг', 1000, 0, 0, 99.1, 0, 92, 0, '');
INSERT INTO products (id, category_id, name, unit, grm, protein, carbs, dry, sug, fat, alko, rem) VALUES (144, 2, 'Масло оливковое Extra Virgin', 'кг', 1000, 0, 0, 99.1, 0, 92, 0, '');
INSERT INTO products (id, category_id, name, unit, grm, protein, carbs, dry, sug, fat, alko, rem) VALUES (145, 2, 'Масло оливковое рафинированное', 'кг', 1000, 0, 0, 99.8, 0, 99.9, 0, 'Данные о пищевой ценности продукта приведены из источников, рекомендованных к применению Федеральной службой по Надзору в сфере защиты прав потребителей и благополучия человека (Роспотребнадзор).');
INSERT INTO products (id, category_id, name, unit, grm, protein, carbs, dry, sug, fat, alko, rem) VALUES (146, 2, 'Масло оливковое с ароматом трюфеля', 'кг', 1000, 0, 0, 99.1, 0, 92, 0, '');
INSERT INTO products (id, category_id, name, unit, grm, protein, carbs, dry, sug, fat, alko, rem) VALUES (147, 2, 'Масло подсолнечное нерафинированное', 'кг', 1000, 0, 0, 99.1, 0, 92, 0, '');
INSERT INTO products (id, category_id, name, unit, grm, protein, carbs, dry, sug, fat, alko, rem) VALUES (148, 2, 'Масло подсолнечное рафинированное', 'кг', 1000, 0, 0, 99.9, 0, 99.9, 0, 'Данные о пищевой ценности продукта приведены из источников, рекомендованных к применению Федеральной службой по Надзору в сфере защиты прав потребителей и благополучия человека (Роспотребнадзор).');
INSERT INTO products (id, category_id, name, unit, grm, protein, carbs, dry, sug, fat, alko, rem) VALUES (149, 2, 'Масло сливочное несоленое', 'кг', 1000, 0.5, 0.8, 84, 0, 82.5, 0, 'Данные о пищевой ценности продукта приведены из источников, рекомендованных к применению Федеральной службой по Надзору в сфере защиты прав потребителей и благополучия человека (Роспотребнадзор).

Величина "Углеводы" рассчитана как сумма Крахмала, Моно-дисахаридов, Лактозы и Сахарозы.');
INSERT INTO products (id, category_id, name, unit, grm, protein, carbs, dry, sug, fat, alko, rem) VALUES (150, 2, 'Масло топленое', 'кг', 1000, 0.3, 0.6, 99, 0, 98, 0, 'Данные о пищевой ценности продукта приведены из источников, рекомендованных к применению Федеральной службой по Надзору в сфере защиты прав потребителей и благополучия человека (Роспотребнадзор).

Величина "Углеводы" рассчитана как сумма Крахмала, Моно-дисахаридов, Лактозы и Сахарозы.');
INSERT INTO categories (id, name) VALUES ('3', 'Колбасные изделия,  копченые, сыровяленные изделия');
INSERT INTO products (id, category_id, name, unit, grm, protein, carbs, dry, sug, fat, alko, rem) VALUES (151, 3, 'Бастурма в специях', 'кг', 1000, 20, 3, 31, 0, 6, 0, '1. Данные по технологическим потерям даны на основании средних данных контрольных проработок, проводимых на территории России.

2. Данные о содержании пищевых веществ приведены по ингредиенту "Говядина сыровяленная".');
INSERT INTO treatments (name, cold, hot, fin, protein, fat, carbs, product_id) VALUES ('Холодная обработка', 4, 0, 0, 0, 0, 0, 151);
INSERT INTO products (id, category_id, name, unit, grm, protein, carbs, dry, sug, fat, alko, rem) VALUES (152, 3, 'Бекон с прослойками жира', 'кг', 1000, 15.8, 0, 42.7, 0, 23.6, 0, '1. Данные о пищевой ценности продукта приведены из источников, рекомендованных к применению Федеральной службой по Надзору в сфере защиты прав потребителей и благополучия человека (Роспотребнадзор).

2. Данные по технологическим потерям (строка 1, 3) даны на основании средних данных контрольных проработок, проводимых на территории России. Проработка (Жарка) проводилась для быстрой обжарки бекона, нарезанного кубиком. Жарка фри осуществлялась нарезанного бекона на слайсере, толщиной 2-3 мм, готовый бекон имеет хрустящую консистенцию.');
INSERT INTO treatments (name, cold, hot, fin, protein, fat, carbs, product_id) VALUES ('Жарка', 4, 32, 0, 10, 30, 0, 152);
INSERT INTO treatments (name, cold, hot, fin, protein, fat, carbs, product_id) VALUES ('Без тепловой обработки', 4, 0, 0, 0, 0, 0, 152);
INSERT INTO treatments (name, cold, hot, fin, protein, fat, carbs, product_id) VALUES ('Жарка фри тонкими ломтиками', 4, 60, 0, 10, 30, 0, 152);
INSERT INTO products (id, category_id, name, unit, grm, protein, carbs, dry, sug, fat, alko, rem) VALUES (153, 3, 'Ветчина особая', 'кг', 1000, 17.6, 0, 27.2, 0, 6.2, 0, 'Данные о пищевой ценности продукта приведены из источников, рекомендованных к применению Федеральной службой по Надзору в сфере защиты прав потребителей и благополучия человека (Роспотребнадзор).

Величина "Углеводы" рассчитана как сумма Крахмала, Моно-дисахаридов, Лактозы и Сахарозы.

Потери моно-дисахаридов и крахмала рассчитаны с учетом процентного содержания моно-дисахаридов и крахмала в продукте.');
INSERT INTO treatments (name, cold, hot, fin, protein, fat, carbs, product_id) VALUES ('Жарка', 3, 10, 0, 10, 30, 0, 153);
INSERT INTO treatments (name, cold, hot, fin, protein, fat, carbs, product_id) VALUES ('Холодная обработка', 3, 0, 0, 0, 0, 0, 153);
INSERT INTO products (id, category_id, name, unit, grm, protein, carbs, dry, sug, fat, alko, rem) VALUES (154, 3, 'Ветчина Пармская безкостная', 'кг', 1000, 14.3, 0, 43, 0, 25.6, 0, '1. Данные по технологическим потерям даны на основании средних данных контрольных проработок, проводимых на территории России. Даны потери на срезание шкуры и удаление части подкожного жира. Толщина подкожного жира, оставляемого на продукте - 0,5 см. Для контрольной проработки использована Прошутто ди Парма итальянского производства, нарезанная кусками по 1-1,3 кг в вакуумной упаковке.

2. Данные о содержании пищевых веществ приведены по ингредиенту "Окорок Тамбовский вареный". Следите за обновлениями базы ингредиентов на сайте chefexpert.ru.');
INSERT INTO treatments (name, cold, hot, fin, protein, fat, carbs, product_id) VALUES ('Удаление шкуры и жира', 22, 0, 0, 0, 0, 0, 154);
INSERT INTO treatments (name, cold, hot, fin, protein, fat, carbs, product_id) VALUES ('Жарка', 22, 32, 0, 10, 30, 0, 154);
INSERT INTO products (id, category_id, name, unit, grm, protein, carbs, dry, sug, fat, alko, rem) VALUES (155, 3, 'Говядина Брезаола (сыровяленная)', 'кг', 1000, 20, 3, 31, 0, 6, 0, '1. Данные о содержании пищевых веществ приведены по ингредиенту "Говядина сыровяленная".');
INSERT INTO treatments (name, cold, hot, fin, protein, fat, carbs, product_id) VALUES ('Холодная обработка', 2, 0, 0, 0, 0, 0, 155);
INSERT INTO products (id, category_id, name, unit, grm, protein, carbs, dry, sug, fat, alko, rem) VALUES (156, 3, 'Говядина сыровяленная', 'кг', 1000, 20, 3, 31, 0, 6, 0, '1. Данные по технологическим потерям даны на основании средних данных контрольных проработок, проводимых на территории России.

2. Источник информации о пищевой ценности - маркировочный ярлык товара. Производитель или торговая марка - Тавр.

    Сухие вещества расчитаны как сумма белков, жиров и углеводов + 2.');
INSERT INTO treatments (name, cold, hot, fin, protein, fat, carbs, product_id) VALUES ('Холодная обработка', 2, 0, 0, 0, 0, 0, 156);
INSERT INTO products (id, category_id, name, unit, grm, protein, carbs, dry, sug, fat, alko, rem) VALUES (157, 3, 'Грудинка свиная копчено-запеченная', 'кг', 1000, 10, 0, 66.2, 0, 52.7, 0, '1. Данные о пищевой ценности продукта приведены из источников, рекомендованных к применению Федеральной службой по Надзору в сфере защиты прав потребителей и благополучия человека (Роспотребнадзор).

2. Данные по технологическим потерям (строка 1, 3) даны на основании средних данных контрольных проработок, проводимых на территории России. Проработка (Жарка) проводилась для быстрой обжарки грудинки, нарезанной кубиком. Жарка фри осуществлялась нарезанной грудинки на слайсере, толщиной 2-3 мм, готовая грудинка имеет хрустящую консистенцию.');
INSERT INTO treatments (name, cold, hot, fin, protein, fat, carbs, product_id) VALUES ('Жарка (Контрольная проработка)', 4, 32, 0, 10, 30, 0, 157);
INSERT INTO treatments (name, cold, hot, fin, protein, fat, carbs, product_id) VALUES ('Без тепловой обработки', 4, 0, 0, 0, 0, 0, 157);
INSERT INTO treatments (name, cold, hot, fin, protein, fat, carbs, product_id) VALUES ('Жарка Фри тонкими ломтиками', 4, 60, 0, 10, 30, 0, 157);
INSERT INTO products (id, category_id, name, unit, grm, protein, carbs, dry, sug, fat, alko, rem) VALUES (158, 3, 'Карбонат копченый (корейка сырокопченая)', 'кг', 1000, 10.5, 0, 62.6, 0, 47.4, 0, 'Данные о пищевой ценности продукта приведены из источников, рекомендованных к применению Федеральной службой по Надзору в сфере защиты прав потребителей и благополучия человека (Роспотребнадзор).');
INSERT INTO treatments (name, cold, hot, fin, protein, fat, carbs, product_id) VALUES ('Холодная обработка', 1.5, 0, 0, 0, 0, 0, 158);
INSERT INTO products (id, category_id, name, unit, grm, protein, carbs, dry, sug, fat, alko, rem) VALUES (159, 3, 'Колбаса Вареная Говяжья', 'кг', 1000, 15, 0, 30, 0, 11.7, 0, 'Данные о пищевой ценности продукта приведены из источников, рекомендованных к применению Федеральной службой по Надзору в сфере защиты прав потребителей и благополучия человека (Роспотребнадзор).');
INSERT INTO treatments (name, cold, hot, fin, protein, fat, carbs, product_id) VALUES ('Варка', 3, 0, 0, 10, 25, 0, 159);
INSERT INTO treatments (name, cold, hot, fin, protein, fat, carbs, product_id) VALUES ('Жарка', 3, 10, 0, 10, 30, 0, 159);
INSERT INTO treatments (name, cold, hot, fin, protein, fat, carbs, product_id) VALUES ('Холодная обработка', 3, 0, 0, 0, 0, 0, 159);
INSERT INTO products (id, category_id, name, unit, grm, protein, carbs, dry, sug, fat, alko, rem) VALUES (160, 3, 'Колбаса Вареная Докторская', 'кг', 1000, 12.8, 1.5, 39.2, 0, 22.2, 0, 'Данные о пищевой ценности продукта приведены из источников, рекомендованных к применению Федеральной службой по Надзору в сфере защиты прав потребителей и благополучия человека (Роспотребнадзор).

Величина "Углеводы" рассчитана как сумма Крахмала, Моно-дисахаридов, Лактозы и Сахарозы.');
INSERT INTO treatments (name, cold, hot, fin, protein, fat, carbs, product_id) VALUES ('Варка', 3, 0, 0, 10, 25, 0, 160);
INSERT INTO treatments (name, cold, hot, fin, protein, fat, carbs, product_id) VALUES ('Жарка', 3, 10, 0, 10, 30, 0, 160);
INSERT INTO treatments (name, cold, hot, fin, protein, fat, carbs, product_id) VALUES ('Холодная обработка', 3, 0, 0, 0, 0, 0, 160);
INSERT INTO products (id, category_id, name, unit, grm, protein, carbs, dry, sug, fat, alko, rem) VALUES (161, 3, 'Колбаса Вареная Молочная', 'кг', 1000, 11.7, 0, 37.2, 0, 22.8, 0, 'Данные о пищевой ценности продукта приведены из источников, рекомендованных к применению Федеральной службой по Надзору в сфере защиты прав потребителей и благополучия человека (Роспотребнадзор).');
INSERT INTO treatments (name, cold, hot, fin, protein, fat, carbs, product_id) VALUES ('Варка', 3, 0, 0, 10, 25, 0, 161);
INSERT INTO treatments (name, cold, hot, fin, protein, fat, carbs, product_id) VALUES ('Жарка', 3, 10, 0, 10, 30, 0, 161);
INSERT INTO treatments (name, cold, hot, fin, protein, fat, carbs, product_id) VALUES ('Холодная обработка', 3, 0, 0, 0, 0, 0, 161);
INSERT INTO products (id, category_id, name, unit, grm, protein, carbs, dry, sug, fat, alko, rem) VALUES (162, 3, 'Колбаса Варено-копченая Сервелат', 'кг', 1000, 16.1, 0, 61, 0, 40.1, 0, 'Данные о пищевой ценности продукта приведены из источников, рекомендованных к применению Федеральной службой по Надзору в сфере защиты прав потребителей и благополучия человека (Роспотребнадзор).');
INSERT INTO treatments (name, cold, hot, fin, protein, fat, carbs, product_id) VALUES ('Холодная обработка', 2, 0, 0, 0, 0, 0, 162);
INSERT INTO products (id, category_id, name, unit, grm, protein, carbs, dry, sug, fat, alko, rem) VALUES (163, 3, 'Колбаса Полукопченая Краковская', 'кг', 1000, 16.2, 0, 65.4, 0, 44.6, 0, 'Данные о пищевой ценности продукта приведены из источников, рекомендованных к применению Федеральной службой по Надзору в сфере защиты прав потребителей и благополучия человека (Роспотребнадзор).');
INSERT INTO treatments (name, cold, hot, fin, protein, fat, carbs, product_id) VALUES ('Холодная обработка', 2, 0, 0, 0, 0, 0, 163);
INSERT INTO products (id, category_id, name, unit, grm, protein, carbs, dry, sug, fat, alko, rem) VALUES (164, 3, 'Колбаса Полукопченая Охотничьи колбаски', 'кг', 1000, 25.7, 0, 70, 0, 40, 0, '1. Данные о пищевой ценности продукта приведены из источников, рекомендованных к применению Федеральной службой по Надзору в сфере защиты прав потребителей и благополучия человека (Роспотребнадзор).

2. Данные по технологическим потерям для жарки даны на основании средних данных контрольных проработок, проводимых на территории России.');
INSERT INTO treatments (name, cold, hot, fin, protein, fat, carbs, product_id) VALUES ('Жарка', 3, 8.6, 0, 10, 30, 0, 164);
INSERT INTO treatments (name, cold, hot, fin, protein, fat, carbs, product_id) VALUES ('Холодная обработка', 3, 0, 0, 0, 0, 0, 164);
INSERT INTO products (id, category_id, name, unit, grm, protein, carbs, dry, sug, fat, alko, rem) VALUES (165, 3, 'Колбаса Салями', 'кг', 1000, 20.9, 0.5, 66.3, 0, 39.2, 0, '1. Данные о пищевой ценности продукта приведены из источников, рекомендованных к применению Федеральной службой по Надзору в сфере защиты прав потребителей и благополучия человека (Роспотребнадзор).');
INSERT INTO treatments (name, cold, hot, fin, protein, fat, carbs, product_id) VALUES ('Холодная обработка', 2, 0, 0, 0, 0, 0, 165);
INSERT INTO products (id, category_id, name, unit, grm, protein, carbs, dry, sug, fat, alko, rem) VALUES (166, 3, 'Колбаса Салями Милано', 'кг', 1000, 20.9, 0.5, 66.3, 0, 39.2, 0, '1. Данные о содержании пищевых веществ приведены по ингредиенту "Колбаса Салями".

2. Данные по технологическим потерям даны на основании средних данных контрольных проработок, проводимых на территории России. ');
INSERT INTO treatments (name, cold, hot, fin, protein, fat, carbs, product_id) VALUES ('Холодная обработка', 3, 0, 0, 0, 0, 0, 166);
INSERT INTO products (id, category_id, name, unit, grm, protein, carbs, dry, sug, fat, alko, rem) VALUES (167, 3, 'Колбаса Сырокопченая Московская', 'кг', 1000, 24.8, 0, 72.4, 0, 41.5, 0, 'Данные о пищевой ценности продукта приведены из источников, рекомендованных к применению Федеральной службой по Надзору в сфере защиты прав потребителей и благополучия человека (Роспотребнадзор).');
INSERT INTO treatments (name, cold, hot, fin, protein, fat, carbs, product_id) VALUES ('Холодная обработка', 2, 0, 0, 0, 0, 0, 167);
INSERT INTO products (id, category_id, name, unit, grm, protein, carbs, dry, sug, fat, alko, rem) VALUES (168, 3, 'Колбаса Сырокопченая Сервелат', 'кг', 1000, 24, 0, 70.7, 0, 40.5, 0, 'Данные о пищевой ценности продукта приведены из источников, рекомендованных к применению Федеральной службой по Надзору в сфере защиты прав потребителей и благополучия человека (Роспотребнадзор).');
INSERT INTO treatments (name, cold, hot, fin, protein, fat, carbs, product_id) VALUES ('Холодная обработка', 2, 0, 0, 0, 0, 0, 168);
INSERT INTO products (id, category_id, name, unit, grm, protein, carbs, dry, sug, fat, alko, rem) VALUES (169, 3, 'Колбаска белая н/о Улитка', 'кг', 1000, 9, 0, 44, 0, 35, 0, 'Масса брутто 1шт = 100 грамм.');
INSERT INTO products (id, category_id, name, unit, grm, protein, carbs, dry, sug, fat, alko, rem) VALUES (170, 3, 'Коппа (Сыровяленная свиная шейка)', 'кг', 1000, 8.9, 0, 77, 0, 63.3, 0, '1. Данные по технологическим потерям даны на основании средних данных контрольных проработок, проводимых на территории России.

2. Данные о содержании пищевых веществ приведены по ингредиенту "Грудинка сырокопченая".');
INSERT INTO treatments (name, cold, hot, fin, protein, fat, carbs, product_id) VALUES ('Холодная обработка', 3, 0, 0, 0, 0, 0, 170);
INSERT INTO products (id, category_id, name, unit, grm, protein, carbs, dry, sug, fat, alko, rem) VALUES (171, 3, 'Корейка свиная копчено-запеченная без кости ', 'кг', 1000, 10.2, 0, 62.3, 0, 48.2, 0, '1. Данные о пищевой ценности продукта приведены из источников, рекомендованных к применению Федеральной службой по Надзору в сфере защиты прав потребителей и благополучия человека (Роспотребнадзор).

2. Данные по технологическим потерям (строка 1, 3) даны на основании средних данных контрольных проработок, проводимых на территории России. Проработка (Жарка) проводилась для быстрой обжарки корейки, нарезанной кубиком. Жарка фри осуществлялась нарезанной корейки на слайсере, толщиной 2-3 мм, готовая корейка имеет хрустящую консистенцию.');
INSERT INTO treatments (name, cold, hot, fin, protein, fat, carbs, product_id) VALUES ('Жарка (Контрольная проработка)', 4, 34, 0, 10, 30, 0, 171);
INSERT INTO treatments (name, cold, hot, fin, protein, fat, carbs, product_id) VALUES ('Без тепловой обработки', 4, 0, 0, 0, 0, 0, 171);
INSERT INTO treatments (name, cold, hot, fin, protein, fat, carbs, product_id) VALUES ('Жарка Фри (ломтиками)', 0, 62, 0, 10, 30, 0, 171);
INSERT INTO products (id, category_id, name, unit, grm, protein, carbs, dry, sug, fat, alko, rem) VALUES (172, 3, 'Куриная грудка копченая без кости', 'кг', 1000, 29.52, 0.56, 33.77, 0, 1.85, 0, '1. Данные о содержании пищевых в-в приведены по Жареной куриной грудке.

2. Данные по технологическим потерям приведены на основании данных контрольных проработок.');
INSERT INTO treatments (name, cold, hot, fin, protein, fat, carbs, product_id) VALUES ('Холодная обработка', 6, 0, 0, 0, 0, 0, 172);
INSERT INTO products (id, category_id, name, unit, grm, protein, carbs, dry, sug, fat, alko, rem) VALUES (173, 3, 'Мясной набор', 'кг', 1000, 16.2, 0, 65.4, 0, 44.6, 0, 'Содержание пищевых веществ приведено по ингредиенту "Колбаса полукопченая Краковская"');
INSERT INTO treatments (name, cold, hot, fin, protein, fat, carbs, product_id) VALUES ('Жарка соломкой для солянки', 3, 40, 0, 10, 30, 0, 173);
INSERT INTO products (id, category_id, name, unit, grm, protein, carbs, dry, sug, fat, alko, rem) VALUES (174, 3, 'Окорочка куриные копченые', 'кг', 1000, 27.8, 0.14, 41.54, 0, 11.16, 0, '1. Данные по технологическим потерям даны по продукту "Окорочка с/м"

2. Содержание пищевых веществ даны по продукту "Окорочка жареные"');
INSERT INTO treatments (name, cold, hot, fin, protein, fat, carbs, product_id) VALUES ('Разделка на мякоть', 41.3, 0, 0, 0, 0, 0, 174);
INSERT INTO products (id, category_id, name, unit, grm, protein, carbs, dry, sug, fat, alko, rem) VALUES (175, 3, 'Сардельки говяжьи', 'кг', 1000, 11.4, 1.5, 33.9, 0, 18.2, 0, 'Данные о пищевой ценности продукта приведены из источников, рекомендованных к применению Федеральной службой по Надзору в сфере защиты прав потребителей и благополучия человека (Роспотребнадзор).

Величина "Углеводы" рассчитана как сумма Крахмала, Моно-дисахаридов, Лактозы и Сахарозы.');
INSERT INTO treatments (name, cold, hot, fin, protein, fat, carbs, product_id) VALUES ('Варка', 2.5, 0, 0, 10, 25, 0, 175);
INSERT INTO treatments (name, cold, hot, fin, protein, fat, carbs, product_id) VALUES ('Жарка', 2.5, 8, 0, 10, 30, 0, 175);
INSERT INTO treatments (name, cold, hot, fin, protein, fat, carbs, product_id) VALUES ('Жарка разрезанных', 2.5, 15, 0, 10, 30, 0, 175);
INSERT INTO products (id, category_id, name, unit, grm, protein, carbs, dry, sug, fat, alko, rem) VALUES (176, 3, 'Сардельки свиные', 'кг', 1000, 10.1, 1.9, 46.3, 0, 31.6, 0, 'Данные о пищевой ценности продукта приведены из источников, рекомендованных к применению Федеральной службой по Надзору в сфере защиты прав потребителей и благополучия человека (Роспотребнадзор).

Величина "Углеводы" рассчитана как сумма Крахмала, Моно-дисахаридов, Лактозы и Сахарозы.');
INSERT INTO treatments (name, cold, hot, fin, protein, fat, carbs, product_id) VALUES ('Варка', 2.5, 0, 0, 10, 25, 0, 176);
INSERT INTO treatments (name, cold, hot, fin, protein, fat, carbs, product_id) VALUES ('Жарка', 2.5, 8, 0, 10, 30, 0, 176);
INSERT INTO treatments (name, cold, hot, fin, protein, fat, carbs, product_id) VALUES ('Жарка разрезанных', 2.5, 15, 0, 10, 30, 0, 176);
INSERT INTO products (id, category_id, name, unit, grm, protein, carbs, dry, sug, fat, alko, rem) VALUES (177, 3, 'Свинина сыровяленная', 'кг', 1000, 8.9, 0, 77, 0, 63.3, 0, '1. Данные по технологическим потерям даны на основании средних данных контрольных проработок, проводимых на территории России.

2. Данные о содержании пищевых веществ приведены по ингредиенту "Грудинка сырокопченая". Следите за обновлениями базы ингредиентов на сайте chefexpert.ru.');
INSERT INTO treatments (name, cold, hot, fin, protein, fat, carbs, product_id) VALUES ('Холодная обработка', 2, 0, 0, 0, 0, 0, 177);
INSERT INTO products (id, category_id, name, unit, grm, protein, carbs, dry, sug, fat, alko, rem) VALUES (178, 3, 'Сосиска Баварская в/с (Девро)', 'кг', 1000, 12, 0, 42, 0, 30, 0, 'Масса брутто 1шт = 80 грамм. Длина = 22 см.');
INSERT INTO products (id, category_id, name, unit, grm, protein, carbs, dry, sug, fat, alko, rem) VALUES (179, 3, 'Сосиска Венская в/с (Девро) "Кнакерс"', 'кг', 1000, 12, 0, 32, 0, 20, 0, 'Масса брутто 1шт = 100 грамм. Длина = 23 см.');
INSERT INTO products (id, category_id, name, unit, grm, protein, carbs, dry, sug, fat, alko, rem) VALUES (180, 3, 'Сосиски говяжьи', 'кг', 1000, 10.4, 0.8, 34.2, 0, 20.1, 0, 'Данные о пищевой ценности продукта приведены из источников, рекомендованных к применению Федеральной службой по Надзору в сфере защиты прав потребителей и благополучия человека (Роспотребнадзор).

Величина "Углеводы" рассчитана как сумма Крахмала, Моно-дисахаридов, Лактозы и Сахарозы.');
INSERT INTO treatments (name, cold, hot, fin, protein, fat, carbs, product_id) VALUES ('Варка', 2.5, 0, 0, 10, 25, 0, 180);
INSERT INTO treatments (name, cold, hot, fin, protein, fat, carbs, product_id) VALUES ('Жарка', 2.5, 10, 0, 10, 30, 0, 180);
INSERT INTO products (id, category_id, name, unit, grm, protein, carbs, dry, sug, fat, alko, rem) VALUES (181, 3, 'Сосиски Молочные', 'кг', 1000, 11, 1.6, 39.5, 0, 23.9, 0, 'Данные о пищевой ценности продукта приведены из источников, рекомендованных к применению Федеральной службой по Надзору в сфере защиты прав потребителей и благополучия человека (Роспотребнадзор).

Величина "Углеводы" рассчитана как сумма Крахмала, Моно-дисахаридов, Лактозы и Сахарозы.');
INSERT INTO treatments (name, cold, hot, fin, protein, fat, carbs, product_id) VALUES ('Варка', 0, 0, 0, 10, 25, 0, 181);
INSERT INTO treatments (name, cold, hot, fin, protein, fat, carbs, product_id) VALUES ('Жарка', 0, 0, 0, 10, 30, 0, 181);
INSERT INTO products (id, category_id, name, unit, grm, protein, carbs, dry, sug, fat, alko, rem) VALUES (182, 3, 'Суджук', 'кг', 1000, 24.8, 0, 72.4, 0, 41.5, 0, '1. Данные по пищевой ценности приведены по Колбасе сырокопченной.

2. Данные по технологическим потерям даны на основании средних данных контрольных проработок, проводимых на территории России.');
INSERT INTO treatments (name, cold, hot, fin, protein, fat, carbs, product_id) VALUES ('Холодная обработка', 2, 0, 0, 0, 0, 0, 182);
INSERT INTO products (id, category_id, name, unit, grm, protein, carbs, dry, sug, fat, alko, rem) VALUES (183, 3, 'Шпик свиной соленый', 'кг', 1000, 1.4, 0, 94.5, 0, 90, 0, '1. Данные о пищевой ценности продукта приведены из источников, рекомендованных к применению Федеральной службой по Надзору в сфере защиты прав потребителей и благополучия человека (Роспотребнадзор).

2. Данные по технологическим потерям на жарку даны на основании средних данных контрольных проработок, проводимых на территории России.');
INSERT INTO treatments (name, cold, hot, fin, protein, fat, carbs, product_id) VALUES ('Жарка', 4, 45, 0, 10, 30, 0, 183);
INSERT INTO treatments (name, cold, hot, fin, protein, fat, carbs, product_id) VALUES ('Холодная обработка', 4, 0, 0, 0, 0, 0, 183);
INSERT INTO products (id, category_id, name, unit, grm, protein, carbs, dry, sug, fat, alko, rem) VALUES (184, 3, 'Шпикачки', 'кг', 1000, 9.2, 0, 47.8, 0, 36.1, 0, '1. Данные о пищевой ценности продукта приведены из источников, рекомендованных к применению Федеральной службой по Надзору в сфере защиты прав потребителей и благополучия человека (Роспотребнадзор).

2. Данные по технологическим потерям даны по сарделькам свиным.');
INSERT INTO treatments (name, cold, hot, fin, protein, fat, carbs, product_id) VALUES ('Жарка', 2.5, 15, 0, 10, 30, 0, 184);
INSERT INTO categories (id, name) VALUES ('4', 'Кондитерские изделия, шоколад');
INSERT INTO products (id, category_id, name, unit, grm, protein, carbs, dry, sug, fat, alko, rem) VALUES (185, 4, 'Вафли с жиросодержащими начинками', 'кг', 1000, 3.4, 64.7, 99, 0, 30.2, 0, 'Данные о пищевой ценности продукта приведены из источников, рекомендованных к применению Федеральной службой по Надзору в сфере защиты прав потребителей и благополучия человека (Роспотребнадзор).

Величина "Углеводы" рассчитана как сумма Крахмала, Моно-дисахаридов, Лактозы и Сахарозы.');
INSERT INTO products (id, category_id, name, unit, grm, protein, carbs, dry, sug, fat, alko, rem) VALUES (186, 4, 'Вафли с фруктовыми начинками', 'кг', 1000, 3.2, 80.1, 88, 0, 2.8, 0, 'Данные о пищевой ценности продукта приведены из источников, рекомендованных к применению Федеральной службой по Надзору в сфере защиты прав потребителей и благополучия человека (Роспотребнадзор).

Величина "Углеводы" рассчитана как сумма Крахмала, Моно-дисахаридов, Лактозы и Сахарозы.');
INSERT INTO products (id, category_id, name, unit, grm, protein, carbs, dry, sug, fat, alko, rem) VALUES (187, 4, 'Глазурь', 'кг', 1000, 3.5, 57, 95.5, 0, 35, 0, 'Сухие в-ва рассчитаны как сумма белков, жиров и углеводов.');
INSERT INTO products (id, category_id, name, unit, grm, protein, carbs, dry, sug, fat, alko, rem) VALUES (188, 4, 'Драже сахарное', 'кг', 1000, 0, 98, 98.4, 0, 0, 0, 'Данные о пищевой ценности продукта приведены из источников, рекомендованных к применению Федеральной службой по Надзору в сфере защиты прав потребителей и благополучия человека (Роспотребнадзор).

Величина "Углеводы" рассчитана как сумма Крахмала, Моно-дисахаридов, Лактозы и Сахарозы.');
INSERT INTO products (id, category_id, name, unit, grm, protein, carbs, dry, sug, fat, alko, rem) VALUES (189, 4, 'Зефир', 'кг', 1000, 0.8, 78.3, 80, 0, 0, 0, 'Данные о пищевой ценности продукта приведены из источников, рекомендованных к применению Федеральной службой по Надзору в сфере защиты прав потребителей и благополучия человека (Роспотребнадзор).

Величина "Углеводы" рассчитана как сумма Крахмала, Моно-дисахаридов, Лактозы и Сахарозы.');
INSERT INTO products (id, category_id, name, unit, grm, protein, carbs, dry, sug, fat, alko, rem) VALUES (190, 4, 'Ирис полутвердый', 'кг', 1000, 3.3, 81.8, 93.5, 0, 7.5, 0, 'Данные о пищевой ценности продукта приведены из источников, рекомендованных к применению Федеральной службой по Надзору в сфере защиты прав потребителей и благополучия человека (Роспотребнадзор).

Величина "Углеводы" рассчитана как сумма Крахмала, Моно-дисахаридов, Лактозы и Сахарозы.');
INSERT INTO products (id, category_id, name, unit, grm, protein, carbs, dry, sug, fat, alko, rem) VALUES (191, 4, 'Карамель', 'кг', 1000, 0, 95.7, 96.4, 0, 0.1, 0, 'Данные о пищевой ценности продукта приведены из источников, рекомендованных к применению Федеральной службой по Надзору в сфере защиты прав потребителей и благополучия человека (Роспотребнадзор).

Величина "Углеводы" рассчитана как сумма Крахмала, Моно-дисахаридов, Лактозы и Сахарозы.');
INSERT INTO products (id, category_id, name, unit, grm, protein, carbs, dry, sug, fat, alko, rem) VALUES (192, 4, 'Конфеты M&M', 'кг', 1000, 5.4, 73.9, 98.5, 0, 17.5, 0, '1. Данные о пищевой ценности продукта приведены из источников, рекомендованных к применению Федеральной службой по Надзору в сфере защиты прав потребителей и благополучия человека (Роспотребнадзор).');
INSERT INTO products (id, category_id, name, unit, grm, protein, carbs, dry, sug, fat, alko, rem) VALUES (193, 4, 'Конфеты помадные', 'кг', 1000, 2.2, 83.6, 91, 0, 4.6, 0, 'Данные о пищевой ценности продукта приведены из источников, рекомендованных к применению Федеральной службой по Надзору в сфере защиты прав потребителей и благополучия человека (Роспотребнадзор).

Величина "Углеводы" рассчитана как сумма Крахмала, Моно-дисахаридов, Лактозы и Сахарозы.');
INSERT INTO products (id, category_id, name, unit, grm, protein, carbs, dry, sug, fat, alko, rem) VALUES (194, 4, 'Конфеты Рафаэлло', 'кг', 1000, 6.4, 54.6, 98.6, 0, 34.6, 0, 'Содержание пищевых веществ дано по ингредиенту - Конфеты Шоколадные с шоколадно-ореховыми корпусами (Глазированные шоколадом).');
INSERT INTO products (id, category_id, name, unit, grm, protein, carbs, dry, sug, fat, alko, rem) VALUES (195, 4, 'Конфеты Шоколадные с комбинированными корпусами (Глазированные шоколадом)', 'кг', 1000, 3.9, 69.7, 90.7, 0, 14.6, 0, 'Данные о пищевой ценности продукта приведены из источников, рекомендованных к применению Федеральной службой по Надзору в сфере защиты прав потребителей и благополучия человека (Роспотребнадзор).

Величина "Углеводы" рассчитана как сумма Крахмала, Моно-дисахаридов, Лактозы и Сахарозы.');
INSERT INTO products (id, category_id, name, unit, grm, protein, carbs, dry, sug, fat, alko, rem) VALUES (196, 4, 'Конфеты Шоколадные с пролиновыми корпусами (Глазированные шоколадом)', 'кг', 1000, 4.8, 57.6, 99.3, 0, 34.7, 0, 'Данные о пищевой ценности продукта приведены из источников, рекомендованных к применению Федеральной службой по Надзору в сфере защиты прав потребителей и благополучия человека (Роспотребнадзор).

Величина "Углеводы" рассчитана как сумма Крахмала, Моно-дисахаридов, Лактозы и Сахарозы.');
INSERT INTO products (id, category_id, name, unit, grm, protein, carbs, dry, sug, fat, alko, rem) VALUES (197, 4, 'Конфеты Шоколадные с шоколадно-ореховыми корпусами (Глазированные шоколадом)', 'кг', 1000, 6.4, 54.6, 98.6, 0, 34.6, 0, 'Данные о пищевой ценности продукта приведены из источников, рекомендованных к применению Федеральной службой по Надзору в сфере защиты прав потребителей и благополучия человека (Роспотребнадзор).

Величина "Углеводы" рассчитана как сумма Крахмала, Моно-дисахаридов, Лактозы и Сахарозы.');
INSERT INTO products (id, category_id, name, unit, grm, protein, carbs, dry, sug, fat, alko, rem) VALUES (198, 4, 'Конфитюр, джем', 'кг', 1000, 0, 33, 35, 0, 0, 0, 'Сухие в-ва рассчитаны как сумма белков, жиров, углеводов + 2');
INSERT INTO products (id, category_id, name, unit, grm, protein, carbs, dry, sug, fat, alko, rem) VALUES (199, 4, 'Мармелад желейный формовой', 'кг', 1000, 0, 77.7, 79, 0, 0.1, 0, 'Данные о пищевой ценности продукта приведены из источников, рекомендованных к применению Федеральной службой по Надзору в сфере защиты прав потребителей и благополучия человека (Роспотребнадзор).

Величина "Углеводы" рассчитана как сумма Крахмала, Моно-дисахаридов, Лактозы и Сахарозы.');
INSERT INTO products (id, category_id, name, unit, grm, protein, carbs, dry, sug, fat, alko, rem) VALUES (200, 4, 'Марципан пром. производства', 'кг', 1000, 5.3, 67.6, 91.9, 0, 12.7, 0, '1. Данные о пищевой ценности продукта приведены из источников, рекомендованных к применению Федеральной службой по Надзору в сфере защиты прав потребителей и благополучия человека (Роспотребнадзор).');
INSERT INTO products (id, category_id, name, unit, grm, protein, carbs, dry, sug, fat, alko, rem) VALUES (201, 4, 'Пастила', 'кг', 1000, 0.5, 80.4, 82, 0, 0, 0, 'Данные о пищевой ценности продукта приведены из источников, рекомендованных к применению Федеральной службой по Надзору в сфере защиты прав потребителей и благополучия человека (Роспотребнадзор).

Величина "Углеводы" рассчитана как сумма Крахмала, Моно-дисахаридов, Лактозы и Сахарозы.');
INSERT INTO products (id, category_id, name, unit, grm, protein, carbs, dry, sug, fat, alko, rem) VALUES (202, 4, 'Профитроли с соусом, замороженные', 'кг', 1000, 5.5, 24.6, 60.4, 0, 25.7, 0, '1. Данные о пищевой ценности продукта приведены из источников, рекомендованных к применению Федеральной службой по Надзору в сфере защиты прав потребителей и благополучия человека (Роспотребнадзор).');
INSERT INTO products (id, category_id, name, unit, grm, protein, carbs, dry, sug, fat, alko, rem) VALUES (203, 4, 'Савоярди (бисквитные палочки)', 'кг', 1000, 6.9, 82, 92.7, 0, 3.8, 0, '1. Источник информации о пищевой ценности - маркировочный ярлык товара. Производитель или торговая марка - Aro.

    Сухие вещества расчитаны как сумма белков, жиров и углеводов.');
INSERT INTO products (id, category_id, name, unit, grm, protein, carbs, dry, sug, fat, alko, rem) VALUES (204, 4, 'Торт со взбитыми сливками без фруктов, замороженный', 'кг', 1000, 3.8, 47.4, 74, 0, 19.7, 0, '1. Данные о пищевой ценности продукта приведены из источников, рекомендованных к применению Федеральной службой по Надзору в сфере защиты прав потребителей и благополучия человека (Роспотребнадзор).');
INSERT INTO products (id, category_id, name, unit, grm, protein, carbs, dry, sug, fat, alko, rem) VALUES (205, 4, 'Торт со взбитыми сливками с фруктами, замороженный', 'кг', 1000, 2.7, 42.2, 60.4, 0, 13.2, 0, '1. Данные о пищевой ценности продукта приведены из источников, рекомендованных к применению Федеральной службой по Надзору в сфере защиты прав потребителей и благополучия человека (Роспотребнадзор).');
INSERT INTO products (id, category_id, name, unit, grm, protein, carbs, dry, sug, fat, alko, rem) VALUES (206, 4, 'Торты пром. производства с отделками на основе взбитых сливок', 'кг', 1000, 3.8, 47.4, 74, 0, 19.7, 0, '1. Данные о пищевой ценности продукта приведены из источников, рекомендованных к применению Федеральной службой по Надзору в сфере защиты прав потребителей и благополучия человека (Роспотребнадзор).');
INSERT INTO treatments (name, cold, hot, fin, protein, fat, carbs, product_id) VALUES ('Потери при порционировании', 4, 0, 0, 0, 0, 0, 206);
INSERT INTO products (id, category_id, name, unit, grm, protein, carbs, dry, sug, fat, alko, rem) VALUES (207, 4, 'Чизкейк замороженный', 'кг', 1000, 4, 35.2, 56.4, 0, 16.2, 0, '1. Данные о пищевой ценности продукта приведены из источников, рекомендованных к применению Федеральной службой по Надзору в сфере защиты прав потребителей и благополучия человека (Роспотребнадзор).');
INSERT INTO products (id, category_id, name, unit, grm, protein, carbs, dry, sug, fat, alko, rem) VALUES (208, 4, 'Чизкейк малиновый', 'кг', 1000, 6.3, 25.4, 56.4, 0, 23, 0, '1. Источник информации о пищевой ценности - маркировочный ярлык товара. Производитель или торговая марка - ООО "Чизберри".

    Сухие вещества даны по ингредиенту "Чизкейк замороженный".');
INSERT INTO products (id, category_id, name, unit, grm, protein, carbs, dry, sug, fat, alko, rem) VALUES (209, 4, 'Чизкейк шоколадный', 'кг', 1000, 6.3, 25.4, 56.4, 0, 23, 0, '1. Источник информации о пищевой ценности - маркировочный ярлык товара. Производитель или торговая марка - ООО "Чизберри".

    Сухие вещества даны по ингредиенту "Чизкейк замороженный".');
INSERT INTO products (id, category_id, name, unit, grm, protein, carbs, dry, sug, fat, alko, rem) VALUES (210, 4, 'Шоколад без добавлений', 'кг', 1000, 5.4, 52.6, 99.2, 0, 35.3, 0, 'Данные о пищевой ценности продукта приведены из источников, рекомендованных к применению Федеральной службой по Надзору в сфере защиты прав потребителей и благополучия человека (Роспотребнадзор).

Величина "Углеводы" рассчитана как сумма Крахмала, Моно-дисахаридов, Лактозы и Сахарозы.');
INSERT INTO products (id, category_id, name, unit, grm, protein, carbs, dry, sug, fat, alko, rem) VALUES (211, 4, 'Шоколад белый', 'кг', 1000, 6.9, 52.4, 99.1, 0, 35.7, 0, 'Содержание пищевых веществ дано по ингредиенту "Шоколад молочный"');
INSERT INTO products (id, category_id, name, unit, grm, protein, carbs, dry, sug, fat, alko, rem) VALUES (212, 4, 'Шоколад молочный', 'кг', 1000, 6.9, 52.4, 99.1, 0, 35.7, 0, 'Данные о пищевой ценности продукта приведены из источников, рекомендованных к применению Федеральной службой по Надзору в сфере защиты прав потребителей и благополучия человека (Роспотребнадзор).

Величина "Углеводы" рассчитана как сумма Крахмала, Моно-дисахаридов, Лактозы и Сахарозы.');
INSERT INTO products (id, category_id, name, unit, grm, protein, carbs, dry, sug, fat, alko, rem) VALUES (213, 4, 'Шоколад с целым и дробленым орехом', 'кг', 1000, 6.6, 48, 98.9, 0, 40.9, 0, 'Данные о пищевой ценности продукта приведены из источников, рекомендованных к применению Федеральной службой по Надзору в сфере защиты прав потребителей и благополучия человека (Роспотребнадзор).

Величина "Углеводы" рассчитана как сумма Крахмала, Моно-дисахаридов, Лактозы и Сахарозы.');
INSERT INTO categories (id, name) VALUES ('5', 'Макаронные изделия');
INSERT INTO products (id, category_id, name, unit, grm, protein, carbs, dry, sug, fat, alko, rem) VALUES (214, 5, 'Вермишель бобовая Фунчеза', 'кг', 1000, 10.1, 74.5, 84.6, 0, 0, 0, '1. Данные по технологическим потерям даны на основании средних данных контрольных проработок, проводимых на территории России. Жарка фри использовалась для получения лапши для декорирования.

2. Содержание пищевых веществ приведено с упаковочного ярлыка товара. Торговая марка: Сэн Сой Премиум, Китай');
INSERT INTO treatments (name, cold, hot, fin, protein, fat, carbs, product_id) VALUES ('Варка', 0, -220, 0, 5, 5, 10, 214);
INSERT INTO treatments (name, cold, hot, fin, protein, fat, carbs, product_id) VALUES ('Жарка фри', 0, 10, 0, 5, 10, 10, 214);
INSERT INTO products (id, category_id, name, unit, grm, protein, carbs, dry, sug, fat, alko, rem) VALUES (215, 5, 'Лапша гречневая', 'кг', 1000, 14.7, 70.5, 92.05, 0, 0.85, 0, '1. Данные по технологическим потерям (Варка) даны на основании средних данных контрольных проработок, проводимых на территории России.

2. Источник информации о пищевой ценности - маркировочный ярлык товара. Производитель или торговая марка - SOBA.

    Сухие вещества расчитаны как сумма белков, жиров и углеводов + 6.');
INSERT INTO treatments (name, cold, hot, fin, protein, fat, carbs, product_id) VALUES ('Варка', -128.6, 0, 0, 0, 0, 0, 215);
INSERT INTO products (id, category_id, name, unit, grm, protein, carbs, dry, sug, fat, alko, rem) VALUES (216, 5, 'Лапша из соевых бобов зеленая', 'кг', 1000, 0, 0, 0, 0, 0, 0, '1. Данные по технологическим потерям даны на основании средних данных контрольных проработок, проводимых на территории России.

2. Данные о содержании пищевых веществ временно отсутствуют. Проверяйте наличие обновлений базы ингредиетов на сайте www.chefexpert.ru. ');
INSERT INTO treatments (name, cold, hot, fin, protein, fat, carbs, product_id) VALUES ('Варка', 0, -360.5, 0, 5, 5, 10, 216);
INSERT INTO products (id, category_id, name, unit, grm, protein, carbs, dry, sug, fat, alko, rem) VALUES (217, 5, 'Лапша яичная', 'кг', 1000, 12.1, 71.7, 90.9, 0, 8.2, 0, '1. Данные о пищевой ценности продукта приведены из источников, рекомендованных к применению Федеральной службой по Надзору в сфере защиты прав потребителей и благополучия человека (Роспотребнадзор).

Потери моно-дисахаридов и крахмала рассчитаны с учетом процентного содержания моно-дисахаридов и крахмала в продукте.

2. Данные по технологическим потерям (Варка "Аль денте") даны на основании средних данных контрольных проработок, проводимых на территории России.');
INSERT INTO treatments (name, cold, hot, fin, protein, fat, carbs, product_id) VALUES ('Варка  Аль денте', 0, -128.7, 0, 0, 0, 0, 217);
INSERT INTO products (id, category_id, name, unit, grm, protein, carbs, dry, sug, fat, alko, rem) VALUES (218, 5, 'Макаронные изделия I сорта', 'кг', 1000, 10.7, 68.4, 87, 0, 1.3, 0, 'Данные о пищевой ценности продукта приведены из источников, рекомендованных к применению Федеральной службой по Надзору в сфере защиты прав потребителей и благополучия человека (Роспотребнадзор).

Величина "Углеводы" рассчитана как сумма Крахмала, Моно-дисахаридов, Лактозы и Сахарозы.

Потери моно-дисахаридов и крахмала рассчитаны с учетом процентного содержания моно-дисахаридов и крахмала в продукте.');
INSERT INTO treatments (name, cold, hot, fin, protein, fat, carbs, product_id) VALUES ('Варка по СТН', 0, -185.7, 0, 5, 5, 10, 218);
INSERT INTO products (id, category_id, name, unit, grm, protein, carbs, dry, sug, fat, alko, rem) VALUES (219, 5, 'Макаронные изделия высшего сорта', 'кг', 1000, 10.4, 69.7, 87, 0, 1.1, 0, '1. Данные о пищевой ценности продукта приведены из источников, рекомендованных к применению Федеральной службой по Надзору в сфере защиты прав потребителей и благополучия человека (Роспотребнадзор).

Величина "Углеводы" рассчитана как сумма Крахмала, Моно-дисахаридов, Лактозы и Сахарозы.

Потери моно-дисахаридов и крахмала рассчитаны с учетом процентного содержания моно-дисахаридов и крахмала в продукте.

2. Данные по технологическим потерям (строка 2, Варка "Аль денте") даны на основании средних данных контрольных проработок, проводимых на территории России.');
INSERT INTO treatments (name, cold, hot, fin, protein, fat, carbs, product_id) VALUES ('Варка по СТН', 0, -185.7, 0, 5, 5, 10, 219);
INSERT INTO treatments (name, cold, hot, fin, protein, fat, carbs, product_id) VALUES ('Варка "Аль денте"', 0, -128.6, 0, 5, 5, 10, 219);
INSERT INTO products (id, category_id, name, unit, grm, protein, carbs, dry, sug, fat, alko, rem) VALUES (220, 5, 'Макароны Каннелоне (Италия)', 'кг', 1000, 10.4, 69.7, 87, 0, 1.1, 0, '1. Данные о пищевой ценности продукта приведены из источников, рекомендованных к применению Федеральной службой по Надзору в сфере защиты прав потребителей и благополучия человека (Роспотребнадзор). (По ингредиенту "Макаронные изделия высшего сорта").

Величина "Углеводы" рассчитана как сумма Крахмала, Моно-дисахаридов, Лактозы и Сахарозы.

Потери моно-дисахаридов и крахмала рассчитаны с учетом процентного содержания моно-дисахаридов и крахмала в продукте.

2. Данные по технологическим потерям (Варка "Аль денте") даны на основании средних данных контрольных проработок, проводимых на территории России.');
INSERT INTO treatments (name, cold, hot, fin, protein, fat, carbs, product_id) VALUES ('Варка Аль денте', 0, -128.6, 0, 5, 5, 10, 220);
INSERT INTO products (id, category_id, name, unit, grm, protein, carbs, dry, sug, fat, alko, rem) VALUES (221, 5, 'Макароны Пенне (Италия)', 'кг', 1000, 10.4, 69.7, 87, 0, 1.1, 0, '1. Данные о пищевой ценности продукта приведены из источников, рекомендованных к применению Федеральной службой по Надзору в сфере защиты прав потребителей и благополучия человека (Роспотребнадзор). (По ингредиенту "Макаронные изделия высшего сорта").

Величина "Углеводы" рассчитана как сумма Крахмала, Моно-дисахаридов, Лактозы и Сахарозы.

Потери моно-дисахаридов и крахмала рассчитаны с учетом процентного содержания моно-дисахаридов и крахмала в продукте.

2. Данные по технологическим потерям (Варка "Аль денте") даны на основании средних данных контрольных проработок, проводимых на территории России.');
INSERT INTO treatments (name, cold, hot, fin, protein, fat, carbs, product_id) VALUES ('Варка Аль денте', 0, -128.6, 0, 5, 5, 10, 221);
INSERT INTO products (id, category_id, name, unit, grm, protein, carbs, dry, sug, fat, alko, rem) VALUES (222, 5, 'Макароны Спагетти (Италия)', 'кг', 1000, 10.4, 69.7, 87, 0, 1.1, 0, '1. Данные о пищевой ценности продукта приведены из источников, рекомендованных к применению Федеральной службой по Надзору в сфере защиты прав потребителей и благополучия человека (Роспотребнадзор). (По ингредиенту "Макаронные изделия высшего сорта").

Величина "Углеводы" рассчитана как сумма Крахмала, Моно-дисахаридов, Лактозы и Сахарозы.

Потери моно-дисахаридов и крахмала рассчитаны с учетом процентного содержания моно-дисахаридов и крахмала в продукте.

2. Данные по технологическим потерям (Варка "Аль денте") даны на основании средних данных контрольных проработок, проводимых на территории России.');
INSERT INTO treatments (name, cold, hot, fin, protein, fat, carbs, product_id) VALUES ('Варка Аль денте', 0, -128.6, 0, 5, 5, 10, 222);
INSERT INTO products (id, category_id, name, unit, grm, protein, carbs, dry, sug, fat, alko, rem) VALUES (223, 5, 'Макароны Спагетти с чернилами каракатицы (Италия)', 'кг', 1000, 10.4, 69.7, 87, 0, 1.1, 0, '1. Данные о пищевой ценности продукта приведены из источников, рекомендованных к применению Федеральной службой по Надзору в сфере защиты прав потребителей и благополучия человека (Роспотребнадзор). (По ингредиенту "Макаронные изделия высшего сорта").

Величина "Углеводы" рассчитана как сумма Крахмала, Моно-дисахаридов, Лактозы и Сахарозы.

Потери моно-дисахаридов и крахмала рассчитаны с учетом процентного содержания моно-дисахаридов и крахмала в продукте.

2. Данные по технологическим потерям (Варка "Аль денте") даны на основании средних данных контрольных проработок, проводимых на территории России.');
INSERT INTO treatments (name, cold, hot, fin, protein, fat, carbs, product_id) VALUES ('Варка Аль Денте', 0, -128.6, 0, 5, 5, 10, 223);
INSERT INTO products (id, category_id, name, unit, grm, protein, carbs, dry, sug, fat, alko, rem) VALUES (224, 5, 'Макароны Тальятелле (Италия)', 'кг', 1000, 10.4, 69.7, 87, 0, 1.1, 0, '1. Данные о пищевой ценности продукта приведены из источников, рекомендованных к применению Федеральной службой по Надзору в сфере защиты прав потребителей и благополучия человека (Роспотребнадзор). (По ингредиенту "Макаронные изделия высшего сорта").

Величина "Углеводы" рассчитана как сумма Крахмала, Моно-дисахаридов, Лактозы и Сахарозы.

Потери моно-дисахаридов и крахмала рассчитаны с учетом процентного содержания моно-дисахаридов и крахмала в продукте.

2. Данные по технологическим потерям (Варка "Аль денте") даны на основании средних данных контрольных проработок, проводимых на территории России.');
INSERT INTO treatments (name, cold, hot, fin, protein, fat, carbs, product_id) VALUES ('Варка Аль денте', 0, -128.7, 0, 5, 5, 10, 224);
INSERT INTO products (id, category_id, name, unit, grm, protein, carbs, dry, sug, fat, alko, rem) VALUES (225, 5, 'Макароны Фетуччини', 'кг', 1000, 10.4, 69.7, 87, 0, 1.1, 0, '1. Данные о пищевой ценности продукта приведены из источников, рекомендованных к применению Федеральной службой по Надзору в сфере защиты прав потребителей и благополучия человека (Роспотребнадзор). (По ингредиенту "Макаронные изделия высшего сорта").

Величина "Углеводы" рассчитана как сумма Крахмала, Моно-дисахаридов, Лактозы и Сахарозы.

Потери моно-дисахаридов и крахмала рассчитаны с учетом процентного содержания моно-дисахаридов и крахмала в продукте.

2. Данные по технологическим потерям (Варка "Аль денте") даны на основании средних данных контрольных проработок, проводимых на территории России.');
INSERT INTO treatments (name, cold, hot, fin, protein, fat, carbs, product_id) VALUES ('Варка Аль денте', 0, -128.7, 0, 5, 5, 0, 225);
INSERT INTO products (id, category_id, name, unit, grm, protein, carbs, dry, sug, fat, alko, rem) VALUES (226, 5, 'Макароны Фузилли (Италия)', 'кг', 1000, 10.4, 69.7, 87, 0, 1.1, 0, '1. Данные о пищевой ценности продукта приведены из источников, рекомендованных к применению Федеральной службой по Надзору в сфере защиты прав потребителей и благополучия человека (Роспотребнадзор). (По ингредиенту "Макаронные изделия высшего сорта").

Величина "Углеводы" рассчитана как сумма Крахмала, Моно-дисахаридов, Лактозы и Сахарозы.

Потери моно-дисахаридов и крахмала рассчитаны с учетом процентного содержания моно-дисахаридов и крахмала в продукте.

2. Данные по технологическим потерям (Варка "Аль денте") даны на основании средних данных контрольных проработок, проводимых на территории России.');
INSERT INTO treatments (name, cold, hot, fin, protein, fat, carbs, product_id) VALUES ('Варка Аль денте', 0, -128.6, 0, 5, 5, 10, 226);
INSERT INTO categories (id, name) VALUES ('6', 'Молочные продукты (включая растительные сливки)');
INSERT INTO products (id, category_id, name, unit, grm, protein, carbs, dry, sug, fat, alko, rem) VALUES (227, 6, 'Айран кисломолочный', 'кг', 1000, 2.8, 4.1, 11.7, 0, 3.2, 0, 'Содержание пищевых веществ дано по ингредиенту "Кефир жирный"');
INSERT INTO products (id, category_id, name, unit, grm, protein, carbs, dry, sug, fat, alko, rem) VALUES (228, 6, 'Йогурт 1,5% жирности', 'кг', 1000, 5, 3.5, 12, 0, 1.5, 0, 'Данные о пищевой ценности продукта приведены из источников, рекомендованных к применению Федеральной службой по Надзору в сфере защиты прав потребителей и благополучия человека (Роспотребнадзор).

Величина "Углеводы" рассчитана как сумма Крахмала, Моно-дисахаридов, Лактозы и Сахарозы.');
INSERT INTO products (id, category_id, name, unit, grm, protein, carbs, dry, sug, fat, alko, rem) VALUES (229, 6, 'Йогурт 1,5% жирности сладкий', 'кг', 1000, 5, 8.5, 17, 5, 1.5, 0, 'Данные о пищевой ценности продукта приведены из источников, рекомендованных к применению Федеральной службой по Надзору в сфере защиты прав потребителей и благополучия человека (Роспотребнадзор).

Величина "Углеводы" рассчитана как сумма Крахмала, Моно-дисахаридов, Лактозы и Сахарозы.');
INSERT INTO products (id, category_id, name, unit, grm, protein, carbs, dry, sug, fat, alko, rem) VALUES (230, 6, 'Йогурт 3,2% жирности', 'кг', 1000, 5, 3.5, 13.7, 0, 3.2, 0, 'Данные о пищевой ценности продукта приведены из источников, рекомендованных к применению Федеральной службой по Надзору в сфере защиты прав потребителей и благополучия человека (Роспотребнадзор).

Величина "Углеводы" рассчитана как сумма Крахмала, Моно-дисахаридов, Лактозы и Сахарозы.');
INSERT INTO products (id, category_id, name, unit, grm, protein, carbs, dry, sug, fat, alko, rem) VALUES (231, 6, 'Йогурт 3,2% жирности сладкий', 'кг', 1000, 5, 8.5, 18.7, 5, 3.2, 0, 'Данные о пищевой ценности продукта приведены из источников, рекомендованных к применению Федеральной службой по Надзору в сфере защиты прав потребителей и благополучия человека (Роспотребнадзор).

Величина "Углеводы" рассчитана как сумма Крахмала, Моно-дисахаридов, Лактозы и Сахарозы.');
INSERT INTO products (id, category_id, name, unit, grm, protein, carbs, dry, sug, fat, alko, rem) VALUES (232, 6, 'Йогурт 6% жирности', 'кг', 1000, 5, 3.5, 16.5, 0, 6, 0, 'Данные о пищевой ценности продукта приведены из источников, рекомендованных к применению Федеральной службой по Надзору в сфере защиты прав потребителей и благополучия человека (Роспотребнадзор).

Величина "Углеводы" рассчитана как сумма Крахмала, Моно-дисахаридов, Лактозы и Сахарозы.');
INSERT INTO products (id, category_id, name, unit, grm, protein, carbs, dry, sug, fat, alko, rem) VALUES (233, 6, 'Йогурт 6% жирности сладкий', 'кг', 1000, 5, 8.5, 21.5, 5, 6, 0, 'Данные о пищевой ценности продукта приведены из источников, рекомендованных к применению Федеральной службой по Надзору в сфере защиты прав потребителей и благополучия человека (Роспотребнадзор).

Величина "Углеводы" рассчитана как сумма Крахмала, Моно-дисахаридов, Лактозы и Сахарозы.');
INSERT INTO products (id, category_id, name, unit, grm, protein, carbs, dry, sug, fat, alko, rem) VALUES (234, 6, 'Кефир жирный', 'кг', 1000, 2.8, 4.1, 11.7, 0, 3.2, 0, 'Данные о пищевой ценности продукта приведены из источников, рекомендованных к применению Федеральной службой по Надзору в сфере защиты прав потребителей и благополучия человека (Роспотребнадзор).

Величина "Углеводы" рассчитана как сумма Крахмала, Моно-дисахаридов, Лактозы и Сахарозы.');
INSERT INTO products (id, category_id, name, unit, grm, protein, carbs, dry, sug, fat, alko, rem) VALUES (235, 6, 'Кефир нежирный', 'кг', 1000, 3, 3.8, 8.6, 0, 0.05, 0, 'Данные о пищевой ценности продукта приведены из источников, рекомендованных к применению Федеральной службой по Надзору в сфере защиты прав потребителей и благополучия человека (Роспотребнадзор).

Величина "Углеводы" рассчитана как сумма Крахмала, Моно-дисахаридов, Лактозы и Сахарозы.');
INSERT INTO products (id, category_id, name, unit, grm, protein, carbs, dry, sug, fat, alko, rem) VALUES (236, 6, 'Молоко пастеризованное 1,5% жирности', 'кг', 1000, 2.85, 4.78, 10, 0, 1.5, 0, 'Данные о пищевой ценности продукта приведены из источников, рекомендованных к применению Федеральной службой по Надзору в сфере защиты прав потребителей и благополучия человека (Роспотребнадзор).

Величина "Углеводы" рассчитана как сумма Крахмала, Моно-дисахаридов, Лактозы и Сахарозы.');
INSERT INTO products (id, category_id, name, unit, grm, protein, carbs, dry, sug, fat, alko, rem) VALUES (237, 6, 'Молоко пастеризованное 2,5% жирности', 'кг', 1000, 2.82, 4.73, 10.9, 0, 2.5, 0, 'Данные о пищевой ценности продукта приведены из источников, рекомендованных к применению Федеральной службой по Надзору в сфере защиты прав потребителей и благополучия человека (Роспотребнадзор).

Величина "Углеводы" рассчитана как сумма Крахмала, Моно-дисахаридов, Лактозы и Сахарозы.');
INSERT INTO treatments (name, cold, hot, fin, protein, fat, carbs, product_id) VALUES ('Потери влаги при жарке в составе блюда', 0, 16, 0, 5, 5, 5, 237);
INSERT INTO products (id, category_id, name, unit, grm, protein, carbs, dry, sug, fat, alko, rem) VALUES (238, 6, 'Молоко пастеризованное 3,2% жирности', 'кг', 1000, 2.8, 4.7, 11.5, 0, 3.2, 0, 'Данные о пищевой ценности продукта приведены из источников, рекомендованных к применению Федеральной службой по Надзору в сфере защиты прав потребителей и благополучия человека (Роспотребнадзор).

Величина "Углеводы" рассчитана как сумма Крахмала, Моно-дисахаридов, Лактозы и Сахарозы.');
INSERT INTO products (id, category_id, name, unit, grm, protein, carbs, dry, sug, fat, alko, rem) VALUES (239, 6, 'Молоко пастеризованное 3,5% жирности', 'кг', 1000, 2.79, 4.69, 11.8, 0, 3.5, 0, 'Данные о пищевой ценности продукта приведены из источников, рекомендованных к применению Федеральной службой по Надзору в сфере защиты прав потребителей и благополучия человека (Роспотребнадзор).

Величина "Углеводы" рассчитана как сумма Крахмала, Моно-дисахаридов, Лактозы и Сахарозы.');
INSERT INTO products (id, category_id, name, unit, grm, protein, carbs, dry, sug, fat, alko, rem) VALUES (240, 6, 'Молоко сгущенное с сахаром', 'кг', 1000, 7.2, 56, 74, 43.5, 8.5, 0, 'Данные о пищевой ценности продукта приведены из источников, рекомендованных к применению Федеральной службой по Надзору в сфере защиты прав потребителей и благополучия человека (Роспотребнадзор).

Величина "Углеводы" рассчитана как сумма Крахмала, Моно-дисахаридов, Лактозы и Сахарозы.');
INSERT INTO products (id, category_id, name, unit, grm, protein, carbs, dry, sug, fat, alko, rem) VALUES (241, 6, 'Молоко сгущеное вареное', 'кг', 1000, 7.2, 56, 74, 43.5, 8.5, 0, 'Данные о пищевой ценности проставлены по Молоко сгущеное с сахаром');
INSERT INTO treatments (name, cold, hot, fin, protein, fat, carbs, product_id) VALUES ('потери при порцион. (Контрольная)', 2.91, 0, 0, 0, 0, 0, 241);
INSERT INTO products (id, category_id, name, unit, grm, protein, carbs, dry, sug, fat, alko, rem) VALUES (242, 6, 'Молоко сухое цельное', 'кг', 1000, 26, 37.5, 96, 0, 25, 0, 'Данные о пищевой ценности продукта приведены из источников, рекомендованных к применению Федеральной службой по Надзору в сфере защиты прав потребителей и благополучия человека (Роспотребнадзор).

Величина "Углеводы" рассчитана как сумма Крахмала, Моно-дисахаридов, Лактозы и Сахарозы.');
INSERT INTO products (id, category_id, name, unit, grm, protein, carbs, dry, sug, fat, alko, rem) VALUES (243, 6, 'Мороженое Пломбир', 'кг', 1000, 3.2, 20.8, 40, 15, 15, 0, 'Данные о пищевой ценности продукта приведены из источников, рекомендованных к применению Федеральной службой по Надзору в сфере защиты прав потребителей и благополучия человека (Роспотребнадзор).

Величина "Углеводы" рассчитана как сумма Крахмала, Моно-дисахаридов, Лактозы и Сахарозы.');
INSERT INTO products (id, category_id, name, unit, grm, protein, carbs, dry, sug, fat, alko, rem) VALUES (244, 6, 'Мороженое Пломбир крем-брюле', 'кг', 1000, 3, 23, 42, 17, 15, 0, 'Данные о пищевой ценности продукта приведены из источников, рекомендованных к применению Федеральной службой по Надзору в сфере защиты прав потребителей и благополучия человека (Роспотребнадзор).

Величина "Углеводы" рассчитана как сумма Крахмала, Моно-дисахаридов, Лактозы и Сахарозы.');
INSERT INTO products (id, category_id, name, unit, grm, protein, carbs, dry, sug, fat, alko, rem) VALUES (245, 6, 'Мороженое сливочное', 'кг', 1000, 3.3, 19.8, 34, 14, 10, 0, 'Данные о пищевой ценности продукта приведены из источников, рекомендованных к применению Федеральной службой по Надзору в сфере защиты прав потребителей и благополучия человека (Роспотребнадзор).

Величина "Углеводы" рассчитана как сумма Крахмала, Моно-дисахаридов, Лактозы и Сахарозы.');
INSERT INTO products (id, category_id, name, unit, grm, protein, carbs, dry, sug, fat, alko, rem) VALUES (246, 6, 'Простокваша обыкновенная', 'кг', 1000, 2.8, 4.1, 11.6, 0, 3.2, 0, 'Данные о пищевой ценности продукта приведены из источников, рекомендованных к применению Федеральной службой по Надзору в сфере защиты прав потребителей и благополучия человека (Роспотребнадзор).

Величина "Углеводы" рассчитана как сумма Крахмала, Моно-дисахаридов, Лактозы и Сахарозы.');
INSERT INTO products (id, category_id, name, unit, grm, protein, carbs, dry, sug, fat, alko, rem) VALUES (247, 6, 'Ряженка 6% жирности', 'кг', 1000, 3, 4.1, 14.7, 0, 6, 0, 'Данные о пищевой ценности продукта приведены из источников, рекомендованных к применению Федеральной службой по Надзору в сфере защиты прав потребителей и благополучия человека (Роспотребнадзор).

Величина "Углеводы" рассчитана как сумма Крахмала, Моно-дисахаридов, Лактозы и Сахарозы.');
INSERT INTO products (id, category_id, name, unit, grm, protein, carbs, dry, sug, fat, alko, rem) VALUES (248, 6, 'Сливки взбитые аэрозольные', 'кг', 1000, 0.5, 21, 48.5, 0, 25, 0, '1. Данные о содержании пищевых веществ приведены по ингредиенту "Сливки растительные кондитерские с сахаром". Следите за обновлениями базы ингредиентов на сайте chefexpert.ru.');
INSERT INTO products (id, category_id, name, unit, grm, protein, carbs, dry, sug, fat, alko, rem) VALUES (249, 6, 'Сливки из коровьего молока 10% жирности', 'кг', 1000, 3, 4, 17.8, 0, 10, 0, 'Данные о пищевой ценности продукта приведены из источников, рекомендованных к применению Федеральной службой по Надзору в сфере защиты прав потребителей и благополучия человека (Роспотребнадзор).

Величина "Углеводы" рассчитана как сумма Крахмала, Моно-дисахаридов, Лактозы и Сахарозы.');
INSERT INTO products (id, category_id, name, unit, grm, protein, carbs, dry, sug, fat, alko, rem) VALUES (250, 6, 'Сливки из коровьего молока 20% жирности', 'кг', 1000, 2.8, 3.7, 27.2, 0, 20, 0, '1. Данные о пищевой ценности продукта приведены из источников, рекомендованных к применению Федеральной службой по Надзору в сфере защиты прав потребителей и благополучия человека (Роспотребнадзор).

Величина "Углеводы" рассчитана как сумма Крахмала, Моно-дисахаридов, Лактозы и Сахарозы.

2. Данные по технологическим потерям даны на основании средних данных контрольных проработок, проводимых на территории России.');
INSERT INTO treatments (name, cold, hot, fin, protein, fat, carbs, product_id) VALUES ('Потери при варке', 0, 12, 0, 5, 5, 0, 250);
INSERT INTO treatments (name, cold, hot, fin, protein, fat, carbs, product_id) VALUES ('Уваривание для соуса', 0, 66, 0, 5, 5, 0, 250);
INSERT INTO products (id, category_id, name, unit, grm, protein, carbs, dry, sug, fat, alko, rem) VALUES (251, 6, 'Сливки из коровьего молока 35% жирности', 'кг', 1000, 2.5, 3, 41, 0, 35, 0, '1. Данные о пищевой ценности продукта приведены из источников, рекомендованных к применению Федеральной службой по Надзору в сфере защиты прав потребителей и благополучия человека (Роспотребнадзор).

Величина "Углеводы" рассчитана как сумма Крахмала, Моно-дисахаридов, Лактозы и Сахарозы.

2. Данные по технологическим потерям даны на основании средних данных контрольных проработок, проводимых на территории России.');
INSERT INTO treatments (name, cold, hot, fin, protein, fat, carbs, product_id) VALUES ('Потери при варке', 0, 12, 0, 5, 5, 0, 251);
INSERT INTO treatments (name, cold, hot, fin, protein, fat, carbs, product_id) VALUES ('Уваривание для соуса', 0, 66, 0, 5, 5, 0, 251);
INSERT INTO products (id, category_id, name, unit, grm, protein, carbs, dry, sug, fat, alko, rem) VALUES (252, 6, 'Сливки растительные без сахара', 'кг', 1000, 2.6, 5.1, 35.7, 0, 26, 0, '1. Данные по технологическим потерям даны на основании средних данных контрольных проработок, проводимых на территории России.

1. Источник информации о пищевой ценности - маркировочный ярлык товара. Производитель - Unigra S.p.A. (Италия), торговая марка - "Master Gurme"

    Сухие вещества расчитаны как сумма белков, жиров и углеводов + 2.');
INSERT INTO treatments (name, cold, hot, fin, protein, fat, carbs, product_id) VALUES ('Уваривание в соусе', 0, 66, 0, 5, 5, 0, 252);
INSERT INTO treatments (name, cold, hot, fin, protein, fat, carbs, product_id) VALUES ('Потери при варке', 0, 12, 0, 5, 0, 0, 252);
INSERT INTO products (id, category_id, name, unit, grm, protein, carbs, dry, sug, fat, alko, rem) VALUES (253, 6, 'Сливки растительные кондитерские с сахаром', 'кг', 1000, 0.7, 13.5, 43.2, 12, 27, 0, '1. Источник информации о пищевой ценности - маркировочный ярлык товара. Производитель - ЗАО "Пуратос", торговая марка - "Шантипак"

    Сухие вещества расчитаны как сумма белков, жиров и углеводов + 2.');
INSERT INTO products (id, category_id, name, unit, grm, protein, carbs, dry, sug, fat, alko, rem) VALUES (254, 6, 'Сливки сухие', 'кг', 1000, 23, 26.3, 96, 0, 42.7, 0, 'Данные о пищевой ценности продукта приведены из источников, рекомендованных к применению Федеральной службой по Надзору в сфере защиты прав потребителей и благополучия человека (Роспотребнадзор).

Величина "Углеводы" рассчитана как сумма Крахмала, Моно-дисахаридов, Лактозы и Сахарозы.');
INSERT INTO products (id, category_id, name, unit, grm, protein, carbs, dry, sug, fat, alko, rem) VALUES (255, 6, 'Сметана 10% жирности', 'кг', 1000, 3, 2.9, 17.3, 0, 10, 0, 'Данные о пищевой ценности продукта приведены из источников, рекомендованных к применению Федеральной службой по Надзору в сфере защиты прав потребителей и благополучия человека (Роспотребнадзор).

Величина "Углеводы" рассчитана как сумма Крахмала, Моно-дисахаридов, Лактозы и Сахарозы.

Потери моно-дисахаридов и крахмала рассчитаны с учетом процентного содержания моно-дисахаридов и крахмала в продукте.');
INSERT INTO treatments (name, cold, hot, fin, protein, fat, carbs, product_id) VALUES ('Запекание в составе блюда', 0, 30, 0, 5, 5, 0, 255);
INSERT INTO products (id, category_id, name, unit, grm, protein, carbs, dry, sug, fat, alko, rem) VALUES (256, 6, 'Сметана 20% жирности', 'кг', 1000, 2.8, 3.2, 27.3, 0, 20, 0, 'Данные о пищевой ценности продукта приведены из источников, рекомендованных к применению Федеральной службой по Надзору в сфере защиты прав потребителей и благополучия человека (Роспотребнадзор).

Величина "Углеводы" рассчитана как сумма Крахмала, Моно-дисахаридов, Лактозы и Сахарозы.');
INSERT INTO products (id, category_id, name, unit, grm, protein, carbs, dry, sug, fat, alko, rem) VALUES (257, 6, 'Сметана 25% жирности', 'кг', 1000, 2.6, 2.7, 31.5, 0, 25, 0, 'Данные о пищевой ценности продукта приведены из источников, рекомендованных к применению Федеральной службой по Надзору в сфере защиты прав потребителей и благополучия человека (Роспотребнадзор).

Величина "Углеводы" рассчитана как сумма Крахмала, Моно-дисахаридов, Лактозы и Сахарозы.

Потери моно-дисахаридов и крахмала рассчитаны с учетом процентного содержания моно-дисахаридов и крахмала в продукте.');
INSERT INTO treatments (name, cold, hot, fin, protein, fat, carbs, product_id) VALUES ('Запекание в составе блюда', 0, 33, 0, 5, 5, 0, 257);
INSERT INTO treatments (name, cold, hot, fin, protein, fat, carbs, product_id) VALUES ('Варка в составе соуса', 0, 20, 0, 5, 5, 0, 257);
INSERT INTO products (id, category_id, name, unit, grm, protein, carbs, dry, sug, fat, alko, rem) VALUES (258, 6, 'Сметана 30% жирности', 'кг', 1000, 2.4, 3.1, 36.7, 0, 30, 0, 'Данные о пищевой ценности продукта приведены из источников, рекомендованных к применению Федеральной службой по Надзору в сфере защиты прав потребителей и благополучия человека (Роспотребнадзор).

Величина "Углеводы" рассчитана как сумма Крахмала, Моно-дисахаридов, Лактозы и Сахарозы.');
INSERT INTO products (id, category_id, name, unit, grm, protein, carbs, dry, sug, fat, alko, rem) VALUES (259, 6, 'Сметана 36% жирности', 'кг', 1000, 2.4, 2.6, 41.9, 0, 36, 0, 'Данные о пищевой ценности продукта приведены из источников, рекомендованных к применению Федеральной службой по Надзору в сфере защиты прав потребителей и благополучия человека (Роспотребнадзор).

Величина "Углеводы" рассчитана как сумма Крахмала, Моно-дисахаридов, Лактозы и Сахарозы.');
INSERT INTO products (id, category_id, name, unit, grm, protein, carbs, dry, sug, fat, alko, rem) VALUES (260, 6, 'Сметана 40% жирности', 'кг', 1000, 2.4, 2.6, 45.8, 0, 40, 0, 'Данные о пищевой ценности продукта приведены из источников, рекомендованных к применению Федеральной службой по Надзору в сфере защиты прав потребителей и благополучия человека (Роспотребнадзор).

Величина "Углеводы" рассчитана как сумма Крахмала, Моно-дисахаридов, Лактозы и Сахарозы.');
INSERT INTO products (id, category_id, name, unit, grm, protein, carbs, dry, sug, fat, alko, rem) VALUES (261, 6, 'Сыворотка творожная', 'кг', 1000, 0.8, 3.5, 5.3, 0, 0.2, 0, 'Данные о пищевой ценности продукта приведены из источников, рекомендованных к применению Федеральной службой по Надзору в сфере защиты прав потребителей и благополучия человека (Роспотребнадзор).

Величина "Углеводы" рассчитана как сумма Крахмала, Моно-дисахаридов, Лактозы и Сахарозы.');
INSERT INTO products (id, category_id, name, unit, grm, protein, carbs, dry, sug, fat, alko, rem) VALUES (262, 6, 'Сырки глазированные', 'кг', 1000, 8.5, 32, 70, 30.5, 27.8, 0, 'Данные о пищевой ценности продукта приведены из источников, рекомендованных к применению Федеральной службой по Надзору в сфере защиты прав потребителей и благополучия человека (Роспотребнадзор).

Величина "Углеводы" рассчитана как сумма Крахмала, Моно-дисахаридов, Лактозы и Сахарозы.

.');
INSERT INTO products (id, category_id, name, unit, grm, protein, carbs, dry, sug, fat, alko, rem) VALUES (263, 6, 'Сырки и масса творожные', 'кг', 1000, 7.1, 27.5, 59, 26, 23, 0, 'Данные о пищевой ценности продукта приведены из источников, рекомендованных к применению Федеральной службой по Надзору в сфере защиты прав потребителей и благополучия человека (Роспотребнадзор).

Величина "Углеводы" рассчитана как сумма Крахмала, Моно-дисахаридов, Лактозы и Сахарозы.');
INSERT INTO products (id, category_id, name, unit, grm, protein, carbs, dry, sug, fat, alko, rem) VALUES (264, 6, 'Творог жирный', 'кг', 1000, 14, 2.8, 36.8, 0, 18, 0, 'Данные о пищевой ценности продукта приведены из источников, рекомендованных к применению Федеральной службой по Надзору в сфере защиты прав потребителей и благополучия человека (Роспотребнадзор).

Величина "Углеводы" рассчитана как сумма Крахмала, Моно-дисахаридов, Лактозы и Сахарозы.');
INSERT INTO products (id, category_id, name, unit, grm, protein, carbs, dry, sug, fat, alko, rem) VALUES (265, 6, 'Творог нежирный', 'кг', 1000, 18, 1.8, 22.8, 0, 0.6, 0, 'Данные о пищевой ценности продукта приведены из источников, рекомендованных к применению Федеральной службой по Надзору в сфере защиты прав потребителей и благополучия человека (Роспотребнадзор).

Величина "Углеводы" рассчитана как сумма Крахмала, Моно-дисахаридов, Лактозы и Сахарозы.');
INSERT INTO products (id, category_id, name, unit, grm, protein, carbs, dry, sug, fat, alko, rem) VALUES (266, 6, 'Творог полужирный', 'кг', 1000, 16.7, 2, 29.7, 0, 9, 0, '1. Данные о пищевой ценности продукта приведены из источников, рекомендованных к применению Федеральной службой по Надзору в сфере защиты прав потребителей и благополучия человека (Роспотребнадзор).

Величина "Углеводы" рассчитана как сумма Крахмала, Моно-дисахаридов, Лактозы и Сахарозы.

Потери моно-дисахаридов и крахмала рассчитаны с учетом процентного содержания моно-дисахаридов и крахмала в продукте.

2. Данные по технологическим потерям даны на основании средних данных контрольных проработок, проводимых на территории России.');
INSERT INTO treatments (name, cold, hot, fin, protein, fat, carbs, product_id) VALUES ('Запекание', 0, 12, 0, 5, 5, 0, 266);
INSERT INTO treatments (name, cold, hot, fin, protein, fat, carbs, product_id) VALUES ('Потери при хранении', 1.1, 0, 0, 0, 0, 0, 266);
INSERT INTO categories (id, name) VALUES ('7', 'Мука, Крупы, Зерновые и зернобобовые');
INSERT INTO products (id, category_id, name, unit, grm, protein, carbs, dry, sug, fat, alko, rem) VALUES (267, 7, 'Горох', 'кг', 1000, 20.5, 48.6, 86, 0, 2, 0, 'Данные о пищевой ценности продукта приведены из источников, рекомендованных к применению Федеральной службой по Надзору в сфере защиты прав потребителей и благополучия человека (Роспотребнадзор).

Величина "Углеводы" рассчитана как сумма Крахмала, Моно-дисахаридов, Лактозы и Сахарозы.

Потери моно-дисахаридов и крахмала рассчитаны с учетом процентного содержания моно-дисахаридов и крахмала в продукте.');
INSERT INTO treatments (name, cold, hot, fin, protein, fat, carbs, product_id) VALUES ('Варка без слива', 0, -106, 0, 2, 2, 5, 267);
INSERT INTO treatments (name, cold, hot, fin, protein, fat, carbs, product_id) VALUES ('Варка со сливом', 0, -106, 0, 5, 5, 9, 267);
INSERT INTO products (id, category_id, name, unit, grm, protein, carbs, dry, sug, fat, alko, rem) VALUES (268, 7, 'Горох лущеный', 'кг', 1000, 23, 50.8, 86, 0, 1.6, 0, 'Данные о пищевой ценности продукта приведены из источников, рекомендованных к применению Федеральной службой по Надзору в сфере защиты прав потребителей и благополучия человека (Роспотребнадзор).

Величина "Углеводы" рассчитана как сумма Крахмала, Моно-дисахаридов, Лактозы и Сахарозы.

Потери моно-дисахаридов и крахмала рассчитаны с учетом процентного содержания моно-дисахаридов и крахмала в продукте.');
INSERT INTO treatments (name, cold, hot, fin, protein, fat, carbs, product_id) VALUES ('Варка без слива', 0, -106, 0, 2, 2, 5, 268);
INSERT INTO treatments (name, cold, hot, fin, protein, fat, carbs, product_id) VALUES ('Варка со сливом', 0, -106, 0, 5, 5, 9, 268);
INSERT INTO products (id, category_id, name, unit, grm, protein, carbs, dry, sug, fat, alko, rem) VALUES (269, 7, 'Гречневая ядрица', 'кг', 1000, 12.6, 62.1, 86, 0, 3.3, 0, 'Данные о пищевой ценности продукта приведены из источников, рекомендованных к применению Федеральной службой по Надзору в сфере защиты прав потребителей и благополучия человека (Роспотребнадзор).

Величина "Углеводы" рассчитана как сумма Крахмала, Моно-дисахаридов, Лактозы и Сахарозы.

Потери моно-дисахаридов и крахмала рассчитаны с учетом процентного содержания моно-дисахаридов и крахмала в продукте.');
INSERT INTO treatments (name, cold, hot, fin, protein, fat, carbs, product_id) VALUES ('Варка без слива', 0, -110, 0, 2, 2, 5, 269);
INSERT INTO treatments (name, cold, hot, fin, protein, fat, carbs, product_id) VALUES ('Варка со сливом', 0, -110, 0, 5, 5, 10, 269);
INSERT INTO products (id, category_id, name, unit, grm, protein, carbs, dry, sug, fat, alko, rem) VALUES (270, 7, 'Крахмал картофельный', 'кг', 1000, 0.1, 79.6, 80, 0, 0, 0, 'Данные о пищевой ценности продукта приведены из источников, рекомендованных к применению Федеральной службой по Надзору в сфере защиты прав потребителей и благополучия человека (Роспотребнадзор).

Величина "Углеводы" рассчитана как сумма Крахмала, Моно-дисахаридов, Лактозы и Сахарозы.');
INSERT INTO products (id, category_id, name, unit, grm, protein, carbs, dry, sug, fat, alko, rem) VALUES (271, 7, 'Крахмал кукурузный', 'кг', 1000, 1, 85.2, 87, 0, 0.6, 0, 'Данные о пищевой ценности продукта приведены из источников, рекомендованных к применению Федеральной службой по Надзору в сфере защиты прав потребителей и благополучия человека (Роспотребнадзор).

Величина "Углеводы" рассчитана как сумма Крахмала, Моно-дисахаридов, Лактозы и Сахарозы.');
INSERT INTO products (id, category_id, name, unit, grm, protein, carbs, dry, sug, fat, alko, rem) VALUES (272, 7, 'Кукурузные хлопья Corn Flakes', 'кг', 1000, 7.9, 89.6, 97, 0, 0.9, 0, '1. Данные о пищевой ценности продукта приведены из источников, рекомендованных к применению Федеральной службой по Надзору в сфере защиты прав потребителей и благополучия человека (Роспотребнадзор).');
INSERT INTO products (id, category_id, name, unit, grm, protein, carbs, dry, sug, fat, alko, rem) VALUES (273, 7, 'Кус кус', 'кг', 1000, 13, 72, 94, 0, 2, 0, '1. Данные по привару даны по контрольной проработке.

2. Источник информации о пищевой ценности - маркировочный ярлык товара. Производитель или торговая марка - Янтарный Колос.

    Сухие вещества расчитаны как сумма белков, жиров и углеводов + 7.');
INSERT INTO treatments (name, cold, hot, fin, protein, fat, carbs, product_id) VALUES ('Варка без слива', 0, -162.5, 0, 2, 2, 5, 273);
INSERT INTO products (id, category_id, name, unit, grm, protein, carbs, dry, sug, fat, alko, rem) VALUES (274, 7, 'Манная крупа', 'кг', 1000, 10.3, 67.7, 86, 0, 1, 0, 'Данные о пищевой ценности продукта приведены из источников, рекомендованных к применению Федеральной службой по Надзору в сфере защиты прав потребителей и благополучия человека (Роспотребнадзор).

Величина "Углеводы" рассчитана как сумма Крахмала, Моно-дисахаридов, Лактозы и Сахарозы.

Потери моно-дисахаридов и крахмала рассчитаны с учетом процентного содержания моно-дисахаридов и крахмала в продукте.');
INSERT INTO treatments (name, cold, hot, fin, protein, fat, carbs, product_id) VALUES ('Варка без слива', 0, -350, 0, 2, 2, 5, 274);
INSERT INTO products (id, category_id, name, unit, grm, protein, carbs, dry, sug, fat, alko, rem) VALUES (275, 7, 'Мука кукурузная', 'кг', 1000, 7.2, 70.2, 86, 0, 1.5, 0, 'Данные о пищевой ценности продукта приведены из источников, рекомендованных к применению Федеральной службой по Надзору в сфере защиты прав потребителей и благополучия человека (Роспотребнадзор).

Величина "Углеводы" рассчитана как сумма Крахмала, Моно-дисахаридов, Лактозы и Сахарозы.');
INSERT INTO products (id, category_id, name, unit, grm, protein, carbs, dry, sug, fat, alko, rem) VALUES (276, 7, 'Мука Пшеничная высшего сорта', 'кг', 1000, 10.3, 68.9, 86, 0, 1.1, 0, 'Данные о пищевой ценности продукта приведены из источников, рекомендованных к применению Федеральной службой по Надзору в сфере защиты прав потребителей и благополучия человека (Роспотребнадзор).

Величина "Углеводы" рассчитана как сумма Крахмала, Моно-дисахаридов, Лактозы и Сахарозы.');
INSERT INTO products (id, category_id, name, unit, grm, protein, carbs, dry, sug, fat, alko, rem) VALUES (277, 7, 'Мука Ржаная обдирная', 'кг', 1000, 8.9, 60.2, 86, 0, 1.7, 0, 'Данные о пищевой ценности продукта приведены из источников, рекомендованных к применению Федеральной службой по Надзору в сфере защиты прав потребителей и благополучия человека (Роспотребнадзор).

Величина "Углеводы" рассчитана как сумма Крахмала, Моно-дисахаридов, Лактозы и Сахарозы.');
INSERT INTO products (id, category_id, name, unit, grm, protein, carbs, dry, sug, fat, alko, rem) VALUES (278, 7, 'Мука темпурная', 'кг', 1000, 10.3, 68.9, 86, 0, 1.1, 0, '1. Данные о содержании пищевых веществ приведены по ингредиенту "Мука пшеничная высшего сорта". Следите за обновлениями базы ингредиентов на сайте chefexpert.ru.');
INSERT INTO products (id, category_id, name, unit, grm, protein, carbs, dry, sug, fat, alko, rem) VALUES (279, 7, 'Мюсли без сахара', 'кг', 1000, 10.5, 67.1, 92.4, 0, 7.8, 0, '1. Данные о пищевой ценности продукта приведены из источников, рекомендованных к применению Федеральной службой по Надзору в сфере защиты прав потребителей и благополучия человека (Роспотребнадзор).');
INSERT INTO products (id, category_id, name, unit, grm, protein, carbs, dry, sug, fat, alko, rem) VALUES (280, 7, 'Нут', 'кг', 1000, 20.1, 46.4, 86, 0, 4.3, 0, 'Данные о пищевой ценности продукта приведены из источников, рекомендованных к применению Федеральной службой по Надзору в сфере защиты прав потребителей и благополучия человека (Роспотребнадзор).

Величина "Углеводы" рассчитана как сумма Крахмала, Моно-дисахаридов, Лактозы и Сахарозы.

Потери моно-дисахаридов и крахмала рассчитаны с учетом процентного содержания моно-дисахаридов и крахмала в продукте.');
INSERT INTO treatments (name, cold, hot, fin, protein, fat, carbs, product_id) VALUES ('Варка без слива', 0, -106, 0, 2, 2, 5, 280);
INSERT INTO treatments (name, cold, hot, fin, protein, fat, carbs, product_id) VALUES ('Варка со сливом', 0, -106, 0, 5, 5, 9, 280);
INSERT INTO products (id, category_id, name, unit, grm, protein, carbs, dry, sug, fat, alko, rem) VALUES (281, 7, 'Овсянная крупа', 'кг', 1000, 11, 49.7, 88, 0, 6.1, 0, 'Данные о пищевой ценности продукта приведены из источников, рекомендованных к применению Федеральной службой по Надзору в сфере защиты прав потребителей и благополучия человека (Роспотребнадзор).

Величина "Углеводы" рассчитана как сумма Крахмала, Моно-дисахаридов, Лактозы и Сахарозы.

Потери моно-дисахаридов и крахмала рассчитаны с учетом процентного содержания моно-дисахаридов и крахмала в продукте.');
INSERT INTO treatments (name, cold, hot, fin, protein, fat, carbs, product_id) VALUES ('Варка без слива', 0, -300, 0, 2, 2, 5, 281);
INSERT INTO treatments (name, cold, hot, fin, protein, fat, carbs, product_id) VALUES ('Варка со сливом', 0, -300, 0, 5, 5, 10, 281);
INSERT INTO products (id, category_id, name, unit, grm, protein, carbs, dry, sug, fat, alko, rem) VALUES (282, 7, 'Овсяные хлопья Геркулес', 'кг', 1000, 11, 50.1, 88, 0, 6.2, 0, 'Данные о пищевой ценности продукта приведены из источников, рекомендованных к применению Федеральной службой по Надзору в сфере защиты прав потребителей и благополучия человека (Роспотребнадзор).

Величина "Углеводы" рассчитана как сумма Крахмала, Моно-дисахаридов, Лактозы и Сахарозы.

Потери моно-дисахаридов и крахмала рассчитаны с учетом процентного содержания моно-дисахаридов и крахмала в продукте.');
INSERT INTO treatments (name, cold, hot, fin, protein, fat, carbs, product_id) VALUES ('Варка без слива', 0, -150, 0, 2, 2, 5, 282);
INSERT INTO products (id, category_id, name, unit, grm, protein, carbs, dry, sug, fat, alko, rem) VALUES (283, 7, 'Отруби', 'кг', 1000, 15.1, 53.8, 79.7, 0, 3.8, 0, 'Сухие в-ва расчитаны как сумма белков, жиров и углеводов +7 (Клетчатка)');
INSERT INTO products (id, category_id, name, unit, grm, protein, carbs, dry, sug, fat, alko, rem) VALUES (284, 7, 'Перловая крупа', 'кг', 1000, 9.3, 66.5, 86, 0, 1.1, 0, 'Данные о пищевой ценности продукта приведены из источников, рекомендованных к применению Федеральной службой по Надзору в сфере защиты прав потребителей и благополучия человека (Роспотребнадзор).

Величина "Углеводы" рассчитана как сумма Крахмала, Моно-дисахаридов, Лактозы и Сахарозы.

Потери моно-дисахаридов и крахмала рассчитаны с учетом процентного содержания моно-дисахаридов и крахмала в продукте.');
INSERT INTO treatments (name, cold, hot, fin, protein, fat, carbs, product_id) VALUES ('Варка без слива', 0, -200, 0, 2, 2, 5, 284);
INSERT INTO treatments (name, cold, hot, fin, protein, fat, carbs, product_id) VALUES ('Варка со сливом', 0, -200, 0, 5, 5, 10, 284);
INSERT INTO products (id, category_id, name, unit, grm, protein, carbs, dry, sug, fat, alko, rem) VALUES (285, 7, 'Пшеничная крупа', 'кг', 1000, 11.5, 66.5, 86, 0, 3.3, 0, 'Данные о пищевой ценности продукта приведены из источников, рекомендованных к применению Федеральной службой по Надзору в сфере защиты прав потребителей и благополучия человека (Роспотребнадзор).

Величина "Углеводы" рассчитана как сумма Крахмала, Моно-дисахаридов, Лактозы и Сахарозы.

Потери моно-дисахаридов и крахмала рассчитаны с учетом процентного содержания моно-дисахаридов и крахмала в продукте.');
INSERT INTO treatments (name, cold, hot, fin, protein, fat, carbs, product_id) VALUES ('Варка без слива', 0, -150, 0, 2, 2, 5, 285);
INSERT INTO treatments (name, cold, hot, fin, protein, fat, carbs, product_id) VALUES ('Варка со сливом', 0, -150, 0, 5, 5, 10, 285);
INSERT INTO products (id, category_id, name, unit, grm, protein, carbs, dry, sug, fat, alko, rem) VALUES (286, 7, 'Рис', 'кг', 1000, 7.5, 56.1, 86, 0, 2.6, 0, '1. Данные о пищевой ценности продукта приведены из источников, рекомендованных к применению Федеральной службой по Надзору в сфере защиты прав потребителей и благополучия человека (Роспотребнадзор).

Величина "Углеводы" рассчитана как сумма Крахмала, Моно-дисахаридов, Лактозы и Сахарозы.

Потери моно-дисахаридов и крахмала рассчитаны с учетом процентного содержания моно-дисахаридов и крахмала в продукте.

2. Данные по технологическим потерям на варку со сливом (строка 3) даны на основании средних данных контрольных проработок, проводимых на территории России.');
INSERT INTO treatments (name, cold, hot, fin, protein, fat, carbs, product_id) VALUES ('Варка без слива (СТН)', 0, -180, 0, 2, 2, 5, 286);
INSERT INTO treatments (name, cold, hot, fin, protein, fat, carbs, product_id) VALUES ('Варка со сливом (СТН)', 0, -180, 0, 5, 5, 10, 286);
INSERT INTO treatments (name, cold, hot, fin, protein, fat, carbs, product_id) VALUES ('Варка со сливом (Контрольная прораб.)', 0, -108.3, 0, 5, 5, 10, 286);
INSERT INTO treatments (name, cold, hot, fin, protein, fat, carbs, product_id) VALUES ('Варка без слива для плова (Контрольная проработка)', 0, -107.3, 0, 2, 2, 5, 286);
INSERT INTO products (id, category_id, name, unit, grm, protein, carbs, dry, sug, fat, alko, rem) VALUES (287, 7, 'Рис нишики', 'кг', 1000, 7.5, 56.1, 86, 0, 2.6, 0, '1. Пищевая ценность приведена для риса.

2. Данные по технологическим потерям даны на основании средних данных контрольных проработок, проводимых на территории России. ');
INSERT INTO treatments (name, cold, hot, fin, protein, fat, carbs, product_id) VALUES ('Варка для суши', 0, -108.3, 0, 2, 2, 5, 287);
INSERT INTO products (id, category_id, name, unit, grm, protein, carbs, dry, sug, fat, alko, rem) VALUES (288, 7, 'Рисовая крупа', 'кг', 1000, 7, 71.4, 86, 0, 1, 0, '1. Данные о пищевой ценности продукта приведены из источников, рекомендованных к применению Федеральной службой по Надзору в сфере защиты прав потребителей и благополучия человека (Роспотребнадзор).

Величина "Углеводы" рассчитана как сумма Крахмала, Моно-дисахаридов, Лактозы и Сахарозы.

Потери моно-дисахаридов и крахмала рассчитаны с учетом процентного содержания моно-дисахаридов и крахмала в продукте.

2. Данные по технологическим потерям на варку со сливом (строка 3) даны на основании средних данных контрольных проработок, проводимых на территории России.');
INSERT INTO treatments (name, cold, hot, fin, protein, fat, carbs, product_id) VALUES ('Варка без слива', 0, -180, 0, 2, 2, 5, 288);
INSERT INTO treatments (name, cold, hot, fin, protein, fat, carbs, product_id) VALUES ('Варка со сливом', 0, -180, 0, 5, 5, 10, 288);
INSERT INTO treatments (name, cold, hot, fin, protein, fat, carbs, product_id) VALUES ('Варка со сливом (по Контрольной прораб.)', 0, -108.3, 0, 5, 5, 10, 288);
INSERT INTO products (id, category_id, name, unit, grm, protein, carbs, dry, sug, fat, alko, rem) VALUES (289, 7, 'Смесь Tempura Batter Mix', 'кг', 1000, 5, 80, 85.2, 0, 0.2, 0, '1. Данные о содержании пищевых веществ указаны по информации на упаковке (маркировочном ярлыке). Производитель: Hikari (Япония). (Торговая марка - "Blue Dragon"');
INSERT INTO products (id, category_id, name, unit, grm, protein, carbs, dry, sug, fat, alko, rem) VALUES (290, 7, 'Смесь для кляра Оттоги', 'кг', 1000, 7, 80, 87, 0, 0, 0, '1. Источник информации о пищевой ценности - маркировочный ярлык товара. Производитель или торговая марка - АО "Оттоги рамен", Корея

    Сухие вещества расчитаны как сумма белков, жиров и углеводов.');
INSERT INTO products (id, category_id, name, unit, grm, protein, carbs, dry, sug, fat, alko, rem) VALUES (291, 7, 'Солод', 'кг', 1000, 3.7, 46.3, 57, 0, 0, 0, 'Сухие в-ва рассчитаны как сумма белков, жиров и углеводов + 7 (клетчатка)');
INSERT INTO products (id, category_id, name, unit, grm, protein, carbs, dry, sug, fat, alko, rem) VALUES (292, 7, 'Фасоль бобы', 'кг', 1000, 21, 46.6, 86, 0, 2, 0, 'Данные о пищевой ценности продукта приведены из источников, рекомендованных к применению Федеральной службой по Надзору в сфере защиты прав потребителей и благополучия человека (Роспотребнадзор).

Величина "Углеводы" рассчитана как сумма Крахмала, Моно-дисахаридов, Лактозы и Сахарозы.

Потери моно-дисахаридов и крахмала рассчитаны с учетом процентного содержания моно-дисахаридов и крахмала в продукте.');
INSERT INTO treatments (name, cold, hot, fin, protein, fat, carbs, product_id) VALUES ('Варка без слива', 0, -106, 0, 2, 2, 5, 292);
INSERT INTO treatments (name, cold, hot, fin, protein, fat, carbs, product_id) VALUES ('Варка со сливом', 0, -106, 0, 5, 5, 9, 292);
INSERT INTO products (id, category_id, name, unit, grm, protein, carbs, dry, sug, fat, alko, rem) VALUES (293, 7, 'Чечевица', 'кг', 1000, 24, 42.7, 86, 0, 1.5, 0, 'Данные о пищевой ценности продукта приведены из источников, рекомендованных к применению Федеральной службой по Надзору в сфере защиты прав потребителей и благополучия человека (Роспотребнадзор).

Величина "Углеводы" рассчитана как сумма Крахмала, Моно-дисахаридов, Лактозы и Сахарозы.

Потери моно-дисахаридов и крахмала рассчитаны с учетом процентного содержания моно-дисахаридов и крахмала в продукте.');
INSERT INTO treatments (name, cold, hot, fin, protein, fat, carbs, product_id) VALUES ('Варка без слива', 0, -106, 0, 2, 2, 5, 293);
INSERT INTO treatments (name, cold, hot, fin, protein, fat, carbs, product_id) VALUES ('Варка со сливом', 0, -106, 0, 5, 5, 9, 293);
INSERT INTO products (id, category_id, name, unit, grm, protein, carbs, dry, sug, fat, alko, rem) VALUES (294, 7, 'Чипсы кукурузные тортилья', 'кг', 1000, 7.6, 60.1, 99.1, 0, 22.6, 0, '1. Данные о пищевой ценности продукта приведены из источников, рекомендованных к применению Федеральной службой по Надзору в сфере защиты прав потребителей и благополучия человека (Роспотребнадзор).');
INSERT INTO categories (id, name) VALUES ('8', 'Мясо, птица, субпродукты свежие, яйца');
INSERT INTO products (id, category_id, name, unit, grm, protein, carbs, dry, sug, fat, alko, rem) VALUES (295, 8, 'Баранина задняя нога на кости', 'кг', 1000, 17, 0, 32.3, 0, 14.4, 0, '1. Данные о пищевой ценности продукта приведены из источников, рекомендованных к применению Федеральной службой по Надзору в сфере защиты прав потребителей и благополучия человека (Роспотребнадзор)

2. Данные по технологическим потерям даны на основании средних данных контрольных проработок, проводимых на территории России.');
INSERT INTO treatments (name, cold, hot, fin, protein, fat, carbs, product_id) VALUES ('Запекание с удалением кости', 34, 37, 0, 10, 25, 0, 295);
INSERT INTO treatments (name, cold, hot, fin, protein, fat, carbs, product_id) VALUES ('Запекание с костью', 5, 37, 0, 10, 25, 0, 295);
INSERT INTO products (id, category_id, name, unit, grm, protein, carbs, dry, sug, fat, alko, rem) VALUES (296, 8, 'Баранина корейка (Каре молодого барашка)', 'кг', 1000, 15.9, 0, 38.3, 0, 21.5, 0, '1. Данные о пищевой ценности продукта приведены из источников, рекомендованных к применению Федеральной службой по Надзору в сфере защиты прав потребителей и благополучия человека (Роспотребнадзор).

2. Данные по технологическим потерям даны на основании средних данных контрольных проработок, проводимых на территории России. 24% - потери на срезание жира с костей и удаление пленок импортного каре молодого барашка. 34,9% - потери на срезание жира, зачистка пленок и т.д. (использовалось обработанное каре местных производителей)');
INSERT INTO treatments (name, cold, hot, fin, protein, fat, carbs, product_id) VALUES ('Жарка (Н. Зеландия, Австралия)', 24, 37, 0, 10, 30, 0, 296);
INSERT INTO treatments (name, cold, hot, fin, protein, fat, carbs, product_id) VALUES ('Жарка в сухарях (Н. Зеландия, Австралия)', 24, 30, 0, 5, 25, 0, 296);
INSERT INTO treatments (name, cold, hot, fin, protein, fat, carbs, product_id) VALUES ('Жарка (Россия)', 34.9, 37, 0, 10, 30, 0, 296);
INSERT INTO treatments (name, cold, hot, fin, protein, fat, carbs, product_id) VALUES ('Жарка в сухарях (Россия)', 34.9, 30, 0, 5, 25, 0, 296);
INSERT INTO treatments (name, cold, hot, fin, protein, fat, carbs, product_id) VALUES ('Жарка без зачистки (Н. Зеландия, Австралия)', 3, 37, 0, 10, 30, 0, 296);
INSERT INTO products (id, category_id, name, unit, grm, protein, carbs, dry, sug, fat, alko, rem) VALUES (297, 8, 'Баранина легкое', 'кг', 1000, 15.6, 0, 20.7, 0, 2.3, 0, 'Данные о пищевой ценности продукта приведены из источников, рекомендованных к применению Федеральной службой по Надзору в сфере защиты прав потребителей и благополучия человека (Роспотребнадзор).');
INSERT INTO treatments (name, cold, hot, fin, protein, fat, carbs, product_id) VALUES ('Тушение (охлажденное)', 8, 35, 0, 5, 5, 0, 297);
INSERT INTO treatments (name, cold, hot, fin, protein, fat, carbs, product_id) VALUES ('Варка (охлажденное)', 8, 28, 0, 10, 25, 0, 297);
INSERT INTO products (id, category_id, name, unit, grm, protein, carbs, dry, sug, fat, alko, rem) VALUES (298, 8, 'Баранина Мякоть', 'кг', 1000, 17, 0, 32.3, 0, 14.4, 0, '1. Данные о пищевой ценности продукта приведены из источников, рекомендованных к применению Федеральной службой по Надзору в сфере защиты прав потребителей и благополучия человека (Роспотребнадзор).

2. Данные по холодной обработке по СТН не проставлены, т.к. в настоящее время предприятия, как правило, используют кусковые полуфабрикаты, не требующие дополнительной зачистки. В случае установленных на предприятии норм на зачистку мяса, необходимо указать соответствующие проценты потерь');
INSERT INTO treatments (name, cold, hot, fin, protein, fat, carbs, product_id) VALUES ('Варка', 0, 36, 0, 10, 25, 0, 298);
INSERT INTO treatments (name, cold, hot, fin, protein, fat, carbs, product_id) VALUES ('Жарка', 0, 37, 0, 10, 30, 0, 298);
INSERT INTO treatments (name, cold, hot, fin, protein, fat, carbs, product_id) VALUES ('Котлеты натур. рубленн. в сухарях', 0, 30, 0, 5, 25, 0, 298);
INSERT INTO treatments (name, cold, hot, fin, protein, fat, carbs, product_id) VALUES ('Тушение', 0, 0, 0, 5, 5, 0, 298);
INSERT INTO treatments (name, cold, hot, fin, protein, fat, carbs, product_id) VALUES ('Жарка в сухарях', 0, 30, 0, 5, 25, 0, 298);
INSERT INTO products (id, category_id, name, unit, grm, protein, carbs, dry, sug, fat, alko, rem) VALUES (299, 8, 'Баранина печень', 'кг', 1000, 18.7, 0, 28.8, 0, 2.9, 0, 'Данные о пищевой ценности продукта приведены из источников, рекомендованных к применению Федеральной службой по Надзору в сфере защиты прав потребителей и благополучия человека (Роспотребнадзор).');
INSERT INTO treatments (name, cold, hot, fin, protein, fat, carbs, product_id) VALUES ('Жарка охлажденой', 5, 27, 0, 10, 30, 0, 299);
INSERT INTO treatments (name, cold, hot, fin, protein, fat, carbs, product_id) VALUES ('Тушение охлажденой', 5, 27, 0, 5, 5, 0, 299);
INSERT INTO treatments (name, cold, hot, fin, protein, fat, carbs, product_id) VALUES ('Жарка мороженой', 12, 32, 0, 10, 30, 0, 299);
INSERT INTO treatments (name, cold, hot, fin, protein, fat, carbs, product_id) VALUES ('Тушение мороженой', 12, 32, 0, 5, 5, 0, 299);
INSERT INTO products (id, category_id, name, unit, grm, protein, carbs, dry, sug, fat, alko, rem) VALUES (300, 8, 'Баранина сердце', 'кг', 1000, 13.5, 0, 21.5, 0, 3.5, 0, 'Данные о пищевой ценности продукта приведены из источников, рекомендованных к применению Федеральной службой по Надзору в сфере защиты прав потребителей и благополучия человека (Роспотребнадзор).');
INSERT INTO treatments (name, cold, hot, fin, protein, fat, carbs, product_id) VALUES ('Варка (из охлажденного)', 9, 43, 0, 10, 25, 0, 300);
INSERT INTO treatments (name, cold, hot, fin, protein, fat, carbs, product_id) VALUES ('Тушение (из охлажденного)', 9, 43, 0, 5, 5, 0, 300);
INSERT INTO treatments (name, cold, hot, fin, protein, fat, carbs, product_id) VALUES ('Варка (из мороженного)', 15, 40, 0, 10, 25, 0, 300);
INSERT INTO treatments (name, cold, hot, fin, protein, fat, carbs, product_id) VALUES ('Тушение (из мороженного)', 15, 40, 0, 5, 5, 0, 300);
INSERT INTO products (id, category_id, name, unit, grm, protein, carbs, dry, sug, fat, alko, rem) VALUES (301, 8, 'Бифштекс говяжий из рубленного мяса', 'кг', 1000, 0, 0, 0, 0, 0, 0, '');
INSERT INTO treatments (name, cold, hot, fin, protein, fat, carbs, product_id) VALUES ('Жарка', 0, 15, 0, 5, 25, 0, 301);
INSERT INTO products (id, category_id, name, unit, grm, protein, carbs, dry, sug, fat, alko, rem) VALUES (302, 8, 'Бифштекс куриный из рубленного мяса в панировке', 'кг', 1000, 0, 0, 0, 0, 0, 0, '');
INSERT INTO treatments (name, cold, hot, fin, protein, fat, carbs, product_id) VALUES ('Жарка', 0, 12, 0, 5, 5, 0, 302);
INSERT INTO products (id, category_id, name, unit, grm, protein, carbs, dry, sug, fat, alko, rem) VALUES (303, 8, 'Говядина вырезка', 'кг', 1000, 20.2, 0, 24.1, 0, 2.8, 0, '1. Данные о пищевой ценности продукта приведены из источников, рекомендованных к применению Федеральной службой по Надзору в сфере защиты прав потребителей и благополучия человека (Роспотребнадзор).

Величина "Углеводы" рассчитана как сумма Крахмала, Моно-дисахаридов, Лактозы и Сахарозы.

Потери моно-дисахаридов и крахмала рассчитаны с учетом процентного содержания моно-дисахаридов и крахмала в продукте.

2. Потери по холодной обработке - в эти потери включена зачистка, жиловка, удаление пленок, без учета мясной обрези. В случае установленных на предприятии других норм на зачистку мяса, необходимо указать соответствующие проценты потерь.');
INSERT INTO treatments (name, cold, hot, fin, protein, fat, carbs, product_id) VALUES ('Варка крупным куском', 6, 38, 0, 10, 25, 0, 303);
INSERT INTO treatments (name, cold, hot, fin, protein, fat, carbs, product_id) VALUES ('Жарка крупным куском', 6, 35, 0, 10, 30, 0, 303);
INSERT INTO treatments (name, cold, hot, fin, protein, fat, carbs, product_id) VALUES ('Жарка стейка (Well Done) и мелкими кусочками', 6, 37, 0, 10, 30, 0, 303);
INSERT INTO treatments (name, cold, hot, fin, protein, fat, carbs, product_id) VALUES ('Жарка в панировке', 6, 27, 0, 5, 25, 0, 303);
INSERT INTO products (id, category_id, name, unit, grm, protein, carbs, dry, sug, fat, alko, rem) VALUES (304, 8, 'Говядина мозги', 'кг', 1000, 11.7, 0, 22.4, 0, 8.6, 0, 'Данные о пищевой ценности продукта приведены из источников, рекомендованных к применению Федеральной службой по Надзору в сфере защиты прав потребителей и благополучия человека (Роспотребнадзор).');
INSERT INTO treatments (name, cold, hot, fin, protein, fat, carbs, product_id) VALUES ('Жарка охлажденных', 13, 25, 8, 10, 30, 0, 304);
INSERT INTO treatments (name, cold, hot, fin, protein, fat, carbs, product_id) VALUES ('Варка охлажденных', 13, 25, 0, 5, 5, 0, 304);
INSERT INTO treatments (name, cold, hot, fin, protein, fat, carbs, product_id) VALUES ('Жарка мороженых', 20, 25, 8, 10, 30, 0, 304);
INSERT INTO treatments (name, cold, hot, fin, protein, fat, carbs, product_id) VALUES ('Варка мороженых', 20, 25, 0, 5, 5, 0, 304);
INSERT INTO products (id, category_id, name, unit, grm, protein, carbs, dry, sug, fat, alko, rem) VALUES (305, 8, 'Говядина Мраморная (Рибай)', 'кг', 1000, 18.9, 0, 31.4, 0, 10.5, 0, '1. Данные по технологическим потерям даны на основании средних данных контрольных проработок, проводимых на территории России. 6,6 % потерь при холодной обработке. Проработка проводилась по охлажденному Толстому краю (Рибай) пр-ва Австралии.

2. Данные о содержании пищевых веществ приведены по ингредиенту "Говядина 1й категории". Жиры и сухие в-ва увеличены на 10 гр.');
INSERT INTO treatments (name, cold, hot, fin, protein, fat, carbs, product_id) VALUES ('Жарка стейка (Well Done)', 6.6, 37, 0, 10, 30, 0, 305);
INSERT INTO products (id, category_id, name, unit, grm, protein, carbs, dry, sug, fat, alko, rem) VALUES (306, 8, 'Говядина Мякоть ', 'кг', 1000, 20.3, 0, 24, 0, 2.6, 0, '1. Данные о пищевой ценности продукта приведены из источников, рекомендованных к применению Федеральной службой по Надзору в сфере защиты прав потребителей и благополучия человека (Роспотребнадзор).

2. Потери по холодной обработке - в эти потери включена зачистка, жиловка, удаление пленок, без учета мясной обрези. В случае установленных на предприятии других норм на зачистку мяса, необходимо указать соответствующие проценты потерь.

3. Холодная обработка на Карпаччо дана по контрольной проработке (зачистка пленок, потери при нарезке на слайсере).

4. Обработки заднетазовой части на кости даны по контрольным проработкам (удаление кости, зачистка, жиловка)');
INSERT INTO treatments (name, cold, hot, fin, protein, fat, carbs, product_id) VALUES ('Варка крупным куском', 5, 38, 0, 10, 25, 0, 306);
INSERT INTO treatments (name, cold, hot, fin, protein, fat, carbs, product_id) VALUES ('Жарка крупным куском', 5, 35, 0, 10, 30, 0, 306);
INSERT INTO treatments (name, cold, hot, fin, protein, fat, carbs, product_id) VALUES ('Котлетная масса жарка', 5, 15, 0, 5, 25, 0, 306);
INSERT INTO treatments (name, cold, hot, fin, protein, fat, carbs, product_id) VALUES ('Тушение крупным куском', 5, 40, 0, 5, 5, 0, 306);
INSERT INTO treatments (name, cold, hot, fin, protein, fat, carbs, product_id) VALUES ('Жарка в сухарях', 5, 27, 0, 5, 25, 0, 306);
INSERT INTO treatments (name, cold, hot, fin, protein, fat, carbs, product_id) VALUES ('Холодная обработка (Карпаччо)', 7, 0, 0, 0, 0, 0, 306);
INSERT INTO treatments (name, cold, hot, fin, protein, fat, carbs, product_id) VALUES ('На кости з/т часть - жарка, удаление кости', 22, 37, 0, 10, 30, 0, 306);
INSERT INTO treatments (name, cold, hot, fin, protein, fat, carbs, product_id) VALUES ('На кости з/т часть - варка, удаление кости', 22, 38, 0, 10, 25, 0, 306);
INSERT INTO treatments (name, cold, hot, fin, protein, fat, carbs, product_id) VALUES ('Жарка фарша с холодной обработкой', 26.39, 37, 0, 5, 25, 0, 306);
INSERT INTO treatments (name, cold, hot, fin, protein, fat, carbs, product_id) VALUES ('Жарка мелкими кусочками', 5, 37, 0, 10, 30, 0, 306);
INSERT INTO products (id, category_id, name, unit, grm, protein, carbs, dry, sug, fat, alko, rem) VALUES (307, 8, 'Говядина печень', 'кг', 1000, 17.9, 0, 28.3, 0, 3.7, 0, 'Данные о пищевой ценности продукта приведены из источников, рекомендованных к применению Федеральной службой по Надзору в сфере защиты прав потребителей и благополучия человека (Роспотребнадзор).');
INSERT INTO treatments (name, cold, hot, fin, protein, fat, carbs, product_id) VALUES ('Жарка охлажденной', 7, 28, 0, 10, 30, 0, 307);
INSERT INTO treatments (name, cold, hot, fin, protein, fat, carbs, product_id) VALUES ('Тушение охлажденной', 7, 28, 0, 5, 5, 0, 307);
INSERT INTO treatments (name, cold, hot, fin, protein, fat, carbs, product_id) VALUES ('Жарка замороженной', 17, 32, 0, 10, 30, 0, 307);
INSERT INTO treatments (name, cold, hot, fin, protein, fat, carbs, product_id) VALUES ('Тушение замороженной', 17, 32, 0, 5, 5, 0, 307);
INSERT INTO products (id, category_id, name, unit, grm, protein, carbs, dry, sug, fat, alko, rem) VALUES (308, 8, 'Говядина почки', 'кг', 1000, 15.2, 0, 21, 0, 2.8, 0, 'Данные о пищевой ценности продукта приведены из источников, рекомендованных к применению Федеральной службой по Надзору в сфере защиты прав потребителей и благополучия человека (Роспотребнадзор).');
INSERT INTO treatments (name, cold, hot, fin, protein, fat, carbs, product_id) VALUES ('Жарка охлажденных', 7, 47, 0, 10, 30, 0, 308);
INSERT INTO treatments (name, cold, hot, fin, protein, fat, carbs, product_id) VALUES ('Варка охлажденных', 7, 47, 0, 5, 5, 0, 308);
INSERT INTO treatments (name, cold, hot, fin, protein, fat, carbs, product_id) VALUES ('Жарка мороженых', 14, 52, 0, 10, 30, 0, 308);
INSERT INTO treatments (name, cold, hot, fin, protein, fat, carbs, product_id) VALUES ('Варка мороженых', 14, 52, 0, 5, 5, 0, 308);
INSERT INTO products (id, category_id, name, unit, grm, protein, carbs, dry, sug, fat, alko, rem) VALUES (309, 8, 'Говядина сердце', 'кг', 1000, 16, 0, 22.5, 0, 3.5, 0, 'Данные о пищевой ценности продукта приведены из источников, рекомендованных к применению Федеральной службой по Надзору в сфере защиты прав потребителей и благополучия человека (Роспотребнадзор).');
INSERT INTO treatments (name, cold, hot, fin, protein, fat, carbs, product_id) VALUES ('Жарка во фритюре (охлажденное)', 9, 43, 8, 10, 30, 0, 309);
INSERT INTO treatments (name, cold, hot, fin, protein, fat, carbs, product_id) VALUES ('Варка и тушение (охлажденное)', 9, 43, 0, 5, 5, 0, 309);
INSERT INTO treatments (name, cold, hot, fin, protein, fat, carbs, product_id) VALUES ('Варка (по контрольной проработке)', 0.35, 33.33, 0, 5, 5, 0, 309);
INSERT INTO products (id, category_id, name, unit, grm, protein, carbs, dry, sug, fat, alko, rem) VALUES (310, 8, 'Говядина Хвосты', 'кг', 1000, 20.3, 0, 24, 0, 2.6, 0, 'Содержание пищевых в-в и потери при обработке Варка даны по ингредиенту "Говядина Мякоть"');
INSERT INTO treatments (name, cold, hot, fin, protein, fat, carbs, product_id) VALUES ('Варка', 5, 38, 0, 10, 25, 0, 310);
INSERT INTO products (id, category_id, name, unit, grm, protein, carbs, dry, sug, fat, alko, rem) VALUES (311, 8, 'Говядина Яйца', 'кг', 1000, 17.9, 0, 28.3, 0, 3.7, 0, 'Содержание пищевых в-в и потери при обработке Жарка даны по ингредиенту "Говядина Печень"');
INSERT INTO treatments (name, cold, hot, fin, protein, fat, carbs, product_id) VALUES ('Жарка гриль', 7, 28, 0, 10, 30, 0, 311);
INSERT INTO products (id, category_id, name, unit, grm, protein, carbs, dry, sug, fat, alko, rem) VALUES (312, 8, 'Гусь целый (обработанная тушка 1 категории)', 'кг', 1000, 15.2, 0, 55, 0, 39, 0, '1. Данные о пищевой ценности продукта приведены из источников, рекомендованных к применению Федеральной службой по Надзору в сфере защиты прав потребителей и благополучия человека (Роспотребнадзор).

Величина "Углеводы" рассчитана как сумма Крахмала, Моно-дисахаридов, Лактозы и Сахарозы.

Потери моно-дисахаридов и крахмала рассчитаны с учетом процентного содержания моно-дисахаридов и крахмала в продукте.

2. Данные по холодной обработке по СТН не проставлены, т.к. в настоящее время предприятия используют тушки птицы, не требующие дополнительной зачистки. В случае установленных на предприятии норм на зачистку птицы, необходимо указать соответствующие проценты потерь.');
INSERT INTO treatments (name, cold, hot, fin, protein, fat, carbs, product_id) VALUES ('Жарка', 0, 40, 3, 10, 30, 0, 312);
INSERT INTO products (id, category_id, name, unit, grm, protein, carbs, dry, sug, fat, alko, rem) VALUES (313, 8, 'Жир бараний (Курдючный)', 'кг', 1000, 1.4, 0, 94.3, 0, 92.8, 0, '1. Данные о пищевой ценности продукта приведены из источников, рекомендованных к применению Федеральной службой по Надзору в сфере защиты прав потребителей и благополучия человека (Роспотребнадзор).

2. Технологические потери даны по контрольным проработкам, проводимых на территории России.');
INSERT INTO treatments (name, cold, hot, fin, protein, fat, carbs, product_id) VALUES ('Жарка', 4, 53, 0, 10, 30, 0, 313);
INSERT INTO treatments (name, cold, hot, fin, protein, fat, carbs, product_id) VALUES ('Жарка в составе котлет', 4, 45, 0, 5, 25, 0, 313);
INSERT INTO products (id, category_id, name, unit, grm, protein, carbs, dry, sug, fat, alko, rem) VALUES (314, 8, 'Жировая сетка (Прятине)', 'кг', 1000, 1.4, 0, 94.3, 0, 95.8, 0, '1. Данные по технологическим потерям даны на основании средних данных контрольных проработок, проводимых на территории России. В холодную обработку включены потери на удаление жировых сгустков, отходы на надорванную пленку, остатки некондиционной пленки.

2. Данные о содержании пищевых веществ приведены по ингредиенту "Шпиг свиной".');
INSERT INTO treatments (name, cold, hot, fin, protein, fat, carbs, product_id) VALUES ('Жарка, запекание в составе блюда', 29, 55, 0, 10, 53, 0, 314);
INSERT INTO products (id, category_id, name, unit, grm, protein, carbs, dry, sug, fat, alko, rem) VALUES (315, 8, 'Индейка Филе грудки с/м', 'кг', 1000, 24.4, 0, 25.1, 0, 0.8, 0, '1. Данные о пищевой ценности продукта приведены из источников, рекомендованных к применению Федеральной службой по Надзору в сфере защиты прав потребителей и благополучия человека (Роспотребнадзор).

2. Данные по технологическим потерям даны на основании средних данных контрольных проработок, проводимых на территории России. В холодную обработку включена разморозка.');
INSERT INTO treatments (name, cold, hot, fin, protein, fat, carbs, product_id) VALUES ('Жарка', 4, 28, 0, 10, 30, 0, 315);
INSERT INTO products (id, category_id, name, unit, grm, protein, carbs, dry, sug, fat, alko, rem) VALUES (316, 8, 'Индейка целая (тушка 1 категории)', 'кг', 1000, 19.5, 0, 42.7, 0, 22, 0, '1. Данные о пищевой ценности продукта приведены из источников, рекомендованных к применению Федеральной службой по Надзору в сфере защиты прав потребителей и благополучия человека (Роспотребнадзор).

Величина "Углеводы" рассчитана как сумма Крахмала, Моно-дисахаридов, Лактозы и Сахарозы.

Потери моно-дисахаридов и крахмала рассчитаны с учетом процентного содержания моно-дисахаридов и крахмала в продукте.

2. Данные по холодной обработке по СТН не проставлены, т.к. в настоящее время предприятия используют тушки птицы, не требующие дополнительной зачистки. В случае установленных на предприятии норм на зачистку птицы, необходимо указать соответствующие проценты потерь.');
INSERT INTO treatments (name, cold, hot, fin, protein, fat, carbs, product_id) VALUES ('Жарка', 0, 27, 3, 10, 30, 0, 316);
INSERT INTO treatments (name, cold, hot, fin, protein, fat, carbs, product_id) VALUES ('Котлеты из мякоти', 40, 20, 0, 5, 25, 0, 316);
INSERT INTO treatments (name, cold, hot, fin, protein, fat, carbs, product_id) VALUES ('Тушение', 0, 27, 0, 5, 5, 0, 316);
INSERT INTO products (id, category_id, name, unit, grm, protein, carbs, dry, sug, fat, alko, rem) VALUES (317, 8, 'Косуля мясо', 'кг', 1000, 21.1, 0, 28.2, 0, 6, 0, '1. Данные о пищевой ценности продукта приведены из источников, рекомендованных к применению Федеральной службой по Надзору в сфере защиты прав потребителей и благополучия человека (Роспотребнадзор).

2. Контрольные проработки по данному продукту не проводились. Следите за обновлениями базы ингредиентов на сайте www.chefexpert.ru.');
INSERT INTO products (id, category_id, name, unit, grm, protein, carbs, dry, sug, fat, alko, rem) VALUES (318, 8, 'Кролик ножки', 'кг', 1000, 21.1, 0, 33.3, 0, 11, 0, '1. Данные о пищевой ценности продукта приведены из источников, рекомендованных к применению Федеральной службой по Надзору в сфере защиты прав потребителей и благополучия человека (Роспотребнадзор) (По продукту - Кролик тушка).

2. Технологические потери определены по контрольной проработке');
INSERT INTO treatments (name, cold, hot, fin, protein, fat, carbs, product_id) VALUES ('Тушение в масле с овощами (конфит)', 3, 25, 0, 5, 5, 0, 318);
INSERT INTO treatments (name, cold, hot, fin, protein, fat, carbs, product_id) VALUES ('Тушение с удалением кости (до сустава)', 17, 25, 0, 5, 5, 0, 318);
INSERT INTO products (id, category_id, name, unit, grm, protein, carbs, dry, sug, fat, alko, rem) VALUES (319, 8, 'Кролик тушка', 'кг', 1000, 21.1, 0, 33.3, 0, 11, 0, 'Данные о пищевой ценности продукта приведены из источников, рекомендованных к применению Федеральной службой по Надзору в сфере защиты прав потребителей и благополучия человека (Роспотребнадзор).');
INSERT INTO treatments (name, cold, hot, fin, protein, fat, carbs, product_id) VALUES ('Варка', 5, 25, 0, 10, 25, 0, 319);
INSERT INTO treatments (name, cold, hot, fin, protein, fat, carbs, product_id) VALUES ('Жарка', 5, 25, 0, 10, 30, 0, 319);
INSERT INTO treatments (name, cold, hot, fin, protein, fat, carbs, product_id) VALUES ('Котлеты из мякоти', 25, 20, 0, 5, 25, 0, 319);
INSERT INTO treatments (name, cold, hot, fin, protein, fat, carbs, product_id) VALUES ('Тушение', 5, 25, 0, 5, 5, 0, 319);
INSERT INTO products (id, category_id, name, unit, grm, protein, carbs, dry, sug, fat, alko, rem) VALUES (320, 8, 'Куриные кости, обрезь', 'кг', 1000, 18.2, 0, 0, 0, 0, 0, 'Побочный продукт разделки кур. Используется для варки бульона.');
INSERT INTO products (id, category_id, name, unit, grm, protein, carbs, dry, sug, fat, alko, rem) VALUES (321, 8, 'Куры Грудка с костью, свежемороженная', 'кг', 1000, 23.6, 0.4, 27, 0, 1.9, 0, '1. Данные о пищевой ценности продукта приведены из источников, рекомендованных к применению Федеральной службой по Надзору в сфере защиты прав потребителей и благополучия человека (Роспотребнадзор).

2. Данные по технологическим потерям даны на основании средних данных контрольных проработок, проводимых на территории России.

В потери при холодной обработке (41%) включены потери при разморозке, удалении костей, кожи.

Строка 2 (Варка в пароконвектомате) - потери даны по замороженной куриной грудке Российского производства. Варка производилась в пароконвектомате при температуре в камере 80С, до температуры в центре продукта - 72С.');
INSERT INTO treatments (name, cold, hot, fin, protein, fat, carbs, product_id) VALUES ('Варка', 41, 28, 0, 10, 25, 0, 321);
INSERT INTO treatments (name, cold, hot, fin, protein, fat, carbs, product_id) VALUES ('Варка в пароконвектомате', 41, 20, 0, 10, 25, 0, 321);
INSERT INTO products (id, category_id, name, unit, grm, protein, carbs, dry, sug, fat, alko, rem) VALUES (322, 8, 'Куры крылышки', 'кг', 1000, 21.3, 0.1, 33.4, 0, 11, 0, '1. Данные о пищевой ценности продукта приведены из источников, рекомендованных к применению Федеральной службой по Надзору в сфере защиты прав потребителей и благополучия человека (Роспотребнадзор).

(По Окорочкам куриным)

2. Данные по технологическим потерям даны на основании средних данных контрольных проработок, проводимых на территории России.

Строка 1 (Жарка из свежемороженных) - 25% - потери на разморозку, удаление фаланги, 32% - жарка до готовности.

Строка 2 (Жарка из охлажденных) - 11,9 - потери на удаление фаланги, 32% - жарка до готовности.

Строка 3 (Жарка из охлажденных с предварительной варкой) - 11,9% - потери на удаление фаланги, 11,7 - приготовление на пару в пароконвектомате, до температуры в сердцевине - 78С, охлаждение. 31,2% - обжарка отварного полуфабриката во фритюре.

Строка 4 (Жарка из с/м с предварительным запеканием и удалением бедренной кости) - 17,7% - потери на разморозку, удаление фаланги, удаление тонкой бедренной кости, 4,4% - приготовление маринованного п/ф на пару в пароконвектомате, до температуры в сердцевине - 74С, охлаждение. 14,7% - быстрая обжарка отварного полуфабриката во фритюре.');
INSERT INTO treatments (name, cold, hot, fin, protein, fat, carbs, product_id) VALUES ('Жарка из свежемороженных', 25, 32, 0, 10, 30, 0, 322);
INSERT INTO treatments (name, cold, hot, fin, protein, fat, carbs, product_id) VALUES ('Жарка из охлажденных', 11.9, 32, 0, 10, 30, 0, 322);
INSERT INTO treatments (name, cold, hot, fin, protein, fat, carbs, product_id) VALUES ('Жарка из охл. с предв. запеканием', 11.9, 11.7, 31.2, 10, 30, 0, 322);
INSERT INTO treatments (name, cold, hot, fin, protein, fat, carbs, product_id) VALUES ('Жарка из с/м с предв. запек. и удал берц. кости', 17.7, 4.4, 14.7, 10, 30, 0, 322);
INSERT INTO products (id, category_id, name, unit, grm, protein, carbs, dry, sug, fat, alko, rem) VALUES (323, 8, 'Куры Мышечный желудок (цыплят бройлеров)', 'кг', 1000, 20.7, 0.8, 26.7, 0, 4, 0, '1. Данные о пищевой ценности продукта приведены из источников, рекомендованных к применению Федеральной службой по Надзору в сфере защиты прав потребителей и благополучия человека (Роспотребнадзор).

Величина "Углеводы" рассчитана как сумма Крахмала, Моно-дисахаридов, Лактозы и Сахарозы.

2. Технологические потери приведены для Куры Печень (цыплят бройлеров)');
INSERT INTO treatments (name, cold, hot, fin, protein, fat, carbs, product_id) VALUES ('Жарка', 3, 28, 0, 10, 30, 0, 323);
INSERT INTO treatments (name, cold, hot, fin, protein, fat, carbs, product_id) VALUES ('Тушение', 3, 27, 0, 5, 5, 0, 323);
INSERT INTO products (id, category_id, name, unit, grm, protein, carbs, dry, sug, fat, alko, rem) VALUES (324, 8, 'Куры Окорочка', 'кг', 1000, 21.3, 0.1, 33.4, 0, 11, 0, '1. Данные о пищевой ценности продукта приведены из источников, рекомендованных к применению Федеральной службой по Надзору в сфере защиты прав потребителей и благополучия человека (Роспотребнадзор).

2. Данные по технологическим потерям даны на основании средних данных контрольных проработок, проводимых на территории России. Проработка для строки 5,6 проводилась по охлажденным хорошо зачищенным окорочкам, без хребтовой кости. Производилась варка рулета в пароконвектомате (температура в камере - 80С, до температуры в геометрическом центре - 74С.).');
INSERT INTO treatments (name, cold, hot, fin, protein, fat, carbs, product_id) VALUES ('Варка целиком (из охлажденных)', 3, 28, 0, 10, 25, 0, 324);
INSERT INTO treatments (name, cold, hot, fin, protein, fat, carbs, product_id) VALUES ('Жарка целиком (из с/м импорного пр-ва)', 24, 31, 0, 10, 30, 0, 324);
INSERT INTO treatments (name, cold, hot, fin, protein, fat, carbs, product_id) VALUES ('Варка с разделкой на мякоть из с/м', 43.3, 28, 0, 10, 25, 0, 324);
INSERT INTO treatments (name, cold, hot, fin, protein, fat, carbs, product_id) VALUES ('Жарка с разделкой на мякоть из с/м', 43.3, 31, 0, 10, 30, 0, 324);
INSERT INTO treatments (name, cold, hot, fin, protein, fat, carbs, product_id) VALUES ('Варка с разд. на мякоть с кожей для рулета из охл.', 28, 19, 0, 10, 30, 0, 324);
INSERT INTO treatments (name, cold, hot, fin, protein, fat, carbs, product_id) VALUES ('Жарка с разд. на мякоть с кож. д/ пулярика из охл.', 28, 31, 0, 10, 30, 0, 324);
INSERT INTO treatments (name, cold, hot, fin, protein, fat, carbs, product_id) VALUES ('Разделка на мякоть (Контрольная НестФуд)', 35.6, 0, 0, 0, 0, 0, 324);
INSERT INTO products (id, category_id, name, unit, grm, protein, carbs, dry, sug, fat, alko, rem) VALUES (325, 8, 'Куры Печень (цыплят бройлеров)', 'кг', 1000, 20.6, 1.5, 27.1, 0, 3.7, 0, '1. Данные о пищевой ценности продукта приведены из источников, рекомендованных к применению Федеральной службой по Надзору в сфере защиты прав потребителей и благополучия человека (Роспотребнадзор).

2. Данные по технологическим потерям даны на основании средних данных контрольных проработок, проводимых на территории России.');
INSERT INTO treatments (name, cold, hot, fin, protein, fat, carbs, product_id) VALUES ('Жарка', 3, 28, 0, 10, 30, 0, 325);
INSERT INTO treatments (name, cold, hot, fin, protein, fat, carbs, product_id) VALUES ('Тушение', 3, 27, 0, 5, 5, 0, 325);
INSERT INTO products (id, category_id, name, unit, grm, protein, carbs, dry, sug, fat, alko, rem) VALUES (326, 8, 'Куры Сердце', 'кг', 1000, 15.8, 0.8, 28, 0, 10.3, 0, '1. Данные о пищевой ценности продукта приведены из источников, рекомендованных к применению Федеральной службой по Надзору в сфере защиты прав потребителей и благополучия человека (Роспотребнадзор).

Величина "Углеводы" рассчитана как сумма Крахмала, Моно-дисахаридов, Лактозы и Сахарозы.

2. Технологические потери приведены для Куры Печень (цыплят бройлеров)');
INSERT INTO treatments (name, cold, hot, fin, protein, fat, carbs, product_id) VALUES ('Жарка', 3, 28, 0, 10, 30, 0, 326);
INSERT INTO treatments (name, cold, hot, fin, protein, fat, carbs, product_id) VALUES ('Тушение', 3, 27, 0, 5, 5, 0, 326);
INSERT INTO products (id, category_id, name, unit, grm, protein, carbs, dry, sug, fat, alko, rem) VALUES (327, 8, 'Куры Филе грудки', 'кг', 1000, 23.6, 0.4, 27, 0, 1.9, 0, '1. Данные о пищевой ценности продукта приведены из источников, рекомендованных к применению Федеральной службой по Надзору в сфере защиты прав потребителей и благополучия человека (Роспотребнадзор).

2. Данные по технологическим потерям даны на основании средних данных контрольных проработок, проводимых на территории России.

* Строка 5 (Варка в пароконвектомате) - потери даны по замороженной куриной грудке Российского производства. Варка производилась в пароконвектомате при температуре в камере 80С, до температуры в центре продукта - 72С.');
INSERT INTO treatments (name, cold, hot, fin, protein, fat, carbs, product_id) VALUES ('Варка из замороженых', 6.2, 27, 0, 10, 25, 0, 327);
INSERT INTO treatments (name, cold, hot, fin, protein, fat, carbs, product_id) VALUES ('Жарка из замороженых', 6.2, 28, 0, 10, 30, 0, 327);
INSERT INTO treatments (name, cold, hot, fin, protein, fat, carbs, product_id) VALUES ('Котлеты', 0, 20, 0, 5, 25, 0, 327);
INSERT INTO treatments (name, cold, hot, fin, protein, fat, carbs, product_id) VALUES ('Жарка панированных п/ф', 0, 12, 0, 5, 5, 0, 327);
INSERT INTO treatments (name, cold, hot, fin, protein, fat, carbs, product_id) VALUES ('Варка в пароконвектомате', 6.2, 20, 0, 10, 25, 0, 327);
INSERT INTO treatments (name, cold, hot, fin, protein, fat, carbs, product_id) VALUES ('Жарка охлажденных', 0, 25.3, 0, 10, 30, 0, 327);
INSERT INTO treatments (name, cold, hot, fin, protein, fat, carbs, product_id) VALUES ('Жарка панированных п/ф (из с/м филе)', 6.2, 12, 0, 5, 5, 0, 327);
INSERT INTO treatments (name, cold, hot, fin, protein, fat, carbs, product_id) VALUES ('Разморозка', 6.2, 0, 0, 0, 0, 0, 327);
INSERT INTO products (id, category_id, name, unit, grm, protein, carbs, dry, sug, fat, alko, rem) VALUES (328, 8, 'Куры целые (тушки 1 категории)', 'кг', 1000, 18.2, 0.7, 38.1, 0, 18.4, 0, '1. Данные о пищевой ценности продукта приведены из источников, рекомендованных к применению Федеральной службой по Надзору в сфере защиты прав потребителей и благополучия человека (Роспотребнадзор).

Величина "Углеводы" рассчитана как сумма Крахмала, Моно-дисахаридов, Лактозы и Сахарозы.

2. Данные по холодной обработке по СТН не проставлены, т.к. в настоящее время предприятия используют тушки птицы, не требующие дополнительной зачистки. В случае установленных на предприятии норм на зачистку птицы, необходимо указать соответствующие проценты потерь.

3. Потери при Разделке на мякоть с кожей и запекание (строка 6) даны на основании контрольной проработки. Куры разделаны на мякоть с кожей. Удалены фаланги крыльев и голяшки окорочков. (Для фарширования и запекания в виде рулета (галантин), без костей)

4. Потери при Разделке на мякоть с кожей для фарширования + запекание (строка 7) даны на основании контрольной проработки. Куры разделаны на мякоть с кожей. Оставлены фаланги крыльев и голяшки окорочков. (Для фарширования паштетом и запекания целиком)');
INSERT INTO treatments (name, cold, hot, fin, protein, fat, carbs, product_id) VALUES ('Варка, разделка на мякоть без кожи', 0, 28, 47, 10, 25, 0, 328);
INSERT INTO treatments (name, cold, hot, fin, protein, fat, carbs, product_id) VALUES ('Жарка, запекание', 0, 31, 3, 10, 30, 0, 328);
INSERT INTO treatments (name, cold, hot, fin, protein, fat, carbs, product_id) VALUES ('Котлеты из мякоти', 47, 20, 0, 5, 25, 0, 328);
INSERT INTO treatments (name, cold, hot, fin, protein, fat, carbs, product_id) VALUES ('Тушение', 0, 31, 0, 5, 5, 0, 328);
INSERT INTO treatments (name, cold, hot, fin, protein, fat, carbs, product_id) VALUES ('Жарка фри панированных п/ф', 0, 8, 0, 5, 25, 0, 328);
INSERT INTO treatments (name, cold, hot, fin, protein, fat, carbs, product_id) VALUES ('Разделка на мякоть с кожей и запекание', 47, 31, 0, 10, 30, 0, 328);
INSERT INTO treatments (name, cold, hot, fin, protein, fat, carbs, product_id) VALUES ('Разделка на мякоть с кожей для фаршир. + запекание', 27.1, 28, 0, 10, 30, 0, 328);
INSERT INTO products (id, category_id, name, unit, grm, protein, carbs, dry, sug, fat, alko, rem) VALUES (329, 8, 'Куры Цыпленок корнишон', 'кг', 1000, 18.2, 0.7, 38.1, 0, 18.4, 0, '1. Данные по пищевой ценности приведены по ингредиенту "Куры целые"

2. Данные по технологическим потерям даны на основании средних данных контрольных проработок, проводимых на территории России.');
INSERT INTO treatments (name, cold, hot, fin, protein, fat, carbs, product_id) VALUES ('Жарка гриль (из охлажленных)', 2, 24, 0, 10, 30, 0, 329);
INSERT INTO products (id, category_id, name, unit, grm, protein, carbs, dry, sug, fat, alko, rem) VALUES (330, 8, 'Наггется Куриные в панировке', 'кг', 1000, 12.8, 13, 42.2, 0, 16.4, 0, '1. Данные по технологическим потерям даны на основании средних данных контрольных проработок, проводимых на территории России. Использовались наггетсы торговой марки Sadia (Бразилия).

2. Данные о содержании пищевых веществ даны по информация на упаковке. Торговая марка -  Sadia (Бразилия).');
INSERT INTO treatments (name, cold, hot, fin, protein, fat, carbs, product_id) VALUES ('Потери при жарке', 0, 17, 0, 5, 5, 0, 330);
INSERT INTO products (id, category_id, name, unit, grm, protein, carbs, dry, sug, fat, alko, rem) VALUES (331, 8, 'Оленина 1 категории', 'кг', 1000, 19.5, 0, 29, 0, 8.5, 0, '1. Данные о пищевой ценности продукта приведены из источников, рекомендованных к применению Федеральной службой по Надзору в сфере защиты прав потребителей и благополучия человека (Роспотребнадзор).

2. Контрольные проработки по данному продукту не проводились. Следите за обновлениями базы ингредиентов на сайте www.chefexpert.ru.');
INSERT INTO products (id, category_id, name, unit, grm, protein, carbs, dry, sug, fat, alko, rem) VALUES (332, 8, 'Пельмени п/ф замороженные', 'кг', 1000, 0, 0, 0, 0, 0, 0, '1. Данные о содержании пищевых веществ временно отсутствуют. Проверяйте наличие обновлений базы ингредиетов на сайте www.chefexpert.ru. ');
INSERT INTO treatments (name, cold, hot, fin, protein, fat, carbs, product_id) VALUES ('Варка', 0, -8.1, 0, 10, 25, 0, 332);
INSERT INTO products (id, category_id, name, unit, grm, protein, carbs, dry, sug, fat, alko, rem) VALUES (333, 8, 'Перепелки', 'кг', 1000, 18.2, 0.4, 36.9, 0, 17.3, 0, '1. Данные о пищевой ценности продукта приведены из источников, рекомендованных к применению Федеральной службой по Надзору в сфере защиты прав потребителей и благополучия человека (Роспотребнадзор).

Величина "Углеводы" рассчитана как сумма Крахмала, Моно-дисахаридов, Лактозы и Сахарозы.');
INSERT INTO treatments (name, cold, hot, fin, protein, fat, carbs, product_id) VALUES ('Жарка', 5, 25, 0, 10, 30, 0, 333);
INSERT INTO treatments (name, cold, hot, fin, protein, fat, carbs, product_id) VALUES ('Тушение', 5, 25, 0, 5, 5, 0, 333);
INSERT INTO treatments (name, cold, hot, fin, protein, fat, carbs, product_id) VALUES ('Разделка на филе + жарка', 52, 25, 0, 10, 30, 0, 333);
INSERT INTO products (id, category_id, name, unit, grm, protein, carbs, dry, sug, fat, alko, rem) VALUES (334, 8, 'Поросята целые (потрошенные обработанные)', 'кг', 1000, 20.6, 0, 24.6, 0, 3, 0, 'Данные о пищевой ценности продукта приведены из источников, рекомендованных к применению Федеральной службой по Надзору в сфере защиты прав потребителей и благополучия человека (Роспотребнадзор).');
INSERT INTO treatments (name, cold, hot, fin, protein, fat, carbs, product_id) VALUES ('Запекание', 20, 30, 0, 10, 30, 0, 334);
INSERT INTO products (id, category_id, name, unit, grm, protein, carbs, dry, sug, fat, alko, rem) VALUES (335, 8, 'Свинина вырезка', 'кг', 1000, 19.4, 0, 27.6, 0, 7.1, 0, '1. Данные о пищевой ценности продукта приведены из источников, рекомендованных к применению Федеральной службой по Надзору в сфере защиты прав потребителей и благополучия человека (Роспотребнадзор).

2. Потери по холодной обработке - в эти потери включена зачистка, жиловка, удаление пленок, без учета мясной обрези. В случае установленных на предприятии других норм на зачистку мяса, необходимо указать соответствующие проценты потерь.');
INSERT INTO treatments (name, cold, hot, fin, protein, fat, carbs, product_id) VALUES ('Варка', 5, 40, 0, 10, 25, 0, 335);
INSERT INTO treatments (name, cold, hot, fin, protein, fat, carbs, product_id) VALUES ('Жарка', 5, 32, 0, 10, 30, 0, 335);
INSERT INTO treatments (name, cold, hot, fin, protein, fat, carbs, product_id) VALUES ('Котлеты натур. рубл. (с сухарях)', 5, 30, 0, 5, 25, 0, 335);
INSERT INTO treatments (name, cold, hot, fin, protein, fat, carbs, product_id) VALUES ('Тушение', 5, 32, 0, 5, 5, 0, 335);
INSERT INTO treatments (name, cold, hot, fin, protein, fat, carbs, product_id) VALUES ('Жарка в панировке', 5, 27, 0, 5, 25, 0, 335);
INSERT INTO products (id, category_id, name, unit, grm, protein, carbs, dry, sug, fat, alko, rem) VALUES (336, 8, 'Свинина корейка', 'кг', 1000, 13.7, 0, 50.9, 0, 36.5, 0, '1. Данные о пищевой ценности продукта приведены из источников, рекомендованных к применению Федеральной службой по Надзору в сфере защиты прав потребителей и благополучия человека (Роспотребнадзор).

Величина "Углеводы" рассчитана как сумма Крахмала, Моно-дисахаридов, Лактозы и Сахарозы.

Потери моно-дисахаридов и крахмала рассчитаны с учетом процентного содержания моно-дисахаридов и крахмала в продукте.

2. Данные по холодной обработке по СТН не проставлены, т.к. в настоящее время предприятия используют кусковые полуфабрикаты, величина потерь при зачистке которых устанавливается по Контрольной проработке. В случае установленных на предприятии норм на зачистку мяса, необходимо указать соответствующие проценты потерь. В обработке "Жарка" могут быть указаны 10% на потери при разморозке корейки производства Бразилии (по контрольной проработке).');
INSERT INTO treatments (name, cold, hot, fin, protein, fat, carbs, product_id) VALUES ('Варка', 0, 40, 0, 10, 25, 0, 336);
INSERT INTO treatments (name, cold, hot, fin, protein, fat, carbs, product_id) VALUES ('Жарка', 0, 32, 0, 10, 30, 0, 336);
INSERT INTO treatments (name, cold, hot, fin, protein, fat, carbs, product_id) VALUES ('Жарка в сухарях', 0, 27, 0, 5, 25, 0, 336);
INSERT INTO treatments (name, cold, hot, fin, protein, fat, carbs, product_id) VALUES ('Тушение', 0, 32, 0, 5, 5, 0, 336);
INSERT INTO treatments (name, cold, hot, fin, protein, fat, carbs, product_id) VALUES ('Жарка с удалением хребта', 16.5, 32, 0, 10, 30, 0, 336);
INSERT INTO treatments (name, cold, hot, fin, protein, fat, carbs, product_id) VALUES ('Холодное копчение', 12, 14, 0, 10, 30, 0, 336);
INSERT INTO products (id, category_id, name, unit, grm, protein, carbs, dry, sug, fat, alko, rem) VALUES (337, 8, 'Свинина лопатка на кости', 'кг', 1000, 13.7, 0, 50.9, 0, 36.5, 0, '1. Данные о пищевой ценности продукта приведены из источников, рекомендованных к применению Федеральной службой по Надзору в сфере защиты прав потребителей и благополучия человека (Роспотребнадзор).

2. Потери при холодной и тепловой обработке даны по контрольной проработке. В холодную обработку включено удаление кости и зачистка. В тепловую обработку входит варка с последующим запеканием.');
INSERT INTO treatments (name, cold, hot, fin, protein, fat, carbs, product_id) VALUES ('Варка с запеканием и удалением кости ', 20, 39.7, 0, 10, 30, 0, 337);
INSERT INTO products (id, category_id, name, unit, grm, protein, carbs, dry, sug, fat, alko, rem) VALUES (338, 8, 'Свинина Мякоть', 'кг', 1000, 15, 0, 43, 0, 27.2, 0, '1. Данные о пищевой ценности продукта приведены из источников, рекомендованных к применению Федеральной службой по Надзору в сфере защиты прав потребителей и благополучия человека (Роспотребнадзор).

Величина "Углеводы" рассчитана как сумма Крахмала, Моно-дисахаридов, Лактозы и Сахарозы.

Потери моно-дисахаридов и крахмала рассчитаны с учетом процентного содержания моно-дисахаридов и крахмала в продукте.

2. Потери по холодной обработке - в эти потери включена зачистка, жиловка, удаление пленок, без учета мясной обрези. В случае установленных на предприятии других норм на зачистку мяса, необходимо указать соответствующие проценты потерь.');
INSERT INTO treatments (name, cold, hot, fin, protein, fat, carbs, product_id) VALUES ('Варка', 5, 40, 0, 10, 25, 0, 338);
INSERT INTO treatments (name, cold, hot, fin, protein, fat, carbs, product_id) VALUES ('Жарка', 5, 32, 0, 10, 30, 0, 338);
INSERT INTO treatments (name, cold, hot, fin, protein, fat, carbs, product_id) VALUES ('Котлеты', 5, 30, 0, 5, 25, 0, 338);
INSERT INTO treatments (name, cold, hot, fin, protein, fat, carbs, product_id) VALUES ('Тушение', 5, 32, 0, 5, 5, 0, 338);
INSERT INTO treatments (name, cold, hot, fin, protein, fat, carbs, product_id) VALUES ('Жарка в сухарях', 5, 27, 0, 5, 25, 0, 338);
INSERT INTO treatments (name, cold, hot, fin, protein, fat, carbs, product_id) VALUES ('Холодная обработка', 5, 0, 0, 0, 0, 0, 338);
INSERT INTO treatments (name, cold, hot, fin, protein, fat, carbs, product_id) VALUES ('Холодное копчение', 5, 15, 0, 10, 30, 0, 338);
INSERT INTO products (id, category_id, name, unit, grm, protein, carbs, dry, sug, fat, alko, rem) VALUES (339, 8, 'Свинина ножки', 'кг', 1000, 23.5, 0, 39.8, 0, 15.6, 0, 'Данные о пищевой ценности продукта приведены из источников, рекомендованных к применению Федеральной службой по Надзору в сфере защиты прав потребителей и благополучия человека (Роспотребнадзор).');
INSERT INTO treatments (name, cold, hot, fin, protein, fat, carbs, product_id) VALUES ('Варка с разделкой на мякоть', 0, 11, 49, 10, 25, 0, 339);
INSERT INTO products (id, category_id, name, unit, grm, protein, carbs, dry, sug, fat, alko, rem) VALUES (340, 8, 'Свинина почки', 'кг', 1000, 15, 0, 22.5, 0, 3.6, 0, 'Данные о пищевой ценности продукта приведены из источников, рекомендованных к применению Федеральной службой по Надзору в сфере защиты прав потребителей и благополучия человека (Роспотребнадзор).');
INSERT INTO treatments (name, cold, hot, fin, protein, fat, carbs, product_id) VALUES ('Варка охлажденных', 2, 47, 0, 10, 25, 0, 340);
INSERT INTO treatments (name, cold, hot, fin, protein, fat, carbs, product_id) VALUES ('Жарка охлажденных', 2, 40, 0, 10, 30, 0, 340);
INSERT INTO treatments (name, cold, hot, fin, protein, fat, carbs, product_id) VALUES ('Жарка в сухарях охлажденных', 2, 30, 0, 5, 20, 0, 340);
INSERT INTO treatments (name, cold, hot, fin, protein, fat, carbs, product_id) VALUES ('Варка замороженных', 10, 52, 0, 10, 25, 0, 340);
INSERT INTO treatments (name, cold, hot, fin, protein, fat, carbs, product_id) VALUES ('Жарка замороженных', 10, 45, 0, 10, 30, 0, 340);
INSERT INTO treatments (name, cold, hot, fin, protein, fat, carbs, product_id) VALUES ('Жарка в сухарях замороженных', 10, 40, 0, 5, 20, 0, 340);
INSERT INTO products (id, category_id, name, unit, grm, protein, carbs, dry, sug, fat, alko, rem) VALUES (341, 8, 'Свинина ребра', 'кг', 1000, 13.7, 0, 50.9, 0, 36.6, 0, '1. Данные о пищевой ценности продукта приведены из источников, рекомендованных к применению Федеральной службой по Надзору в сфере защиты прав потребителей и благополучия человека (Роспотребнадзор).

2. Данные по технологическим потерям даны на основании средних данных контрольных проработок, проводимых на территории России. В холодную обработку включены потери на обрезь лишнего жира и крупных костей. (Для проработки использовались ребра российского фермерского производства).');
INSERT INTO treatments (name, cold, hot, fin, protein, fat, carbs, product_id) VALUES ('Жарка', 20.3, 32, 0, 10, 30, 0, 341);
INSERT INTO treatments (name, cold, hot, fin, protein, fat, carbs, product_id) VALUES ('Тушение', 20.3, 33, 0, 5, 5, 0, 341);
INSERT INTO treatments (name, cold, hot, fin, protein, fat, carbs, product_id) VALUES ('Жарка без зачистки', 5, 32, 0, 0, 0, 0, 341);
INSERT INTO products (id, category_id, name, unit, grm, protein, carbs, dry, sug, fat, alko, rem) VALUES (342, 8, 'Свинина рулька (голяшка на кости)', 'кг', 1000, 13.7, 0, 50.9, 0, 36.5, 0, '1. Данные о пищевой ценности продукта приведены из источников, рекомендованных к применению Федеральной службой по Надзору в сфере защиты прав потребителей и благополучия человека (Роспотребнадзор). (По свинине жирной).

2. Данные по технологическим потерям даны на основании средних данных контрольных проработок, проводимых на территории России.');
INSERT INTO treatments (name, cold, hot, fin, protein, fat, carbs, product_id) VALUES ('Удаление кости, запекание с предв. варкой', 40, 30, 0, 10, 30, 0, 342);
INSERT INTO treatments (name, cold, hot, fin, protein, fat, carbs, product_id) VALUES ('Запекание с предв. варкой на кости', 5, 28, 0, 10, 30, 0, 342);
INSERT INTO products (id, category_id, name, unit, grm, protein, carbs, dry, sug, fat, alko, rem) VALUES (343, 8, 'Свинина уши', 'кг', 1000, 21, 0, 39.1, 0, 14.1, 0, '1. Данные о пищевой ценности продукта приведены из источников, рекомендованных к применению Федеральной службой по Надзору в сфере защиты прав потребителей и благополучия человека (Роспотребнадзор).

2. Данные по технологическим потерям даны на основании средних данных контрольных проработок, проводимых на территории России.');
INSERT INTO treatments (name, cold, hot, fin, protein, fat, carbs, product_id) VALUES ('Запекание с предварительной варкой', 5, 28, 0, 10, 30, 0, 343);
INSERT INTO products (id, category_id, name, unit, grm, protein, carbs, dry, sug, fat, alko, rem) VALUES (344, 8, 'Телятина 1 категории', 'кг', 1000, 19.7, 0, 22.7, 0, 2, 0, '1. Данные о пищевой ценности продукта приведены из источников, рекомендованных к применению Федеральной службой по Надзору в сфере защиты прав потребителей и благополучия человека (Роспотребнадзор).

2. Потери по холодной обработке - в эти потери включена зачистка, жиловка, удаление пленок, без учета мясной обрези. В случае установленных на предприятии других норм на зачистку мяса, необходимо указать соответствующие проценты потерь.

3. Обработка Запекание с холодной обработкой - потери на хол. обработку учитывают зачистку, удаление клейма, удаление части кости. Использовалась задняя нога фермерской телятины на кости, массой 2300 грамм. Контрольная проработка.

4. Обработка Жарка корейки теленка на кости - учтены потери на зачистку, удаление пленок. Использовалась фермарская корейка молодого теленка. Жарка производилась с предварительной обжаркой и доведением до готовности в пароконвектомате, до температуры в сердцевине = 65С.');
INSERT INTO treatments (name, cold, hot, fin, protein, fat, carbs, product_id) VALUES ('Варка', 4, 36, 0, 10, 25, 0, 344);
INSERT INTO treatments (name, cold, hot, fin, protein, fat, carbs, product_id) VALUES ('Жарка', 4, 37, 0, 10, 30, 0, 344);
INSERT INTO treatments (name, cold, hot, fin, protein, fat, carbs, product_id) VALUES ('Котлеты', 4, 19, 0, 5, 25, 0, 344);
INSERT INTO treatments (name, cold, hot, fin, protein, fat, carbs, product_id) VALUES ('Припускание', 4, 36, 0, 5, 5, 0, 344);
INSERT INTO treatments (name, cold, hot, fin, protein, fat, carbs, product_id) VALUES ('Жарка в сухарях', 4, 27, 0, 5, 25, 0, 344);
INSERT INTO treatments (name, cold, hot, fin, protein, fat, carbs, product_id) VALUES ('Запекание в фольге с холодной обработкой', 13, 28, 0, 10, 30, 0, 344);
INSERT INTO treatments (name, cold, hot, fin, protein, fat, carbs, product_id) VALUES ('Жарка корейки теленка на кости', 19, 29, 0, 10, 30, 0, 344);
INSERT INTO products (id, category_id, name, unit, grm, protein, carbs, dry, sug, fat, alko, rem) VALUES (345, 8, 'Утка (тушка 1 категории)', 'кг', 1000, 15.8, 0, 54.4, 0, 38, 0, '1. Данные о пищевой ценности продукта приведены из источников, рекомендованных к применению Федеральной службой по Надзору в сфере защиты прав потребителей и благополучия человека (Роспотребнадзор).

2. Данные по холодной обработке приведены на основании Контрольных проработок');
INSERT INTO treatments (name, cold, hot, fin, protein, fat, carbs, product_id) VALUES ('Жарка', 9.5, 35, 3, 10, 30, 0, 345);
INSERT INTO treatments (name, cold, hot, fin, protein, fat, carbs, product_id) VALUES ('Жарка + разделка на мякоть с кожей', 9.5, 35, 55.5, 10, 30, 0, 345);
INSERT INTO products (id, category_id, name, unit, grm, protein, carbs, dry, sug, fat, alko, rem) VALUES (346, 8, 'Утка филе грудки', 'кг', 1000, 16, 7, 55, 0, 32, 0, '1. Данные по пищевой ценности приведены по Утиной грудке Магре пр-ва Rougie (Франция) (Информация на упаковке).

2. Данные по технологическим потерям даны на основании средних данных контрольных проработок, проводимых на территории России.');
INSERT INTO treatments (name, cold, hot, fin, protein, fat, carbs, product_id) VALUES ('Жарка (Магре, Франция)', 4.3, 31.3, 0, 10, 30, 0, 346);
INSERT INTO treatments (name, cold, hot, fin, protein, fat, carbs, product_id) VALUES ('Жарка (Китай)', 0, 28, 0, 10, 30, 0, 346);
INSERT INTO products (id, category_id, name, unit, grm, protein, carbs, dry, sug, fat, alko, rem) VALUES (347, 8, 'Фуа - гра (печень) утиная с/м', 'кг', 1000, 6, 6, 68, 0, 56, 0, '1. Данные по технологическим потерям даны на основании средних данных контрольных проработок, проводимых на территории России. Использовалась цельная фуа - гра, производства Франции. Жарка эскалопом, толщиной 1,5 см. до температуры в геометрическом центре - 54С. При более продолжительной жарке (не рекомендуется) процент потерь при тепловой обработке следут пересмотреть.

2. Данные о содержании пищевых даны по фуа - гра утиной с/м (эскалопы) производства Rougie (Франция) (Информация на упаковке)');
INSERT INTO treatments (name, cold, hot, fin, protein, fat, carbs, product_id) VALUES ('Жарка эскалопом без панировки', 4, 33.3, 0, 10, 30, 0, 347);
INSERT INTO products (id, category_id, name, unit, grm, protein, carbs, dry, sug, fat, alko, rem) VALUES (348, 8, 'Черева (оболочка для колбасок) обработанная (в соли)', 'кг', 1000, 45, 0, 49, 0, 3, 0, 'Данные о пищевой ценности не подтверждены.');
INSERT INTO treatments (name, cold, hot, fin, protein, fat, carbs, product_id) VALUES ('Потери при вязке колбасок', 4, 0, 0, 0, 0, 0, 348);
INSERT INTO products (id, category_id, name, unit, grm, protein, carbs, dry, sug, fat, alko, rem) VALUES (349, 8, 'Шпик свиной', 'кг', 1000, 1.4, 0, 94.3, 0, 95.8, 0, '1. Данные о пищевой ценности продукта приведены из источников, рекомендованных к применению Федеральной службой по Надзору в сфере защиты прав потребителей и благополучия человека (Роспотребнадзор).

2. Технологические потери даны по контрольным проработкам, проводимых на территории России.');
INSERT INTO treatments (name, cold, hot, fin, protein, fat, carbs, product_id) VALUES ('Жарка', 4, 53, 0, 10, 30, 0, 349);
INSERT INTO treatments (name, cold, hot, fin, protein, fat, carbs, product_id) VALUES ('Котлеты', 4, 45, 0, 5, 25, 0, 349);
INSERT INTO products (id, category_id, name, unit, grm, protein, carbs, dry, sug, fat, alko, rem) VALUES (350, 8, 'Язык Говяжий', 'кг', 1000, 16, 0, 31.2, 0, 12.1, 0, 'Данные о пищевой ценности продукта приведены из источников, рекомендованных к применению Федеральной службой по Надзору в сфере защиты прав потребителей и благополучия человека (Роспотребнадзор).');
INSERT INTO treatments (name, cold, hot, fin, protein, fat, carbs, product_id) VALUES ('Варка охлажденных', 0, 27, 14, 10, 25, 0, 350);
INSERT INTO treatments (name, cold, hot, fin, protein, fat, carbs, product_id) VALUES ('Варка мороженых', 0, 31, 14, 10, 25, 0, 350);
INSERT INTO products (id, category_id, name, unit, grm, protein, carbs, dry, sug, fat, alko, rem) VALUES (351, 8, 'Яйца куриные', 'шт', 50, 12.7, 0.7, 26, 0, 11.5, 0, '1. Данные о пищевой ценности продукта приведены из источников, рекомендованных к применению Федеральной службой по Надзору в сфере защиты прав потребителей и благополучия человека (Роспотребнадзор).

Пищевая ценность приведена для яйца в целом. В белке отдельно: Белки - 9,0, Жиры, Углеводы - следы, Сухие в-ва - 11,7. В желтке отдельно: Белки - 16,1, Жиры - 30,5, Углеводы - следы, Сухие в-ва - 49. Величина "Углеводы" рассчитана как сумма Крахмала, Моно-дисахаридов, Лактозы и Сахарозы.

Потери моно-дисахаридов и крахмала рассчитаны с учетом процентного содержания моно-дисахаридов и крахмала в продукте.

2. Вес одного яйца без скорлупы принимаем равным 50гр (как правило на предприятиях используются яйца средней величины, средняя масса 1 крупного яйца без скорлупы равна 60гр, мелкого - 40гр.) В рецептуре потери на удаление скорлупы, как правило, не учитывают, просто указывая количество граммов в штуке = 50 (без скорлупы). В среднем яйцо состоит на 11% из скорлупы, 58% белка, 31% желтка.');
INSERT INTO treatments (name, cold, hot, fin, protein, fat, carbs, product_id) VALUES ('Без обработки или варка в скорлупе', 0, 0, 0, 0, 0, 0, 351);
INSERT INTO treatments (name, cold, hot, fin, protein, fat, carbs, product_id) VALUES ('Жарка (Глазунья)', 0, 12, 0, 10, 30, 0, 351);
INSERT INTO treatments (name, cold, hot, fin, protein, fat, carbs, product_id) VALUES ('Жарка (Омлет)', 0, 8, 0, 10, 30, 0, 351);
INSERT INTO treatments (name, cold, hot, fin, protein, fat, carbs, product_id) VALUES ('Варка без скорлупы', 0, 10, 0, 10, 25, 0, 351);
INSERT INTO treatments (name, cold, hot, fin, protein, fat, carbs, product_id) VALUES ('Удаление скорлупы', 12, 0, 0, 0, 0, 0, 351);
INSERT INTO products (id, category_id, name, unit, grm, protein, carbs, dry, sug, fat, alko, rem) VALUES (352, 8, 'Яйца куриные (белок)', 'шт', 50, 9, 0, 11.7, 0, 0, 0, '1. Данные о пищевой ценности продукта приведены из источников, рекомендованных к применению Федеральной службой по Надзору в сфере защиты прав потребителей и благополучия человека (Роспотребнадзор).');
INSERT INTO treatments (name, cold, hot, fin, protein, fat, carbs, product_id) VALUES ('Потеря влаги при запекании воздушного п/ф', 0, 89.29, 0, 10, 0, 0, 352);
INSERT INTO products (id, category_id, name, unit, grm, protein, carbs, dry, sug, fat, alko, rem) VALUES (353, 8, 'Яйца куриные (желток)', 'шт', 50, 16.1, 0, 49, 0, 30.5, 0, '1. Данные о пищевой ценности продукта приведены из источников, рекомендованных к применению Федеральной службой по Надзору в сфере защиты прав потребителей и благополучия человека (Роспотребнадзор).');
INSERT INTO products (id, category_id, name, unit, grm, protein, carbs, dry, sug, fat, alko, rem) VALUES (354, 8, 'Яйца перепелиные', 'шт', 10, 11.9, 0.6, 26.7, 0, 13.1, 0, 'Данные о пищевой ценности продукта приведены из источников, рекомендованных к применению Федеральной службой по Надзору в сфере защиты прав потребителей и благополучия человека (Роспотребнадзор).

Величина "Углеводы" рассчитана как сумма Крахмала, Моно-дисахаридов, Лактозы и Сахарозы.

Потери моно-дисахаридов и крахмала рассчитаны с учетом процентного содержания моно-дисахаридов и крахмала в продукте.');
INSERT INTO treatments (name, cold, hot, fin, protein, fat, carbs, product_id) VALUES ('Без обработки', 0, 0, 0, 0, 0, 0, 354);
INSERT INTO treatments (name, cold, hot, fin, protein, fat, carbs, product_id) VALUES ('Жарка', 0, 12, 0, 10, 30, 0, 354);
INSERT INTO treatments (name, cold, hot, fin, protein, fat, carbs, product_id) VALUES ('Варка без скорлупы', 0, 10, 0, 10, 25, 0, 354);
INSERT INTO products (id, category_id, name, unit, grm, protein, carbs, dry, sug, fat, alko, rem) VALUES (355, 8, 'Яйца перепелиные маринованные', 'кг', 1000, 12, 0, 25, 0, 13, 0, 'Содержание пищевых в-в указано в соответствии с маркировочным ярлыком товара. Производитель: ООО "Элит продукт", Россия.');
INSERT INTO categories (id, name) VALUES ('9', 'Напитки, соки, спиртные напитки');
INSERT INTO products (id, category_id, name, unit, grm, protein, carbs, dry, sug, fat, alko, rem) VALUES (356, 9, 'Бехеровка Настойка', 'л', 950, 0, 0, 31.7, 0, 0, 31.7, '');
INSERT INTO products (id, category_id, name, unit, grm, protein, carbs, dry, sug, fat, alko, rem) VALUES (357, 9, 'Вермут сладкий', 'л', 1046, 0, 15.9, 29.4, 0, 0, 13, '1. Данные о пищевой ценности продукта приведены из источников, рекомендованных к применению Федеральной службой по Надзору в сфере защиты прав потребителей и благополучия человека (Роспотребнадзор).');
INSERT INTO products (id, category_id, name, unit, grm, protein, carbs, dry, sug, fat, alko, rem) VALUES (358, 9, 'Вино белое сухое', 'л', 995, 0.1, 0.6, 12.7, 0, 0, 9.1, '1. Данные о пищевой ценности продукта приведены из источников, рекомендованных к применению Федеральной службой по Надзору в сфере защиты прав потребителей и благополучия человека (Роспотребнадзор).

2.Данные по технологическим потерям даны на основании средних данных контрольных проработок, проводимых на территории России. Проработка проводилась для классического сливочного соуса. Проведено взвешивание вина после упаривания.');
INSERT INTO treatments (name, cold, hot, fin, protein, fat, carbs, product_id) VALUES ('Выпаривание', 0, 66, 0, 0, 0, 0, 358);
INSERT INTO products (id, category_id, name, unit, grm, protein, carbs, dry, sug, fat, alko, rem) VALUES (359, 9, 'Вино красное крепленое', 'л', 998, 0.1, 12, 28.9, 0, 0, 15.9, '1. Данные о пищевой ценности продукта приведены из источников, рекомендованных к применению Федеральной службой по Надзору в сфере защиты прав потребителей и благополучия человека (Роспотребнадзор).');
INSERT INTO products (id, category_id, name, unit, grm, protein, carbs, dry, sug, fat, alko, rem) VALUES (360, 9, 'Вино красное сухое', 'л', 998, 0.1, 0.2, 11.6, 0, 0, 9.6, '1. Данные о пищевой ценности продукта приведены из источников, рекомендованных к применению Федеральной службой по Надзору в сфере защиты прав потребителей и благополучия человека (Роспотребнадзор).

2. Данные по технологическим потерям даны на основании средних данных контрольных проработок, проводимых на территории России. Проработка проводилась для классического ягодного соуса. Проведено взвешивание вина после упаривания.');
INSERT INTO treatments (name, cold, hot, fin, protein, fat, carbs, product_id) VALUES ('Выпаривание для соуса', 0, 66, 0, 0, 0, 0, 360);
INSERT INTO products (id, category_id, name, unit, grm, protein, carbs, dry, sug, fat, alko, rem) VALUES (361, 9, 'Виски', 'л', 950, 0, 0, 31.7, 0, 0, 31.7, '1. Данные о пищевой ценности продукта приведены из источников, рекомендованных к применению Федеральной службой по Надзору в сфере защиты прав потребителей и благополучия человека (Роспотребнадзор).');
INSERT INTO products (id, category_id, name, unit, grm, protein, carbs, dry, sug, fat, alko, rem) VALUES (362, 9, 'Вода минеральная газированная', 'л', 1000, 0, 0, 0.7, 0, 0, 0, 'Данные о пищевой ценности продукта приведены из источников, рекомендованных к применению Федеральной службой по Надзору в сфере защиты прав потребителей и благополучия человека (Роспотребнадзор). (Вода минеральная Боржоми)');
INSERT INTO products (id, category_id, name, unit, grm, protein, carbs, dry, sug, fat, alko, rem) VALUES (363, 9, 'Вода минеральная Нарзан', 'л', 1000, 0, 0, 0.3, 0, 0, 0, 'Данные о пищевой ценности продукта приведены из источников, рекомендованных к применению Федеральной службой по Надзору в сфере защиты прав потребителей и благополучия человека (Роспотребнадзор).');
INSERT INTO products (id, category_id, name, unit, grm, protein, carbs, dry, sug, fat, alko, rem) VALUES (364, 9, 'Вода питьевая', 'л', 1000, 0, 0, 0.01, 0, 0, 0, 'Данные о пищевой ценности продукта приведены из источников, рекомендованных к применению Федеральной службой по Надзору в сфере защиты прав потребителей и благополучия человека (Роспотребнадзор).');
INSERT INTO treatments (name, cold, hot, fin, protein, fat, carbs, product_id) VALUES ('Потери при варке', 0, 12, 0, 0, 0, 0, 364);
INSERT INTO treatments (name, cold, hot, fin, protein, fat, carbs, product_id) VALUES ('Потери при варке (2)', 0, 37, 0, 0, 0, 0, 364);
INSERT INTO treatments (name, cold, hot, fin, protein, fat, carbs, product_id) VALUES ('Потери при запекании в составе теста', 0, 24.9, 0, 0, 0, 0, 364);
INSERT INTO products (id, category_id, name, unit, grm, protein, carbs, dry, sug, fat, alko, rem) VALUES (365, 9, 'Водка', 'л', 950, 0, 0, 31.7, 0, 0, 31.7, '1. Данные о пищевой ценности продукта приведены из источников, рекомендованных к применению Федеральной службой по Надзору в сфере защиты прав потребителей и благополучия человека (Роспотребнадзор).');
INSERT INTO products (id, category_id, name, unit, grm, protein, carbs, dry, sug, fat, alko, rem) VALUES (366, 9, 'Квас хлебный', 'л', 1000, 0.2, 5, 6.6, 0, 0, 0, 'Данные о пищевой ценности продукта приведены из источников, рекомендованных к применению Федеральной службой по Надзору в сфере защиты прав потребителей и благополучия человека (Роспотребнадзор).

Величина "Углеводы" рассчитана как сумма Крахмала, Моно-дисахаридов, Лактозы и Сахарозы.');
INSERT INTO products (id, category_id, name, unit, grm, protein, carbs, dry, sug, fat, alko, rem) VALUES (367, 9, 'Коньяк (бренди)', 'л', 950, 0, 0, 31.7, 0, 0, 31.7, '1. Данные о пищевой ценности продукта приведены из источников, рекомендованных к применению Федеральной службой по Надзору в сфере защиты прав потребителей и благополучия человека (Роспотребнадзор).');
INSERT INTO products (id, category_id, name, unit, grm, protein, carbs, dry, sug, fat, alko, rem) VALUES (368, 9, 'Лед пищевой', 'кг', 1000, 0, 0, 0.01, 0, 0, 0, '');
INSERT INTO products (id, category_id, name, unit, grm, protein, carbs, dry, sug, fat, alko, rem) VALUES (369, 9, 'Ликер Амаретто', 'л', 1093, 0, 27.2, 52.6, 0, 0, 19.8, '1. Данные о пищевой ценности продукта приведены из источников, рекомендованных к применению Федеральной службой по Надзору в сфере защиты прав потребителей и благополучия человека (Роспотребнадзор). (Ликеры средней крепости). Углеводы - по информации на этикетке (Торговая марк - Bols).');
INSERT INTO products (id, category_id, name, unit, grm, protein, carbs, dry, sug, fat, alko, rem) VALUES (370, 9, 'Ликер Бейлиз', 'л', 1093, 0, 22.8, 55.6, 0, 16.1, 13.5, '1. Данные о пищевой ценности продукта приведены из источников, рекомендованных к применению Федеральной службой по Надзору в сфере защиты прав потребителей и благополучия человека (Роспотребнадзор).');
INSERT INTO products (id, category_id, name, unit, grm, protein, carbs, dry, sug, fat, alko, rem) VALUES (371, 9, 'Ликер Калуа', 'л', 1093, 0, 48, 52.6, 0, 0, 15.8, '1. Данные о пищевой ценности продукта приведены из источников, рекомендованных к применению Федеральной службой по Надзору в сфере защиты прав потребителей и благополучия человека (Роспотребнадзор). (Ликеры средней крепости). Углеводы - по информации на этикетке.');
INSERT INTO products (id, category_id, name, unit, grm, protein, carbs, dry, sug, fat, alko, rem) VALUES (372, 9, 'Ликер Куантро', 'л', 950, 0, 24.4, 72, 0, 0, 31.8, '1. Данные о пищевой ценности продукта приведены из источников, рекомендованных к применению Федеральной службой по Надзору в сфере защиты прав потребителей и благополучия человека (Роспотребнадзор). (Ликеры крепкие)');
INSERT INTO products (id, category_id, name, unit, grm, protein, carbs, dry, sug, fat, alko, rem) VALUES (373, 9, 'Ликер Малибу', 'л', 1052, 0, 20, 52.6, 0, 0, 19, '1. Данные о пищевой ценности продукта приведены из источников, рекомендованных к применению Федеральной службой по Надзору в сфере защиты прав потребителей и благополучия человека (Роспотребнадзор). (Ликеры средней крепости). Углеводы - по информации на этикетке.');
INSERT INTO products (id, category_id, name, unit, grm, protein, carbs, dry, sug, fat, alko, rem) VALUES (374, 9, 'Ликер Самбука', 'л', 950, 0, 35, 72, 0, 0, 31.8, '1. Данные о пищевой ценности продукта приведены из источников, рекомендованных к применению Федеральной службой по Надзору в сфере защиты прав потребителей и благополучия человека (Роспотребнадзор). (Ликеры крепкие). Углеводы - по информации с этикетки, торговая марка - Barbero.');
INSERT INTO products (id, category_id, name, unit, grm, protein, carbs, dry, sug, fat, alko, rem) VALUES (375, 9, 'Ликер Сохо (из плодов личи)', 'л', 1093, 0, 32.8, 52.6, 0, 0, 19.8, '1. Данные о пищевой ценности продукта приведены из источников, рекомендованных к применению Федеральной службой по Надзору в сфере защиты прав потребителей и благополучия человека (Роспотребнадзор). (Ликеры средней крепости)');
INSERT INTO products (id, category_id, name, unit, grm, protein, carbs, dry, sug, fat, alko, rem) VALUES (376, 9, 'Ликеры фруктовые Мари Бризар', 'л', 1093, 0, 32.8, 52.6, 0, 0, 19.8, '1. Данные о пищевой ценности продукта приведены из источников, рекомендованных к применению Федеральной службой по Надзору в сфере защиты прав потребителей и благополучия человека (Роспотребнадзор). (Ликеры средней крепости)');
INSERT INTO products (id, category_id, name, unit, grm, protein, carbs, dry, sug, fat, alko, rem) VALUES (377, 9, 'Пиво светлое', 'л', 1005, 0.3, 0, 7, 0, 0, 4, '1. Данные о пищевой ценности продукта приведены из источников, рекомендованных к применению Федеральной службой по Надзору в сфере защиты прав потребителей и благополучия человека (Роспотребнадзор). (По пиву низового брожения (лагерное).');
INSERT INTO products (id, category_id, name, unit, grm, protein, carbs, dry, sug, fat, alko, rem) VALUES (378, 9, 'Рассол огуречный', 'кг', 1000, 0, 3, 3.3, 0, 0, 0, '');
INSERT INTO products (id, category_id, name, unit, grm, protein, carbs, dry, sug, fat, alko, rem) VALUES (379, 9, 'Ром Баккарди', 'л', 950, 0, 0, 31.7, 0, 0, 31.7, '1. Данные о пищевой ценности продукта приведены из источников, рекомендованных к применению Федеральной службой по Надзору в сфере защиты прав потребителей и благополучия человека (Роспотребнадзор).');
INSERT INTO products (id, category_id, name, unit, grm, protein, carbs, dry, sug, fat, alko, rem) VALUES (380, 9, 'Сок абрикосовый', 'л', 1000, 0.5, 13.7, 16, 0, 0, 0, '1. Данные о пищевой ценности продукта приведены из источников, рекомендованных к применению Федеральной службой по Надзору в сфере защиты прав потребителей и благополучия человека (Роспотребнадзор).

Величина "Углеводы" рассчитана как сумма Крахмала, Моно-дисахаридов, Лактозы и Сахарозы.

2. Данные по технологическим потерям даны на основании средних данных контрольных проработок, проводимых на территории России.');
INSERT INTO treatments (name, cold, hot, fin, protein, fat, carbs, product_id) VALUES ('Выпаривание для фруктового соуса', 0, 90, 0, 2, 2, 2, 380);
INSERT INTO products (id, category_id, name, unit, grm, protein, carbs, dry, sug, fat, alko, rem) VALUES (381, 9, 'Сок апельсиновый', 'л', 1000, 0.7, 12.8, 15.5, 0, 0, 0, '1. Данные о пищевой ценности продукта приведены из источников, рекомендованных к применению Федеральной службой по Надзору в сфере защиты прав потребителей и благополучия человека (Роспотребнадзор).

Величина "Углеводы" рассчитана как сумма Крахмала, Моно-дисахаридов, Лактозы и Сахарозы.

2. Данные по технологическим потерям даны на основании средних данных контрольных проработок, проводимых на территории России.');
INSERT INTO treatments (name, cold, hot, fin, protein, fat, carbs, product_id) VALUES ('Выпаривание для фруктового соуса', 0, 90, 0, 2, 2, 2, 381);
INSERT INTO treatments (name, cold, hot, fin, protein, fat, carbs, product_id) VALUES ('Потери при варке', 0, 70, 0, 2, 2, 2, 381);
INSERT INTO products (id, category_id, name, unit, grm, protein, carbs, dry, sug, fat, alko, rem) VALUES (382, 9, 'Сок Виноградный', 'л', 1000, 0.3, 13.8, 18.1, 0, 0, 0, 'Данные о пищевой ценности продукта приведены из источников, рекомендованных к применению Федеральной службой по Надзору в сфере защиты прав потребителей и благополучия человека (Роспотребнадзор).

Величина "Углеводы" рассчитана как сумма Крахмала, Моно-дисахаридов, Лактозы и Сахарозы.');
INSERT INTO products (id, category_id, name, unit, grm, protein, carbs, dry, sug, fat, alko, rem) VALUES (383, 9, 'Сок Вишневый', 'л', 1000, 0.7, 10.2, 15, 0, 0, 0, 'Данные о пищевой ценности продукта приведены из источников, рекомендованных к применению Федеральной службой по Надзору в сфере защиты прав потребителей и благополучия человека (Роспотребнадзор).

Величина "Углеводы" рассчитана как сумма Крахмала, Моно-дисахаридов, Лактозы и Сахарозы.');
INSERT INTO products (id, category_id, name, unit, grm, protein, carbs, dry, sug, fat, alko, rem) VALUES (384, 9, 'Сок Гранатовый', 'л', 1000, 0.3, 14.5, 17.5, 0, 0, 0, 'Данные о пищевой ценности продукта приведены из источников, рекомендованных к применению Федеральной службой по Надзору в сфере защиты прав потребителей и благополучия человека (Роспотребнадзор).

Величина "Углеводы" рассчитана как сумма Крахмала, Моно-дисахаридов, Лактозы и Сахарозы.');
INSERT INTO products (id, category_id, name, unit, grm, protein, carbs, dry, sug, fat, alko, rem) VALUES (385, 9, 'Сок Грейпфрутовый', 'л', 1000, 0.3, 8, 9.6, 0, 0, 0, 'Данные о пищевой ценности продукта приведены из источников, рекомендованных к применению Федеральной службой по Надзору в сфере защиты прав потребителей и благополучия человека (Роспотребнадзор).

Величина "Углеводы" рассчитана как сумма Крахмала, Моно-дисахаридов, Лактозы и Сахарозы.');
INSERT INTO products (id, category_id, name, unit, grm, protein, carbs, dry, sug, fat, alko, rem) VALUES (386, 9, 'Сок Лимонный', 'л', 1000, 0.6, 2.5, 8.7, 0, 0, 0, 'Данные о пищевой ценности продукта приведены из источников, рекомендованных к применению Федеральной службой по Надзору в сфере защиты прав потребителей и благополучия человека (Роспотребнадзор).

Величина "Углеводы" рассчитана как сумма Крахмала, Моно-дисахаридов, Лактозы и Сахарозы.');
INSERT INTO products (id, category_id, name, unit, grm, protein, carbs, dry, sug, fat, alko, rem) VALUES (387, 9, 'Сок Мандариновый', 'л', 1000, 0.8, 9, 12.2, 0, 0, 0, 'Данные о пищевой ценности продукта приведены из источников, рекомендованных к применению Федеральной службой по Надзору в сфере защиты прав потребителей и благополучия человека (Роспотребнадзор).

Величина "Углеводы" рассчитана как сумма Крахмала, Моно-дисахаридов, Лактозы и Сахарозы.');
INSERT INTO products (id, category_id, name, unit, grm, protein, carbs, dry, sug, fat, alko, rem) VALUES (388, 9, 'Сок Мексиканский Микс', 'кг', 1000, 0, 0, 0, 0, 0, 0, '');
INSERT INTO products (id, category_id, name, unit, grm, protein, carbs, dry, sug, fat, alko, rem) VALUES (389, 9, 'Сок Морковный', 'л', 1000, 1.1, 5.8, 15.4, 0, 0.1, 0, 'Данные о пищевой ценности продукта приведены из источников, рекомендованных к применению Федеральной службой по Надзору в сфере защиты прав потребителей и благополучия человека (Роспотребнадзор).

Величина "Углеводы" рассчитана как сумма Крахмала, Моно-дисахаридов, Лактозы и Сахарозы.');
INSERT INTO products (id, category_id, name, unit, grm, protein, carbs, dry, sug, fat, alko, rem) VALUES (390, 9, 'Сок Персиковый', 'л', 1000, 0.3, 17, 18, 0, 0, 0, '1. Данные о пищевой ценности продукта приведены из источников, рекомендованных к применению Федеральной службой по Надзору в сфере защиты прав потребителей и благополучия человека (Роспотребнадзор).

Величина "Углеводы" рассчитана как сумма Крахмала, Моно-дисахаридов, Лактозы и Сахарозы.

2. Данные по технологическим потерям даны на основании средних данных контрольных проработок, проводимых на территории России.');
INSERT INTO treatments (name, cold, hot, fin, protein, fat, carbs, product_id) VALUES ('Выпаривание для фруктового соуса', 0, 85, 0, 2, 2, 2, 390);
INSERT INTO products (id, category_id, name, unit, grm, protein, carbs, dry, sug, fat, alko, rem) VALUES (391, 9, 'Сок Сливовый', 'л', 1000, 0.3, 16.1, 18, 0, 0, 0, '1. Данные о пищевой ценности продукта приведены из источников, рекомендованных к применению Федеральной службой по Надзору в сфере защиты прав потребителей и благополучия человека (Роспотребнадзор).

Величина "Углеводы" рассчитана как сумма Крахмала, Моно-дисахаридов, Лактозы и Сахарозы.

2. Данные по технологическим потерям даны на основании средних данных контрольных проработок, проводимых на территории России.');
INSERT INTO treatments (name, cold, hot, fin, protein, fat, carbs, product_id) VALUES ('Выпаривание для фруктового соуса', 0, 85, 0, 2, 2, 2, 391);
INSERT INTO products (id, category_id, name, unit, grm, protein, carbs, dry, sug, fat, alko, rem) VALUES (392, 9, 'Сок Томатный', 'л', 1000, 1, 3.5, 5.7, 0, 0, 0, 'Данные о пищевой ценности продукта приведены из источников, рекомендованных к применению Федеральной службой по Надзору в сфере защиты прав потребителей и благополучия человека (Роспотребнадзор).

Величина "Углеводы" рассчитана как сумма Крахмала, Моно-дисахаридов, Лактозы и Сахарозы.');
INSERT INTO products (id, category_id, name, unit, grm, protein, carbs, dry, sug, fat, alko, rem) VALUES (393, 9, 'Сок Черносмородиновый', 'л', 1000, 0.5, 7.9, 12, 0, 0, 0, 'Данные о пищевой ценности продукта приведены из источников, рекомендованных к применению Федеральной службой по Надзору в сфере защиты прав потребителей и благополучия человека (Роспотребнадзор).

Величина "Углеводы" рассчитана как сумма Крахмала, Моно-дисахаридов, Лактозы и Сахарозы.');
INSERT INTO products (id, category_id, name, unit, grm, protein, carbs, dry, sug, fat, alko, rem) VALUES (394, 9, 'Сок Яблочный', 'л', 1000, 0.5, 9.1, 11.9, 0, 0, 0, 'Данные о пищевой ценности продукта приведены из источников, рекомендованных к применению Федеральной службой по Надзору в сфере защиты прав потребителей и благополучия человека (Роспотребнадзор).

Величина "Углеводы" рассчитана как сумма Крахмала, Моно-дисахаридов, Лактозы и Сахарозы.');
INSERT INTO products (id, category_id, name, unit, grm, protein, carbs, dry, sug, fat, alko, rem) VALUES (395, 9, 'Тоник Швепс', 'кг', 1000, 0, 0, 0, 0, 0, 0, '');
INSERT INTO categories (id, name) VALUES ('10', 'Овощи, грибы, зелень (свежие, сушеные и консервированные)');
INSERT INTO products (id, category_id, name, unit, grm, protein, carbs, dry, sug, fat, alko, rem) VALUES (396, 10, 'Артишоки', 'кг', 1000, 1.2, 6, 10, 0, 0.1, 0, '1.Данные о пищевой ценности приведены из непроверенного источника (http://health-diet.ru)

2. Технологические потери даны на основании СТН');
INSERT INTO treatments (name, cold, hot, fin, protein, fat, carbs, product_id) VALUES ('Варка', 50, 15, 0, 5, 5, 0, 396);
INSERT INTO products (id, category_id, name, unit, grm, protein, carbs, dry, sug, fat, alko, rem) VALUES (397, 10, 'Баклажаны', 'кг', 1000, 1.2, 5.1, 9, 0, 0.1, 0, 'Данные о пищевой ценности продукта приведены из источников, рекомендованных к применению Федеральной службой по Надзору в сфере защиты прав потребителей и благополучия человека (Роспотребнадзор).

Величина "Углеводы" рассчитана как сумма Крахмала, Моно-дисахаридов, Лактозы и Сахарозы.

Потери моно-дисахаридов и крахмала рассчитаны с учетом процентного содержания моно-дисахаридов и крахмала в продукте.');
INSERT INTO treatments (name, cold, hot, fin, protein, fat, carbs, product_id) VALUES ('Жареные кружочками', 5, 26, 0, 5, 10, 2, 397);
INSERT INTO treatments (name, cold, hot, fin, protein, fat, carbs, product_id) VALUES ('Печеные в кожице с последующей очисткой', 0, 27, 0, 2, 10, 1, 397);
INSERT INTO treatments (name, cold, hot, fin, protein, fat, carbs, product_id) VALUES ('Жареные кружочками очищенные', 15, 26, 0, 5, 10, 2, 397);
INSERT INTO treatments (name, cold, hot, fin, protein, fat, carbs, product_id) VALUES ('Жареные в панировке', 5, 22, 0, 5, 10, 2, 397);
INSERT INTO treatments (name, cold, hot, fin, protein, fat, carbs, product_id) VALUES ('Жареные в панировке очищенные', 15, 22, 0, 5, 10, 2, 397);
INSERT INTO treatments (name, cold, hot, fin, protein, fat, carbs, product_id) VALUES ('Жарка тонкими слайсами на гриле', 5, 46.7, 0, 5, 10, 2, 397);
INSERT INTO treatments (name, cold, hot, fin, protein, fat, carbs, product_id) VALUES ('Запекание в кожице без очистки', 3, 21, 0, 2, 10, 0, 397);
INSERT INTO products (id, category_id, name, unit, grm, protein, carbs, dry, sug, fat, alko, rem) VALUES (398, 10, 'Бамия свежая', 'кг', 1000, 2.8, 3, 13.4, 0, 1, 0, '1. Данные о пищевой ценности продукта приведены из источников, рекомендованных к применению Федеральной службой по Надзору в сфере защиты прав потребителей и благополучия человека (Роспотребнадзор).');
INSERT INTO treatments (name, cold, hot, fin, protein, fat, carbs, product_id) VALUES ('Холодная обработка', 26, 0, 0, 0, 0, 0, 398);
INSERT INTO products (id, category_id, name, unit, grm, protein, carbs, dry, sug, fat, alko, rem) VALUES (399, 10, 'Виноградные листья маринованные', 'кг', 1000, 0, 0, 0, 0, 0, 0, '1. Данные по технологическим потерям даны на основании средних данных контрольных проработок, проводимых на территории России.

2. Данные о содержании пищевых веществ временно отсутствуют. Проверяйте наличие обновлений базы ингредиетов на сайте www.chefexpert.ru. ');
INSERT INTO treatments (name, cold, hot, fin, protein, fat, carbs, product_id) VALUES ('Холодная обработка', 7, 0, 0, 0, 0, 0, 399);
INSERT INTO products (id, category_id, name, unit, grm, protein, carbs, dry, sug, fat, alko, rem) VALUES (400, 10, 'Горошек зеленый консервированный', 'кг', 1000, 3.1, 6.5, 15.8, 0, 0.2, 0, 'Данные о пищевой ценности продукта приведены из источников, рекомендованных к применению Федеральной службой по Надзору в сфере защиты прав потребителей и благополучия человека (Роспотребнадзор).

Величина "Углеводы" рассчитана как сумма Крахмала, Моно-дисахаридов, Лактозы и Сахарозы.');
INSERT INTO products (id, category_id, name, unit, grm, protein, carbs, dry, sug, fat, alko, rem) VALUES (401, 10, 'Горошек зеленый свежий', 'кг', 1000, 5, 12.8, 20, 0, 0.2, 0, 'Данные о пищевой ценности продукта приведены из источников, рекомендованных к применению Федеральной службой по Надзору в сфере защиты прав потребителей и благополучия человека (Роспотребнадзор).

Величина "Углеводы" рассчитана как сумма Крахмала, Моно-дисахаридов, Лактозы и Сахарозы.

Потери моно-дисахаридов и крахмала рассчитаны с учетом процентного содержания моно-дисахаридов и крахмала в продукте.');
INSERT INTO treatments (name, cold, hot, fin, protein, fat, carbs, product_id) VALUES ('варка', 0, 8, 0, 5, 5, 10, 401);
INSERT INTO products (id, category_id, name, unit, grm, protein, carbs, dry, sug, fat, alko, rem) VALUES (402, 10, 'Грибы Белые свежие', 'кг', 1000, 3.7, 1.1, 10.6, 0, 1.7, 0, 'Данные о пищевой ценности продукта приведены из источников, рекомендованных к применению Федеральной службой по Надзору в сфере защиты прав потребителей и благополучия человека (Роспотребнадзор).

Величина "Углеводы" рассчитана как сумма Крахмала, Моно-дисахаридов, Лактозы и Сахарозы.

Потери моно-дисахаридов и крахмала рассчитаны с учетом процентного содержания моно-дисахаридов и крахмала в продукте.');
INSERT INTO treatments (name, cold, hot, fin, protein, fat, carbs, product_id) VALUES ('Жарка дольками', 24, 35, 0, 5, 10, 0, 402);
INSERT INTO treatments (name, cold, hot, fin, protein, fat, carbs, product_id) VALUES ('Пассерование', 24, 50, 0, 2, 10, 0, 402);
INSERT INTO treatments (name, cold, hot, fin, protein, fat, carbs, product_id) VALUES ('Припускание', 24, 25, 0, 2, 10, 0, 402);
INSERT INTO products (id, category_id, name, unit, grm, protein, carbs, dry, sug, fat, alko, rem) VALUES (403, 10, 'Грибы Белые сушеные', 'кг', 1000, 20.1, 7.6, 87, 0, 4.8, 0, 'Данные о пищевой ценности продукта приведены из источников, рекомендованных к применению Федеральной службой по Надзору в сфере защиты прав потребителей и благополучия человека (Роспотребнадзор).

Величина "Углеводы" рассчитана как сумма Крахмала, Моно-дисахаридов, Лактозы и Сахарозы.

Потери моно-дисахаридов и крахмала рассчитаны с учетом процентного содержания моно-дисахаридов и крахмала в продукте.');
INSERT INTO treatments (name, cold, hot, fin, protein, fat, carbs, product_id) VALUES ('Варка', 0, -100, 0, 2, 10, 0, 403);
INSERT INTO products (id, category_id, name, unit, grm, protein, carbs, dry, sug, fat, alko, rem) VALUES (404, 10, 'Грибы Вешенки', 'кг', 1000, 4.3, 0.1, 9, 0, 1, 0, '1. Данные по технологическим потерям даны на основании средних данных контрольных проработок, проводимых на территории России.

2. Пищевая ценность - по Шампиньонам свежим');
INSERT INTO treatments (name, cold, hot, fin, protein, fat, carbs, product_id) VALUES ('Жарка', 15, 50, 0, 5, 10, 20, 404);
INSERT INTO treatments (name, cold, hot, fin, protein, fat, carbs, product_id) VALUES ('Варка', 3.7, 11.5, 0, 5, 5, 20, 404);
INSERT INTO products (id, category_id, name, unit, grm, protein, carbs, dry, sug, fat, alko, rem) VALUES (405, 10, 'Грибы Грузди свежие', 'кг', 1000, 1.8, 0.5, 12, 0, 0.8, 0, 'Данные о пищевой ценности продукта приведены из источников, рекомендованных к применению Федеральной службой по Надзору в сфере защиты прав потребителей и благополучия человека (Роспотребнадзор).

Величина "Углеводы" рассчитана как сумма Крахмала, Моно-дисахаридов, Лактозы и Сахарозы.');
INSERT INTO treatments (name, cold, hot, fin, protein, fat, carbs, product_id) VALUES ('Жарка', 0, 0, 0, 5, 10, 0, 405);
INSERT INTO treatments (name, cold, hot, fin, protein, fat, carbs, product_id) VALUES ('Пассерование', 0, 0, 0, 2, 10, 0, 405);
INSERT INTO treatments (name, cold, hot, fin, protein, fat, carbs, product_id) VALUES ('Припускание', 0, 0, 0, 2, 10, 0, 405);
INSERT INTO products (id, category_id, name, unit, grm, protein, carbs, dry, sug, fat, alko, rem) VALUES (406, 10, 'Грибы древесные черные сушеные (Китай)', 'кг', 1000, 0, 0, 0, 0, 0, 0, '1. Данные о содержании пищевых веществ временно отсутствуют. Проверяйте наличие обновлений базы ингредиетов на сайте www.chefexpert.ru.

2. Данные по технологическим потерям даны на основании средних данных контрольных проработок, проводимых на территории России.');
INSERT INTO treatments (name, cold, hot, fin, protein, fat, carbs, product_id) VALUES ('Варка', -721, 0, 0, 5, 5, 20, 406);
INSERT INTO products (id, category_id, name, unit, grm, protein, carbs, dry, sug, fat, alko, rem) VALUES (407, 10, 'Грибы Лисички свежие', 'кг', 1000, 1.6, 1.5, 9, 0, 1.1, 0, '1. Данные о пищевой ценности продукта приведены из источников, рекомендованных к применению Федеральной службой по Надзору в сфере защиты прав потребителей и благополучия человека (Роспотребнадзор).

Величина "Углеводы" рассчитана как сумма Крахмала, Моно-дисахаридов, Лактозы и Сахарозы.

2.');
INSERT INTO treatments (name, cold, hot, fin, protein, fat, carbs, product_id) VALUES ('Варка со сливом', 0, 0, 0, 5, 5, 0, 407);
INSERT INTO treatments (name, cold, hot, fin, protein, fat, carbs, product_id) VALUES ('Жарка', 0, 0, 0, 5, 10, 0, 407);
INSERT INTO products (id, category_id, name, unit, grm, protein, carbs, dry, sug, fat, alko, rem) VALUES (408, 10, 'Грибы Маслята свежие', 'кг', 1000, 2.4, 0.5, 16.5, 0, 0.7, 0, 'Данные о пищевой ценности продукта приведены из источников, рекомендованных к применению Федеральной службой по Надзору в сфере защиты прав потребителей и благополучия человека (Роспотребнадзор).

Величина "Углеводы" рассчитана как сумма Крахмала, Моно-дисахаридов, Лактозы и Сахарозы.

Потери моно-дисахаридов и крахмала рассчитаны с учетом процентного содержания моно-дисахаридов и крахмала в продукте.');
INSERT INTO treatments (name, cold, hot, fin, protein, fat, carbs, product_id) VALUES ('Варка со сливом', 0, 0, 0, 5, 5, 0, 408);
INSERT INTO treatments (name, cold, hot, fin, protein, fat, carbs, product_id) VALUES ('Жарка', 0, 0, 0, 5, 10, 0, 408);
INSERT INTO products (id, category_id, name, unit, grm, protein, carbs, dry, sug, fat, alko, rem) VALUES (409, 10, 'Грибы опята маринованные', 'кг', 1000, 2.9, 7, 16.1, 0, 0.2, 0, '1. Источник информации о пищевой ценности - маркировочный ярлык товара. Производитель или торговая марка - Папричи.

    Сухие вещества расчитаны как сумма белков, жиров и углеводов + 6.');
INSERT INTO products (id, category_id, name, unit, grm, protein, carbs, dry, sug, fat, alko, rem) VALUES (410, 10, 'Грибы Опята свежие', 'кг', 1000, 2.2, 0.5, 10, 0, 1.2, 0, '1. Данные о пищевой ценности продукта приведены из источников, рекомендованных к применению Федеральной службой по Надзору в сфере защиты прав потребителей и благополучия человека (Роспотребнадзор).

Величина "Углеводы" рассчитана как сумма Крахмала, Моно-дисахаридов, Лактозы и Сахарозы.

2. Данные по технологическим потерям временно отсутствуют. Проверяйте наличие обновлений базы ингредиетов на сайте www.chefexpert.ru.');
INSERT INTO treatments (name, cold, hot, fin, protein, fat, carbs, product_id) VALUES ('Варка со сливом', 0, 0, 0, 5, 5, 0, 410);
INSERT INTO treatments (name, cold, hot, fin, protein, fat, carbs, product_id) VALUES ('Жарка', 0, 0, 0, 5, 10, 0, 410);
INSERT INTO products (id, category_id, name, unit, grm, protein, carbs, dry, sug, fat, alko, rem) VALUES (411, 10, 'Грибы Сморчки свежие', 'кг', 1000, 2.9, 0.2, 8, 0, 0.4, 0, 'Данные о пищевой ценности продукта приведены из источников, рекомендованных к применению Федеральной службой по Надзору в сфере защиты прав потребителей и благополучия человека (Роспотребнадзор).

Величина "Углеводы" рассчитана как сумма Крахмала, Моно-дисахаридов, Лактозы и Сахарозы.

Потери моно-дисахаридов и крахмала рассчитаны с учетом процентного содержания моно-дисахаридов и крахмала в продукте.');
INSERT INTO treatments (name, cold, hot, fin, protein, fat, carbs, product_id) VALUES ('Жарка', 16, 50, 0, 5, 10, 0, 411);
INSERT INTO products (id, category_id, name, unit, grm, protein, carbs, dry, sug, fat, alko, rem) VALUES (412, 10, 'Грибы сморчки сушеные (Китай)', 'кг', 1000, 0, 0, 0, 0, 0, 0, '1. Данные о содержании пищевых веществ временно отсутствуют. Проверяйте наличие обновлений базы ингредиетов на сайте www.chefexpert.ru.

2. Данные по технологическим потерям даны на основании средних данных контрольных проработок, проводимых на территории России.');
INSERT INTO treatments (name, cold, hot, fin, protein, fat, carbs, product_id) VALUES ('Варка', 0, -400, 0, 5, 5, 20, 412);
INSERT INTO products (id, category_id, name, unit, grm, protein, carbs, dry, sug, fat, alko, rem) VALUES (413, 10, 'Грибы сушеные (Ассорти)', 'кг', 1000, 20.1, 7.6, 87, 0, 4.8, 0, '1. Данные по технологическим потерям даны на основании средних данных контрольных проработок, проводимых на территории России.

2. Данные по пищевой ценности приведены по грибам белым сушеным.');
INSERT INTO treatments (name, cold, hot, fin, protein, fat, carbs, product_id) VALUES ('Варка', 0, -130, 0, 5, 5, 20, 413);
INSERT INTO treatments (name, cold, hot, fin, protein, fat, carbs, product_id) VALUES ('Варка (% по белым грибам)', 0, -100, 0, 5, 5, 20, 413);
INSERT INTO products (id, category_id, name, unit, grm, protein, carbs, dry, sug, fat, alko, rem) VALUES (414, 10, 'Грибы Трюфеля черные', 'кг', 1000, 3, 2, 10, 0, 0.5, 0, 'Данные о пищевой ценности приведены из непроверенного источника (http://health-diet.ru)');
INSERT INTO treatments (name, cold, hot, fin, protein, fat, carbs, product_id) VALUES ('Потери при хранении и холодной обработки', 14, 0, 0, 0, 0, 0, 414);
INSERT INTO products (id, category_id, name, unit, grm, protein, carbs, dry, sug, fat, alko, rem) VALUES (415, 10, 'Грибы устричные свежие или с/м', 'кг', 1000, 4.3, 0.1, 9, 0, 1, 0, '1. Данные по технологическим потерям даны на основании средних данных контрольных проработок, проводимых на территории России.

2. Пищевая ценность - по грибам Шампиньонам.');
INSERT INTO treatments (name, cold, hot, fin, protein, fat, carbs, product_id) VALUES ('Жарка', 23.95, 50, 0, 5, 10, 0, 415);
INSERT INTO products (id, category_id, name, unit, grm, protein, carbs, dry, sug, fat, alko, rem) VALUES (416, 10, 'Грибы шампиньоны маринованные', 'кг', 1000, 2.9, 7, 16.1, 0, 0.2, 0, 'Данные о содержании пищевых веществ приведены по продукту "Грибы опята маринованные"');
INSERT INTO products (id, category_id, name, unit, grm, protein, carbs, dry, sug, fat, alko, rem) VALUES (417, 10, 'Грибы Шампиньоны свежие', 'кг', 1000, 4.3, 0.1, 9, 0, 1, 0, '1. Данные о пищевой ценности продукта приведены из источников, рекомендованных к применению Федеральной службой по Надзору в сфере защиты прав потребителей и благополучия человека (Роспотребнадзор).

Величина "Углеводы" рассчитана как сумма Крахмала, Моно-дисахаридов, Лактозы и Сахарозы.

Потери моно-дисахаридов и крахмала рассчитаны с учетом процентного содержания моно-дисахаридов и крахмала в продукте.

2. Данные по холодной обработке по СТН не проставлены, т.к. в настоящее время предприятия используют грибы, не требующие дополнительной зачистки. В случае установленных на предприятии норм на очистку грибов, необходимо указать соответствующие проценты потерь.

3. Данные по технологическим потерям (строка 4) даны на основании средних данных контрольных проработок, проводимых на территории России. Проработка проводилась для грибов нарезанных дольками, обжаренных на раскаленной сковородке до золотистой корочки.');
INSERT INTO treatments (name, cold, hot, fin, protein, fat, carbs, product_id) VALUES ('Варка целиком', 0, 30, 0, 5, 5, 0, 417);
INSERT INTO treatments (name, cold, hot, fin, protein, fat, carbs, product_id) VALUES ('Жарка ломтиками из сырых', 0, 60, 0, 5, 10, 0, 417);
INSERT INTO treatments (name, cold, hot, fin, protein, fat, carbs, product_id) VALUES ('Сырые для салата', 5, 0, 0, 0, 0, 0, 417);
INSERT INTO treatments (name, cold, hot, fin, protein, fat, carbs, product_id) VALUES ('Жарка дольками (Контр. прораб.)', 0, 39.3, 0, 5, 10, 0, 417);
INSERT INTO treatments (name, cold, hot, fin, protein, fat, carbs, product_id) VALUES ('Жарка из сырых (Контрольная по ТУ)', 23.7, 51.06, 0, 5, 10, 0, 417);
INSERT INTO products (id, category_id, name, unit, grm, protein, carbs, dry, sug, fat, alko, rem) VALUES (418, 10, 'Грибы Шиитаке сушеные', 'кг', 1000, 19.3, 3.7, 87, 0, 22.4, 0, '1. Данные по технологическим потерям даны на основании средних данных контрольных проработок, проводимых на территории России.

2. Содержание пищевых веществ приведено с упаковочного ярлыка товара. Производитель: Qingdao Sun-Growing Trade Co., LTD, Китай');
INSERT INTO treatments (name, cold, hot, fin, protein, fat, carbs, product_id) VALUES ('Варка', 0, -390, 0, 5, 5, 20, 418);
INSERT INTO products (id, category_id, name, unit, grm, protein, carbs, dry, sug, fat, alko, rem) VALUES (419, 10, 'Зелень базилик', 'кг', 1000, 2.57, 4.8, 11.5, 0, 0.37, 0, '1. Данные о содержании пищевых веществ приведены по зелени (среднее значение).');
INSERT INTO treatments (name, cold, hot, fin, protein, fat, carbs, product_id) VALUES ('Холодная обработка', 16, 0, 0, 0, 0, 0, 419);
INSERT INTO products (id, category_id, name, unit, grm, protein, carbs, dry, sug, fat, alko, rem) VALUES (420, 10, 'Зелень бамбуковый лист', 'кг', 1000, 2.57, 4.8, 11.5, 0, 0.37, 0, 'Данные о содержании пищевых веществ приведены по зелени (среднее значение).

* Примечание: Выход 1 листа - 3 грамма');
INSERT INTO products (id, category_id, name, unit, grm, protein, carbs, dry, sug, fat, alko, rem) VALUES (421, 10, 'Зелень Кинза (Кориандр)', 'кг', 1000, 2.57, 4.8, 11.5, 0, 0.37, 0, '1. Данные о содержании пищевых веществ приведены по зелени (среднее значение).

2. Данные по технологическим потерям даны на основании средних данных контрольных проработок, проводимых на территории России.

');
INSERT INTO treatments (name, cold, hot, fin, protein, fat, carbs, product_id) VALUES ('Холодная обработка', 27, 0, 0, 0, 0, 0, 421);
INSERT INTO products (id, category_id, name, unit, grm, protein, carbs, dry, sug, fat, alko, rem) VALUES (422, 10, 'Зелень Мята перечная', 'кг', 1000, 3.8, 5.3, 13.6, 0, 0.7, 0, '1. Данные о пищевой ценности продукта приведены из источников, рекомендованных к применению Федеральной службой по Надзору в сфере защиты прав потребителей и благополучия человека (Роспотребнадзор).

2. Данные по технологическим потерям даны на основании средних данных контрольных проработок, проводимых на территории России.');
INSERT INTO treatments (name, cold, hot, fin, protein, fat, carbs, product_id) VALUES ('Холодная обработка', 26, 0, 0, 0, 0, 0, 422);
INSERT INTO products (id, category_id, name, unit, grm, protein, carbs, dry, sug, fat, alko, rem) VALUES (423, 10, 'Зелень Орегано', 'кг', 1000, 2.57, 4.8, 11.5, 0, 0.37, 0, '1. Данные о содержании пищевых веществ приведены по зелени (среднее значение).

2. Данные по технологическим потерям даны на основании средних данных контрольных проработок, проводимых на территории России. Используются стебли свежего орегано.');
INSERT INTO treatments (name, cold, hot, fin, protein, fat, carbs, product_id) VALUES ('Холодная обработка', 12, 0, 0, 0, 0, 0, 423);
INSERT INTO products (id, category_id, name, unit, grm, protein, carbs, dry, sug, fat, alko, rem) VALUES (424, 10, 'Зелень Петрушка', 'кг', 1000, 3.7, 8, 15, 0, 0.4, 0, 'Данные о пищевой ценности продукта приведены из источников, рекомендованных к применению Федеральной службой по Надзору в сфере защиты прав потребителей и благополучия человека (Роспотребнадзор).

Величина "Углеводы" рассчитана как сумма Крахмала, Моно-дисахаридов, Лактозы и Сахарозы.

Потери моно-дисахаридов и крахмала рассчитаны с учетом процентного содержания моно-дисахаридов и крахмала в продукте.');
INSERT INTO treatments (name, cold, hot, fin, protein, fat, carbs, product_id) VALUES ('Холодная обработка', 26, 0, 0, 0, 0, 0, 424);
INSERT INTO treatments (name, cold, hot, fin, protein, fat, carbs, product_id) VALUES ('Выделение хлорофила', 85, 0, 0, 0, 0, 0, 424);
INSERT INTO products (id, category_id, name, unit, grm, protein, carbs, dry, sug, fat, alko, rem) VALUES (425, 10, 'Зелень Розмарин', 'кг', 1000, 2.57, 4.8, 11.5, 0, 0.37, 0, '1. Данные о содержании пищевых веществ приведены по зелени (среднее значение).

2. Данные по технологическим потерям даны на основании средних данных контрольных проработок, проводимых на территории России. Для проработки использовались стебли розмарина.');
INSERT INTO treatments (name, cold, hot, fin, protein, fat, carbs, product_id) VALUES ('Холодная обработка', 13, 0, 0, 0, 0, 0, 425);
INSERT INTO products (id, category_id, name, unit, grm, protein, carbs, dry, sug, fat, alko, rem) VALUES (426, 10, 'Зелень Руккола', 'кг', 1000, 2.57, 4.8, 11.5, 0, 0.37, 0, '1. Данные о содержании пищевых веществ приведены по зелени (среднее значение).

2. Данные по технологическим потерям даны на основании средних данных контрольных проработок, проводимых на территории России. В потери включены отходы на удаление основания листа, удаление пожелтевших, увядших листьев.');
INSERT INTO treatments (name, cold, hot, fin, protein, fat, carbs, product_id) VALUES ('Холодная обработка', 32, 0, 0, 0, 0, 0, 426);
INSERT INTO products (id, category_id, name, unit, grm, protein, carbs, dry, sug, fat, alko, rem) VALUES (427, 10, 'Зелень Салат', 'кг', 1000, 1.5, 2.3, 6, 0, 0.2, 0, 'Данные о пищевой ценности продукта приведены из источников, рекомендованных к применению Федеральной службой по Надзору в сфере защиты прав потребителей и благополучия человека (Роспотребнадзор).');
INSERT INTO treatments (name, cold, hot, fin, protein, fat, carbs, product_id) VALUES ('Листовой холодная обработка', 28, 0, 0, 0, 0, 0, 427);
INSERT INTO treatments (name, cold, hot, fin, protein, fat, carbs, product_id) VALUES ('Кочанный холодная обработка', 33, 0, 0, 0, 0, 0, 427);
INSERT INTO products (id, category_id, name, unit, grm, protein, carbs, dry, sug, fat, alko, rem) VALUES (428, 10, 'Зелень Тимьян', 'кг', 1000, 2.57, 4.8, 11.5, 0, 0.37, 0, '1. Данные о содержании пищевых веществ приведены по зелени (среднее значение).

2. Данные по технологическим потерям даны на основании средних данных контрольных проработок, проводимых на территории России. Используются стебли свежего тимьяна.');
INSERT INTO treatments (name, cold, hot, fin, protein, fat, carbs, product_id) VALUES ('Холодная обработка', 12, 0, 0, 0, 0, 0, 428);
INSERT INTO products (id, category_id, name, unit, grm, protein, carbs, dry, sug, fat, alko, rem) VALUES (429, 10, 'Зелень Укроп', 'кг', 1000, 2.5, 4.1, 13.5, 0, 0.5, 0, 'Данные о пищевой ценности продукта приведены из источников, рекомендованных к применению Федеральной службой по Надзору в сфере защиты прав потребителей и благополучия человека (Роспотребнадзор).

Величина "Углеводы" рассчитана как сумма Крахмала, Моно-дисахаридов, Лактозы и Сахарозы.');
INSERT INTO treatments (name, cold, hot, fin, protein, fat, carbs, product_id) VALUES ('Холодная обработка', 26, 0, 0, 0, 0, 0, 429);
INSERT INTO products (id, category_id, name, unit, grm, protein, carbs, dry, sug, fat, alko, rem) VALUES (430, 10, 'Зелень Эстрагон (Тархун)', 'кг', 1000, 2.57, 4.8, 11.5, 0, 0.37, 0, '1. Данные о содержании пищевых веществ приведены по зелени (среднее значение).');
INSERT INTO treatments (name, cold, hot, fin, protein, fat, carbs, product_id) VALUES ('Холодная обработка', 16, 0, 0, 0, 0, 0, 430);
INSERT INTO products (id, category_id, name, unit, grm, protein, carbs, dry, sug, fat, alko, rem) VALUES (431, 10, 'Икра из баклажан (пром. производства)', 'кг', 1000, 1.7, 5.09, 26.4, 0, 13.3, 0, 'Данные о пищевой ценности продукта приведены из источников, рекомендованных к применению Федеральной службой по Надзору в сфере защиты прав потребителей и благополучия человека (Роспотребнадзор).

Величина "Углеводы" рассчитана как сумма Крахмала, Моно-дисахаридов, Лактозы и Сахарозы.');
INSERT INTO products (id, category_id, name, unit, grm, protein, carbs, dry, sug, fat, alko, rem) VALUES (432, 10, 'Икра из кабачков (пром. производства)', 'кг', 1000, 2, 8.54, 23, 0, 9, 0, 'Данные о пищевой ценности продукта приведены из источников, рекомендованных к применению Федеральной службой по Надзору в сфере защиты прав потребителей и благополучия человека (Роспотребнадзор).

Величина "Углеводы" рассчитана как сумма Крахмала, Моно-дисахаридов, Лактозы и Сахарозы.');
INSERT INTO products (id, category_id, name, unit, grm, protein, carbs, dry, sug, fat, alko, rem) VALUES (433, 10, 'Имбирь свежий (корень)', 'кг', 1000, 0, 0, 0, 0, 0, 0, '');
INSERT INTO products (id, category_id, name, unit, grm, protein, carbs, dry, sug, fat, alko, rem) VALUES (434, 10, 'Кабачки', 'кг', 1000, 0.6, 4.9, 7, 0, 0.3, 0, 'Данные о пищевой ценности продукта приведены из источников, рекомендованных к применению Федеральной службой по Надзору в сфере защиты прав потребителей и благополучия человека (Роспотребнадзор).

Величина "Углеводы" рассчитана как сумма Крахмала, Моно-дисахаридов, Лактозы и Сахарозы.

Потери моно-дисахаридов и крахмала рассчитаны с учетом процентного содержания моно-дисахаридов и крахмала в продукте.');
INSERT INTO treatments (name, cold, hot, fin, protein, fat, carbs, product_id) VALUES ('Жаренные ломтиками с кожицей и семянами', 10, 35, 0, 5, 10, 0, 434);
INSERT INTO treatments (name, cold, hot, fin, protein, fat, carbs, product_id) VALUES ('Припущенные без кожицы и семян', 33, 22, 0, 2, 10, 0, 434);
INSERT INTO treatments (name, cold, hot, fin, protein, fat, carbs, product_id) VALUES ('Жаренные ломтиками с кожицей, панированные', 10, 33, 0, 5, 10, 0, 434);
INSERT INTO treatments (name, cold, hot, fin, protein, fat, carbs, product_id) VALUES ('Жаренные без кожицы, панированные', 20, 33, 0, 5, 10, 0, 434);
INSERT INTO treatments (name, cold, hot, fin, protein, fat, carbs, product_id) VALUES ('Припущенные с кожицей и семенами', 3, 22, 0, 2, 10, 0, 434);
INSERT INTO products (id, category_id, name, unit, grm, protein, carbs, dry, sug, fat, alko, rem) VALUES (435, 10, 'Каперсы маринованные', 'кг', 1000, 2.36, 1.69, 16.15, 0, 0.86, 0, '1.Данные о пищевой ценности приведены из непроверенного источника (http://health-diet.ru)');
INSERT INTO products (id, category_id, name, unit, grm, protein, carbs, dry, sug, fat, alko, rem) VALUES (436, 10, 'Капуста белокочанная', 'кг', 1000, 1.8, 4.7, 10, 0, 0.1, 0, 'Данные о пищевой ценности продукта приведены из источников, рекомендованных к применению Федеральной службой по Надзору в сфере защиты прав потребителей и благополучия человека (Роспотребнадзор).

Величина "Углеводы" рассчитана как сумма Крахмала, Моно-дисахаридов, Лактозы и Сахарозы.

Потери моно-дисахаридов и крахмала рассчитаны с учетом процентного содержания моно-дисахаридов и крахмала в продукте.');
INSERT INTO treatments (name, cold, hot, fin, protein, fat, carbs, product_id) VALUES ('Варка крупными кусками', 20, 8, 0, 2, 2, 0, 436);
INSERT INTO treatments (name, cold, hot, fin, protein, fat, carbs, product_id) VALUES ('Тушение', 20, 21, 0, 2, 10, 0, 436);
INSERT INTO treatments (name, cold, hot, fin, protein, fat, carbs, product_id) VALUES ('Очистка', 20, 0, 0, 0, 0, 0, 436);
INSERT INTO treatments (name, cold, hot, fin, protein, fat, carbs, product_id) VALUES ('Шинкованная, стертая с солью', 20, 37, 0, 0, 0, 0, 436);
INSERT INTO products (id, category_id, name, unit, grm, protein, carbs, dry, sug, fat, alko, rem) VALUES (437, 10, 'Капуста белокочанная квашенная', 'кг', 1000, 1.8, 2.2, 11, 0, 0, 0, '1. Данные о пищевой ценности продукта приведены из источников, рекомендованных к применению Федеральной службой по Надзору в сфере защиты прав потребителей и благополучия человека (Роспотребнадзор).

Величина "Углеводы" рассчитана как сумма Крахмала, Моно-дисахаридов, Лактозы и Сахарозы.

2. Данные по технологическим потерям даны на основании средних данных контрольных проработок, проводимых на территории России.');
INSERT INTO treatments (name, cold, hot, fin, protein, fat, carbs, product_id) VALUES ('Холодная обработка', 12, 0, 0, 2, 10, 0, 437);
INSERT INTO products (id, category_id, name, unit, grm, protein, carbs, dry, sug, fat, alko, rem) VALUES (438, 10, 'Капуста брокколи', 'кг', 1000, 4.4, 1.8, 11.8, 0, 0.9, 0, '1. Данные о пищевой ценности продукта приведены из источников, рекомендованных к применению Федеральной службой по Надзору в сфере защиты прав потребителей и благополучия человека (Роспотребнадзор).

2. Данные по технологическим потерям даны на основании средних данных контрольных проработок, проводимых на территории России.');
INSERT INTO treatments (name, cold, hot, fin, protein, fat, carbs, product_id) VALUES ('Припускание из свежемороженной', 3, 5, 0, 2, 10, 0, 438);
INSERT INTO products (id, category_id, name, unit, grm, protein, carbs, dry, sug, fat, alko, rem) VALUES (439, 10, 'Капуста брюссельская свежемороженая', 'кг', 1000, 4.8, 5.9, 14, 0, 0, 0, '1. Данные о пищевой ценности продукта приведены из источников, рекомендованных к применению Федеральной службой по Надзору в сфере защиты прав потребителей и благополучия человека (Роспотребнадзор).

Величина "Углеводы" рассчитана как сумма Крахмала, Моно-дисахаридов, Лактозы и Сахарозы.

Потери моно-дисахаридов и крахмала рассчитаны с учетом процентного содержания моно-дисахаридов и крахмала в продукте.

2. Данные по технологическим потерям даны на основании средних данных контрольных проработок, проводимых на территории России.');
INSERT INTO treatments (name, cold, hot, fin, protein, fat, carbs, product_id) VALUES ('Припускание', 3, 5, 0, 2, 10, 0, 439);
INSERT INTO products (id, category_id, name, unit, grm, protein, carbs, dry, sug, fat, alko, rem) VALUES (440, 10, 'Капуста Пекинская (Китайская)', 'кг', 1000, 1.8, 4.7, 10, 0, 0.1, 0, '1. Данные по технологическим потерям даны на основании средних данных контрольных проработок, проводимых на территории России.

2. Данные о содержании пищевых веществ приведены по ингредиенту "Капуста белокочанная". Следите за обновлениями базы ингредиентов на сайте chefexpert.ru.');
INSERT INTO treatments (name, cold, hot, fin, protein, fat, carbs, product_id) VALUES ('Удаление основания', 16.7, 0, 0, 0, 0, 0, 440);
INSERT INTO treatments (name, cold, hot, fin, protein, fat, carbs, product_id) VALUES ('Удаление всей жесткой части', 59.3, 0, 0, 0, 0, 0, 440);
INSERT INTO products (id, category_id, name, unit, grm, protein, carbs, dry, sug, fat, alko, rem) VALUES (441, 10, 'Капуста по - грузински', 'кг', 1000, 0, 0, 0, 0, 0, 0, '');
INSERT INTO products (id, category_id, name, unit, grm, protein, carbs, dry, sug, fat, alko, rem) VALUES (442, 10, 'Капуста савойская', 'кг', 1000, 1.8, 4.7, 10, 0, 0.1, 0, '1. Данные о пищевой ценности продукта приведены из источников, рекомендованных к применению Федеральной службой по Надзору в сфере защиты прав потребителей и благополучия человека (Роспотребнадзор). (По ингредиенту "Капуста белокочанная"

Величина "Углеводы" рассчитана как сумма Крахмала, Моно-дисахаридов, Лактозы и Сахарозы.

Потери моно-дисахаридов и крахмала рассчитаны с учетом процентного содержания моно-дисахаридов и крахмала в продукте.

2.  Данные по технологическим потерям  даны на основании средних данных контрольных проработок, проводимых на территории России.');
INSERT INTO treatments (name, cold, hot, fin, protein, fat, carbs, product_id) VALUES ('Холодная обработка', 53.7, 0, 0, 0, 0, 0, 442);
INSERT INTO treatments (name, cold, hot, fin, protein, fat, carbs, product_id) VALUES ('Тушение', 53.7, 21, 0, 2, 10, 5, 442);
INSERT INTO products (id, category_id, name, unit, grm, protein, carbs, dry, sug, fat, alko, rem) VALUES (443, 10, 'Капуста цветная', 'кг', 1000, 2.5, 4.5, 10, 0, 0.3, 0, '1. Данные о пищевой ценности продукта приведены из источников, рекомендованных к применению Федеральной службой по Надзору в сфере защиты прав потребителей и благополучия человека (Роспотребнадзор).

Величина "Углеводы" рассчитана как сумма Крахмала, Моно-дисахаридов, Лактозы и Сахарозы.

Потери моно-дисахаридов и крахмала рассчитаны с учетом процентного содержания моно-дисахаридов и крахмала в продукте.

2.  Данные по технологическим потерям (Варка из свежемороженной) даны на основании средних данных контрольных проработок, проводимых на территории России.');
INSERT INTO treatments (name, cold, hot, fin, protein, fat, carbs, product_id) VALUES ('Варка ', 48, 10, 0, 2, 2, 1, 443);
INSERT INTO treatments (name, cold, hot, fin, protein, fat, carbs, product_id) VALUES ('Варка из свежемороженной', 0, 20, 0, 2, 2, 1, 443);
INSERT INTO treatments (name, cold, hot, fin, protein, fat, carbs, product_id) VALUES ('Жарка', 48, 30, 0, 5, 10, 0, 443);
INSERT INTO treatments (name, cold, hot, fin, protein, fat, carbs, product_id) VALUES ('Жарка из свежемороженой', 5, 30, 0, 5, 10, 20, 443);
INSERT INTO products (id, category_id, name, unit, grm, protein, carbs, dry, sug, fat, alko, rem) VALUES (444, 10, 'Картофель', 'кг', 1000, 2, 16.3, 24, 0, 0.4, 0, '1. Данные о пищевой ценности продукта приведены из источников, рекомендованных к применению Федеральной службой по Надзору в сфере защиты прав потребителей и благополучия человека (Роспотребнадзор).

Величина "Углеводы" рассчитана как сумма Крахмала, Моно-дисахаридов, Лактозы и Сахарозы.

Потери моно-дисахаридов и крахмала рассчитаны с учетом процентного содержания моно-дисахаридов и крахмала в продукте.

2. Потери 35% на очистку приведены с 01 января по 29 февраля. При изменении сезона потери на очистку следует принимать:

С 01 сентября по 31 октября - 25%

С 01 ноября по 31 декабря - 30%

С 01 января по 29 февраля - 35%

С 01 марта - 40%

Молодой картофель до 01 сентября - 20%

При изменении пользователем процента холодной обработки будут пересчитаны все рецептуры, в которых присутствует данный ингредиент по массе брутто, соответственно автоматически пересчитаются калькуляционные карты.

3. Данные по технологическим потерям молодого неочищенного жаренного дольками картофеля даны на основании средних данных контрольных проработок, проводимых на территории России. ');
INSERT INTO treatments (name, cold, hot, fin, protein, fat, carbs, product_id) VALUES ('Отварной очищенный', 35, 3, 0, 5, 5, 9, 444);
INSERT INTO treatments (name, cold, hot, fin, protein, fat, carbs, product_id) VALUES ('Жареный до готовности', 35, 31, 0, 5, 10, 9, 444);
INSERT INTO treatments (name, cold, hot, fin, protein, fat, carbs, product_id) VALUES ('Отварной в кожуре с последующей очисткой', 0, 3, 35, 5, 5, 9, 444);
INSERT INTO treatments (name, cold, hot, fin, protein, fat, carbs, product_id) VALUES ('Жареный из предв. отваренного', 35, 21, 0, 5, 10, 9, 444);
INSERT INTO treatments (name, cold, hot, fin, protein, fat, carbs, product_id) VALUES ('Жареный до полуготовности для рагу', 35, 17, 0, 5, 10, 9, 444);
INSERT INTO treatments (name, cold, hot, fin, protein, fat, carbs, product_id) VALUES ('Жареный фри брусочками', 35, 50, 0, 5, 10, 9, 444);
INSERT INTO treatments (name, cold, hot, fin, protein, fat, carbs, product_id) VALUES ('Жареный фри соломкой', 35, 60, 0, 5, 10, 9, 444);
INSERT INTO treatments (name, cold, hot, fin, protein, fat, carbs, product_id) VALUES ('Жареный чипсами', 35, 66, 0, 5, 10, 9, 444);
INSERT INTO treatments (name, cold, hot, fin, protein, fat, carbs, product_id) VALUES ('Печеный в кожуре', 0, 20, 0, 5, 5, 9, 444);
INSERT INTO treatments (name, cold, hot, fin, protein, fat, carbs, product_id) VALUES ('Печеный в кожуре с посл. очисткой', 0, 40, 0, 5, 5, 9, 444);
INSERT INTO treatments (name, cold, hot, fin, protein, fat, carbs, product_id) VALUES ('Молодой очищенный отварной', 20, 6, 0, 5, 5, 9, 444);
INSERT INTO treatments (name, cold, hot, fin, protein, fat, carbs, product_id) VALUES ('Молодой неочищенный отварной', 5, 6, 0, 5, 5, 9, 444);
INSERT INTO treatments (name, cold, hot, fin, protein, fat, carbs, product_id) VALUES ('Молодой неочищенный жареный дольками', 5, 34, 0, 5, 10, 20, 444);
INSERT INTO products (id, category_id, name, unit, grm, protein, carbs, dry, sug, fat, alko, rem) VALUES (445, 10, 'Картофель п/ф мороженный (Фри, дольки, розочки, крокеты...)', 'кг', 1000, 2.5, 22.5, 32, 0, 5, 0, '1. Данные по технологическим потерям даны на основании средних данных контрольных проработок, проводимых на территории России.

2. Источник информации о пищевой ценности - маркировочный ярлык товара. Производитель или торговая марка - Mc Cain

    Сухие вещества расчитаны как сумма белков, жиров и углеводов + 2.');
INSERT INTO treatments (name, cold, hot, fin, protein, fat, carbs, product_id) VALUES ('Жарка фри', 0, 17, 0, 5, 10, 20, 445);
INSERT INTO products (id, category_id, name, unit, grm, protein, carbs, dry, sug, fat, alko, rem) VALUES (446, 10, 'Картофельное пюре сухое', 'кг', 1000, 5.6, 79.1, 89, 0, 0.2, 0, 'Данные о пищевой ценности продукта приведены из источников, рекомендованных к применению Федеральной службой по Надзору в сфере защиты прав потребителей и благополучия человека (Роспотребнадзор).

Величина "Углеводы" рассчитана как сумма Крахмала, Моно-дисахаридов, Лактозы и Сахарозы.

Потери моно-дисахаридов и крахмала рассчитаны с учетом процентного содержания моно-дисахаридов и крахмала в продукте.');
INSERT INTO products (id, category_id, name, unit, grm, protein, carbs, dry, sug, fat, alko, rem) VALUES (447, 10, 'Кокосовое молоко', 'кг', 1000, 0.3, 4.9, 7.8, 0, 0.3, 0, '1. Данные о пищевой ценности продукта приведены из источников, рекомендованных к применению Федеральной службой по Надзору в сфере защиты прав потребителей и благополучия человека (Роспотребнадзор).');
INSERT INTO products (id, category_id, name, unit, grm, protein, carbs, dry, sug, fat, alko, rem) VALUES (448, 10, 'Корнишоны маринованные', 'кг', 1000, 0.8, 1.6, 8, 0, 0.1, 0, 'Содержание пищевых веществ дано по ингредиенту "Огурцы соленые"');
INSERT INTO treatments (name, cold, hot, fin, protein, fat, carbs, product_id) VALUES ('Потери при порционировании', 3, 0, 0, 0, 0, 0, 448);
INSERT INTO products (id, category_id, name, unit, grm, protein, carbs, dry, sug, fat, alko, rem) VALUES (449, 10, 'Кукуруза в початках', 'кг', 1000, 4.2, 19.6, 30.1, 0, 2.3, 0, '1. Данные о пищевой ценности продукта приведены из источников, рекомендованных к применению Федеральной службой по Надзору в сфере защиты прав потребителей и благополучия человека (Роспотребнадзор).  (По отваренной в соленой воде).');
INSERT INTO treatments (name, cold, hot, fin, protein, fat, carbs, product_id) VALUES ('Варка и отделение зерен', 0, 0, 41, 5, 5, 0, 449);
INSERT INTO treatments (name, cold, hot, fin, protein, fat, carbs, product_id) VALUES ('Варка целиком', 3, 3, 0, 5, 5, 0, 449);
INSERT INTO treatments (name, cold, hot, fin, protein, fat, carbs, product_id) VALUES ('Жарка гриль (из с/м п/ф)', 2, 13, 0, 5, 10, 0, 449);
INSERT INTO products (id, category_id, name, unit, grm, protein, carbs, dry, sug, fat, alko, rem) VALUES (450, 10, 'Кукуруза в початках консервированная', 'кг', 1000, 2.2, 11.2, 13, 0, 0.4, 0, 'Содержание пищевых веществ дано по ингредиенту "Кукуруза целыми зернами консервированная"');
INSERT INTO products (id, category_id, name, unit, grm, protein, carbs, dry, sug, fat, alko, rem) VALUES (451, 10, 'Кукуруза целыми зернами консервированная', 'кг', 1000, 2.2, 11.2, 13, 0, 0.4, 0, 'Данные о пищевой ценности продукта приведены из источников, рекомендованных к применению Федеральной службой по Надзору в сфере защиты прав потребителей и благополучия человека (Роспотребнадзор).

Величина "Углеводы" рассчитана как сумма Крахмала, Моно-дисахаридов, Лактозы и Сахарозы.');
INSERT INTO products (id, category_id, name, unit, grm, protein, carbs, dry, sug, fat, alko, rem) VALUES (452, 10, 'Лук зеленый (перо)', 'кг', 1000, 1.3, 3.5, 7, 0, 0, 0, 'Данные о пищевой ценности продукта приведены из источников, рекомендованных к применению Федеральной службой по Надзору в сфере защиты прав потребителей и благополучия человека (Роспотребнадзор).

Величина "Углеводы" рассчитана как сумма Крахмала, Моно-дисахаридов, Лактозы и Сахарозы.');
INSERT INTO treatments (name, cold, hot, fin, protein, fat, carbs, product_id) VALUES ('Очищенный', 20, 0, 0, 0, 0, 0, 452);
INSERT INTO products (id, category_id, name, unit, grm, protein, carbs, dry, sug, fat, alko, rem) VALUES (453, 10, 'Лук порей', 'кг', 1000, 2, 6.5, 12, 0, 0, 0, 'Данные о пищевой ценности продукта приведены из источников, рекомендованных к применению Федеральной службой по Надзору в сфере защиты прав потребителей и благополучия человека (Роспотребнадзор).

Величина "Углеводы" рассчитана как сумма Крахмала, Моно-дисахаридов, Лактозы и Сахарозы.

Потери моно-дисахаридов и крахмала рассчитаны с учетом процентного содержания моно-дисахаридов и крахмала в продукте.');
INSERT INTO treatments (name, cold, hot, fin, protein, fat, carbs, product_id) VALUES ('Пассерование', 24, 40, 0, 2, 10, 0, 453);
INSERT INTO treatments (name, cold, hot, fin, protein, fat, carbs, product_id) VALUES ('Припускание', 24, 5, 0, 2, 10, 0, 453);
INSERT INTO treatments (name, cold, hot, fin, protein, fat, carbs, product_id) VALUES ('Холодная обработка', 24, 0, 0, 0, 0, 0, 453);
INSERT INTO products (id, category_id, name, unit, grm, protein, carbs, dry, sug, fat, alko, rem) VALUES (454, 10, 'Лук репчатый', 'кг', 1000, 1.4, 9.1, 14, 0, 0, 0, 'Данные о пищевой ценности продукта приведены из источников, рекомендованных к применению Федеральной службой по Надзору в сфере защиты прав потребителей и благополучия человека (Роспотребнадзор).

Величина "Углеводы" рассчитана как сумма Крахмала, Моно-дисахаридов, Лактозы и Сахарозы.

Потери моно-дисахаридов и крахмала рассчитаны с учетом процентного содержания моно-дисахаридов и крахмала в продукте.');
INSERT INTO treatments (name, cold, hot, fin, protein, fat, carbs, product_id) VALUES ('Пассерованный до готовности', 16, 50, 0, 2, 10, 0, 454);
INSERT INTO treatments (name, cold, hot, fin, protein, fat, carbs, product_id) VALUES ('Пассерованный до полуготовности', 16, 26, 0, 2, 10, 0, 454);
INSERT INTO treatments (name, cold, hot, fin, protein, fat, carbs, product_id) VALUES ('Очищенный', 16, 0, 0, 0, 0, 0, 454);
INSERT INTO treatments (name, cold, hot, fin, protein, fat, carbs, product_id) VALUES ('Жаренный фри кольцами', 16, 66, 0, 2, 10, 0, 454);
INSERT INTO products (id, category_id, name, unit, grm, protein, carbs, dry, sug, fat, alko, rem) VALUES (455, 10, 'Лук Сибулет', 'кг', 1000, 1.3, 3.5, 7, 0, 0, 0, '1. Данные о содержании пищевых веществ приведены по луку зеленому.');
INSERT INTO treatments (name, cold, hot, fin, protein, fat, carbs, product_id) VALUES ('Холодная обработка', 20, 0, 0, 0, 0, 0, 455);
INSERT INTO products (id, category_id, name, unit, grm, protein, carbs, dry, sug, fat, alko, rem) VALUES (456, 10, 'Лук шалот', 'кг', 1000, 1.5, 3.3, 7.2, 0, 0.2, 0, '1. Данные о пищевой ценности продукта приведены из источников, рекомендованных к применению Федеральной службой по Надзору в сфере защиты прав потребителей и благополучия человека (Роспотребнадзор).');
INSERT INTO treatments (name, cold, hot, fin, protein, fat, carbs, product_id) VALUES ('Холодная обработка', 28, 0, 0, 0, 0, 0, 456);
INSERT INTO treatments (name, cold, hot, fin, protein, fat, carbs, product_id) VALUES ('Жарка, запекание', 28, 50, 0, 2, 10, 0, 456);
INSERT INTO products (id, category_id, name, unit, grm, protein, carbs, dry, sug, fat, alko, rem) VALUES (457, 10, 'Маслины без косточки консервированные', 'кг', 1000, 1.8, 5.2, 30.4, 0, 16.3, 0, '1. Данные о содержании пищевых веществ приведены по ингредиенту "Оливки консервированные". Следите за обновлениями базы ингредиентов на сайте chefexpert.ru.');
INSERT INTO products (id, category_id, name, unit, grm, protein, carbs, dry, sug, fat, alko, rem) VALUES (458, 10, 'Маслины с косточкой гигантские консервированные', 'кг', 1000, 1.8, 5.2, 30.4, 0, 16.3, 0, '1. Данные о содержании пищевых веществ приведены по ингредиенту "Оливки консервированные". Следите за обновлениями базы ингредиентов на сайте chefexpert.ru.');
INSERT INTO products (id, category_id, name, unit, grm, protein, carbs, dry, sug, fat, alko, rem) VALUES (459, 10, 'Маслины с косточкой консервированные', 'кг', 1000, 1.8, 5.2, 30.4, 0, 16.3, 0, '1. Данные о содержании пищевых веществ приведены по ингредиенту "Оливки консервированные". Следите за обновлениями базы ингредиентов на сайте chefexpert.ru.');
INSERT INTO products (id, category_id, name, unit, grm, protein, carbs, dry, sug, fat, alko, rem) VALUES (460, 10, 'Морковь корейская', 'кг', 1000, 0, 0, 0, 0, 0, 0, '');
INSERT INTO products (id, category_id, name, unit, grm, protein, carbs, dry, sug, fat, alko, rem) VALUES (461, 10, 'Морковь молодая с/м очищенная', 'кг', 1000, 1.3, 7.2, 12, 0, 0.1, 0, '1. Данные о пищевой ценности продукта приведены из источников, рекомендованных к применению Федеральной службой по Надзору в сфере защиты прав потребителей и благополучия человека (Роспотребнадзор). (по Моркови свежей)

2. Данные по технологическим потерям даны на основании средних данных контрольных проработок, проводимых на территории России.');
INSERT INTO treatments (name, cold, hot, fin, protein, fat, carbs, product_id) VALUES ('Запекание', 0, 32, 0, 5, 10, 20, 461);
INSERT INTO products (id, category_id, name, unit, grm, protein, carbs, dry, sug, fat, alko, rem) VALUES (462, 10, 'Морковь столовая свежая', 'кг', 1000, 1.3, 7.2, 12, 0, 0.1, 0, '1. Данные о пищевой ценности продукта приведены из источников, рекомендованных к применению Федеральной службой по Надзору в сфере защиты прав потребителей и благополучия человека (Роспотребнадзор).

Величина "Углеводы" рассчитана как сумма Крахмала, Моно-дисахаридов, Лактозы и Сахарозы.

Потери моно-дисахаридов и крахмала рассчитаны с учетом процентного содержания моно-дисахаридов и крахмала в продукте.

2. Данные по очистке даны с 1 января. До 1 января следует изменить процент холодной обработки на 20%.

3. Данные по технологическим потерям на получение сока даны на основании средних данных контрольных проработок, проводимых на территории России.');
INSERT INTO treatments (name, cold, hot, fin, protein, fat, carbs, product_id) VALUES ('Варка', 25, 0.5, 0, 5, 5, 0, 462);
INSERT INTO treatments (name, cold, hot, fin, protein, fat, carbs, product_id) VALUES ('Пассерование', 25, 32, 0, 2, 10, 0, 462);
INSERT INTO treatments (name, cold, hot, fin, protein, fat, carbs, product_id) VALUES ('Припускание', 25, 8, 0, 2, 10, 0, 462);
INSERT INTO treatments (name, cold, hot, fin, protein, fat, carbs, product_id) VALUES ('Очистка', 25, 0, 0, 0, 0, 0, 462);
INSERT INTO treatments (name, cold, hot, fin, protein, fat, carbs, product_id) VALUES ('Получение сока', 25, 0, 56.7, 0, 0, 0, 462);
INSERT INTO products (id, category_id, name, unit, grm, protein, carbs, dry, sug, fat, alko, rem) VALUES (463, 10, 'Овощная смесь с/м', 'кг', 1000, 3.3, 6.6, 14.2, 0, 0.5, 0, '1. Данные о пищевой ценности продукта приведены из источников, рекомендованных к применению Федеральной службой по Надзору в сфере защиты прав потребителей и благополучия человека (Роспотребнадзор).

2. Данные по технологическим потерям даны на основании средних данных контрольных проработок, проводимых на территории России.');
INSERT INTO treatments (name, cold, hot, fin, protein, fat, carbs, product_id) VALUES ('жарка', 0, 28.8, 0, 5, 10, 20, 463);
INSERT INTO products (id, category_id, name, unit, grm, protein, carbs, dry, sug, fat, alko, rem) VALUES (464, 10, 'Огурцы (грунтовые)', 'кг', 1000, 0.8, 2.6, 5, 0, 0.1, 0, '1. Данные о пищевой ценности продукта приведены из источников, рекомендованных к применению Федеральной службой по Надзору в сфере защиты прав потребителей и благополучия человека (Роспотребнадзор).

Величина "Углеводы" рассчитана как сумма Крахмала, Моно-дисахаридов, Лактозы и Сахарозы.

2. Данные по технологическим потерям на получение сока даны на основании средних данных контрольных проработок, проводимых на территории России.');
INSERT INTO treatments (name, cold, hot, fin, protein, fat, carbs, product_id) VALUES ('Без очистки', 5, 0, 0, 0, 0, 0, 464);
INSERT INTO treatments (name, cold, hot, fin, protein, fat, carbs, product_id) VALUES ('С очисткой кожуры', 20, 0, 0, 0, 0, 0, 464);
INSERT INTO treatments (name, cold, hot, fin, protein, fat, carbs, product_id) VALUES ('Тепличные без очистки', 2, 0, 0, 0, 0, 0, 464);
INSERT INTO treatments (name, cold, hot, fin, protein, fat, carbs, product_id) VALUES ('Получение сока', 5, 0, 25, 0, 0, 0, 464);
INSERT INTO products (id, category_id, name, unit, grm, protein, carbs, dry, sug, fat, alko, rem) VALUES (465, 10, 'Огурцы соленые', 'кг', 1000, 0.8, 1.6, 8, 0, 0.1, 0, 'Данные о пищевой ценности продукта приведены из источников, рекомендованных к применению Федеральной службой по Надзору в сфере защиты прав потребителей и благополучия человека (Роспотребнадзор).

Величина "Углеводы" рассчитана как сумма Крахмала, Моно-дисахаридов, Лактозы и Сахарозы.

Потери моно-дисахаридов и крахмала рассчитаны с учетом процентного содержания моно-дисахаридов и крахмала в продукте.');
INSERT INTO treatments (name, cold, hot, fin, protein, fat, carbs, product_id) VALUES ('Припускание с очисткой', 40, 15, 0, 2, 10, 0, 465);
INSERT INTO treatments (name, cold, hot, fin, protein, fat, carbs, product_id) VALUES ('Без очистки', 10, 0, 0, 0, 0, 0, 465);
INSERT INTO treatments (name, cold, hot, fin, protein, fat, carbs, product_id) VALUES ('С очисткой', 20, 0, 0, 0, 0, 0, 465);
INSERT INTO treatments (name, cold, hot, fin, protein, fat, carbs, product_id) VALUES ('Припускание без очистки', 10, 15, 0, 2, 10, 0, 465);
INSERT INTO products (id, category_id, name, unit, grm, protein, carbs, dry, sug, fat, alko, rem) VALUES (466, 10, 'Оливки консервированные', 'кг', 1000, 1.8, 5.2, 30.4, 0, 16.3, 0, 'Данные о пищевой ценности продукта приведены из источников, рекомендованных к применению Федеральной службой по Надзору в сфере защиты прав потребителей и благополучия человека (Роспотребнадзор).

Величина "Углеводы" рассчитана как сумма Крахмала, Моно-дисахаридов, Лактозы и Сахарозы.');
INSERT INTO products (id, category_id, name, unit, grm, protein, carbs, dry, sug, fat, alko, rem) VALUES (467, 10, 'Оливки фаршированные анчоусом', 'кг', 1000, 1.8, 5.2, 30.4, 0, 16.3, 0, '1. Данные о содержании пищевых веществ приведены по ингредиенту "Оливки консервированные". Следите за обновлениями базы ингредиентов на сайте chefexpert.ru.');
INSERT INTO products (id, category_id, name, unit, grm, protein, carbs, dry, sug, fat, alko, rem) VALUES (468, 10, 'Оливки фаршированные лососем', 'кг', 1000, 1.8, 5.2, 30.4, 0, 16.3, 0, '1. Данные о содержании пищевых веществ приведены по ингредиенту "Оливки консервированные". Следите за обновлениями базы ингредиентов на сайте chefexpert.ru.');
INSERT INTO products (id, category_id, name, unit, grm, protein, carbs, dry, sug, fat, alko, rem) VALUES (469, 10, 'Оливки фаршированные перцем', 'кг', 1000, 1.8, 5.2, 30.4, 0, 16.3, 0, '1. Данные о содержании пищевых веществ приведены по ингредиенту "Оливки консервированные". Следите за обновлениями базы ингредиентов на сайте chefexpert.ru.');
INSERT INTO products (id, category_id, name, unit, grm, protein, carbs, dry, sug, fat, alko, rem) VALUES (470, 10, 'Пастернак (корень)', 'кг', 1000, 1.4, 10.5, 17, 0, 0, 0, 'Данные о пищевой ценности продукта приведены из источников, рекомендованных к применению Федеральной службой по Надзору в сфере защиты прав потребителей и благополучия человека (Роспотребнадзор).

Величина "Углеводы" рассчитана как сумма Крахмала, Моно-дисахаридов, Лактозы и Сахарозы.

Потери моно-дисахаридов и крахмала рассчитаны с учетом процентного содержания моно-дисахаридов и крахмала в продукте.');
INSERT INTO treatments (name, cold, hot, fin, protein, fat, carbs, product_id) VALUES ('Пассерование', 25, 37, 0, 2, 10, 1, 470);
INSERT INTO products (id, category_id, name, unit, grm, protein, carbs, dry, sug, fat, alko, rem) VALUES (471, 10, 'Перец болгарский (сладкий)', 'кг', 1000, 1.3, 5.3, 9, 0, 0, 0, 'Данные о пищевой ценности продукта приведены из источников, рекомендованных к применению Федеральной службой по Надзору в сфере защиты прав потребителей и благополучия человека (Роспотребнадзор).

Величина "Углеводы" рассчитана как сумма Крахмала, Моно-дисахаридов, Лактозы и Сахарозы.

Потери моно-дисахаридов и крахмала рассчитаны с учетом процентного содержания моно-дисахаридов и крахмала в продукте.');
INSERT INTO treatments (name, cold, hot, fin, protein, fat, carbs, product_id) VALUES ('Пассеровка', 25, 22, 0, 2, 10, 0, 471);
INSERT INTO treatments (name, cold, hot, fin, protein, fat, carbs, product_id) VALUES ('Очистка', 25, 0, 0, 0, 0, 0, 471);
INSERT INTO products (id, category_id, name, unit, grm, protein, carbs, dry, sug, fat, alko, rem) VALUES (472, 10, 'Перец маринованный острый', 'кг', 1000, 0, 0, 0, 0, 0, 0, '');
INSERT INTO products (id, category_id, name, unit, grm, protein, carbs, dry, sug, fat, alko, rem) VALUES (473, 10, 'Перец острый свежий', 'кг', 1000, 2.9, 0.7, 14.3, 0, 0.6, 0, '1. Данные о пищевой ценности продукта приведены из источников, рекомендованных к применению Федеральной службой по Надзору в сфере защиты прав потребителей и благополучия человека (Роспотребнадзор).

2. Данные по технологическим потерям даны на основании средних данных контрольных проработок, проводимых на территории России.');
INSERT INTO treatments (name, cold, hot, fin, protein, fat, carbs, product_id) VALUES ('Холодная обработка', 28, 0, 0, 0, 0, 0, 473);
INSERT INTO products (id, category_id, name, unit, grm, protein, carbs, dry, sug, fat, alko, rem) VALUES (474, 10, 'Петрушка (корень)', 'кг', 1000, 1.5, 10.5, 17, 0, 0.6, 0, 'Данные о пищевой ценности продукта приведены из источников, рекомендованных к применению Федеральной службой по Надзору в сфере защиты прав потребителей и благополучия человека (Роспотребнадзор).

Величина "Углеводы" рассчитана как сумма Крахмала, Моно-дисахаридов, Лактозы и Сахарозы.

Потери моно-дисахаридов и крахмала рассчитаны с учетом процентного содержания моно-дисахаридов и крахмала в продукте.');
INSERT INTO treatments (name, cold, hot, fin, protein, fat, carbs, product_id) VALUES ('Пассерование', 25, 37, 0, 2, 10, 1, 474);
INSERT INTO treatments (name, cold, hot, fin, protein, fat, carbs, product_id) VALUES ('Очистка', 25, 0, 0, 0, 0, 0, 474);
INSERT INTO products (id, category_id, name, unit, grm, protein, carbs, dry, sug, fat, alko, rem) VALUES (475, 10, 'Полуфабрикаты к пиву Mc Cain (луковые кольца, наггетсы...)', 'кг', 1000, 3.8, 26, 41.8, 0, 10, 0, '1. Данные по технологическим потерям даны на основании средних данных контрольных проработок, проводимых на территории России.

2. Источник информации о пищевой ценности - маркировочный ярлык товара. Производитель или торговая марка - Mc Cain (Луковые кольца).

    Сухие вещества расчитаны как сумма белков, жиров и углеводов + 2.');
INSERT INTO treatments (name, cold, hot, fin, protein, fat, carbs, product_id) VALUES ('Жарка фри', 0, 26.7, 0, 5, 10, 20, 475);
INSERT INTO products (id, category_id, name, unit, grm, protein, carbs, dry, sug, fat, alko, rem) VALUES (476, 10, 'Помидоры (Томаты) без кожицы в собственном соку', 'кг', 1000, 0.5, 2.3, 4.7, 0, 0, 0, 'Данные о пищевой ценности продукта приведены из источников, рекомендованных к применению Федеральной службой по Надзору в сфере защиты прав потребителей и благополучия человека (Роспотребнадзор).

Величина "Углеводы" рассчитана как сумма Крахмала, Моно-дисахаридов, Лактозы и Сахарозы.

Потери моно-дисахаридов и крахмала рассчитаны с учетом процентного содержания моно-дисахаридов и крахмала в продукте.');
INSERT INTO treatments (name, cold, hot, fin, protein, fat, carbs, product_id) VALUES ('Припускание', 3, 37, 0, 2, 10, 0, 476);
INSERT INTO treatments (name, cold, hot, fin, protein, fat, carbs, product_id) VALUES ('Холодная обработка', 3, 0, 0, 0, 0, 0, 476);
INSERT INTO products (id, category_id, name, unit, grm, protein, carbs, dry, sug, fat, alko, rem) VALUES (477, 10, 'Помидоры (Томаты) грунтовые', 'кг', 1000, 1.1, 3.8, 8, 0, 0.2, 0, '1. Данные о пищевой ценности продукта приведены из источников, рекомендованных к применению Федеральной службой по Надзору в сфере защиты прав потребителей и благополучия человека (Роспотребнадзор).

Величина "Углеводы" рассчитана как сумма Крахмала, Моно-дисахаридов, Лактозы и Сахарозы.

Потери моно-дисахаридов и крахмала рассчитаны с учетом процентного содержания моно-дисахаридов и крахмала в продукте.

2. Данные о технологической потери при обработке на Конкассе даны по зимним томатам на основании контрольной проработки.');
INSERT INTO treatments (name, cold, hot, fin, protein, fat, carbs, product_id) VALUES ('Жарка, запекание', 15, 37, 0, 5, 10, 1, 477);
INSERT INTO treatments (name, cold, hot, fin, protein, fat, carbs, product_id) VALUES ('Холодная обработка', 15, 0, 0, 0, 0, 0, 477);
INSERT INTO treatments (name, cold, hot, fin, protein, fat, carbs, product_id) VALUES ('Конкассе (удаление кожицы и семян)', 53, 0, 0, 0, 0, 0, 477);
INSERT INTO treatments (name, cold, hot, fin, protein, fat, carbs, product_id) VALUES ('Жарка Конкассе', 53, 37, 0, 5, 10, 1, 477);
INSERT INTO treatments (name, cold, hot, fin, protein, fat, carbs, product_id) VALUES ('Конкассе (летние)', 34, 0, 0, 0, 0, 0, 477);
INSERT INTO treatments (name, cold, hot, fin, protein, fat, carbs, product_id) VALUES ('Жарка Конкассе (летние)', 34, 37, 0, 5, 10, 1, 477);
INSERT INTO treatments (name, cold, hot, fin, protein, fat, carbs, product_id) VALUES ('Сушка', 15, 90, 0, 5, 10, 1, 477);
INSERT INTO products (id, category_id, name, unit, grm, protein, carbs, dry, sug, fat, alko, rem) VALUES (478, 10, 'Помидоры (Томаты) соленые', 'кг', 1000, 1.1, 1.6, 10, 0, 0.1, 0, 'Данные о пищевой ценности продукта приведены из источников, рекомендованных к применению Федеральной службой по Надзору в сфере защиты прав потребителей и благополучия человека (Роспотребнадзор).

Величина "Углеводы" рассчитана как сумма Крахмала, Моно-дисахаридов, Лактозы и Сахарозы.');
INSERT INTO treatments (name, cold, hot, fin, protein, fat, carbs, product_id) VALUES ('Холодная обработка', 10, 0, 0, 0, 0, 0, 478);
INSERT INTO products (id, category_id, name, unit, grm, protein, carbs, dry, sug, fat, alko, rem) VALUES (479, 10, 'Помидоры (томаты) черри', 'кг', 1000, 1.1, 3.8, 8, 0, 0.2, 0, '1. Данные по технологическим потерям даны на основании средних данных контрольных проработок, проводимых на территории России.

2. Данные по пищевой ценности приведены по Томатам свежим грунтовым');
INSERT INTO treatments (name, cold, hot, fin, protein, fat, carbs, product_id) VALUES ('Холодная обработка', 3, 0, 0, 0, 0, 0, 479);
INSERT INTO treatments (name, cold, hot, fin, protein, fat, carbs, product_id) VALUES ('Запекание', 3, 37, 0, 5, 10, 20, 479);
INSERT INTO products (id, category_id, name, unit, grm, protein, carbs, dry, sug, fat, alko, rem) VALUES (480, 10, 'Помидоры (томаты) черри маринованные', 'кг', 1000, 1.1, 1.6, 10, 0, 0.1, 0, 'Содержание пищевых веществ дано по ингредиенту "Помидоры (Томаты) соленые"');
INSERT INTO treatments (name, cold, hot, fin, protein, fat, carbs, product_id) VALUES ('Потери при порционировании', 7, 0, 0, 0, 0, 0, 480);
INSERT INTO products (id, category_id, name, unit, grm, protein, carbs, dry, sug, fat, alko, rem) VALUES (481, 10, 'Помидоры сушеные (в оливковом масле)', 'кг', 1000, 0, 0, 0, 0, 0, 0, '1. Данные о содержании пищевых веществ временно отсутствуют. Проверяйте наличие обновлений базы ингредиетов на сайте www.chefexpert.ru. ');
INSERT INTO products (id, category_id, name, unit, grm, protein, carbs, dry, sug, fat, alko, rem) VALUES (482, 10, 'Ревень (черешки)', 'кг', 1000, 0.7, 2.5, 8.5, 0, 0.1, 0, 'Данные о пищевой ценности продукта приведены из источников, рекомендованных к применению Федеральной службой по Надзору в сфере защиты прав потребителей и благополучия человека (Роспотребнадзор).

Величина "Углеводы" рассчитана как сумма Крахмала, Моно-дисахаридов, Лактозы и Сахарозы.');
INSERT INTO treatments (name, cold, hot, fin, protein, fat, carbs, product_id) VALUES ('Холодная обработка', 25, 0, 0, 0, 0, 0, 482);
INSERT INTO products (id, category_id, name, unit, grm, protein, carbs, dry, sug, fat, alko, rem) VALUES (483, 10, 'Редис', 'кг', 1000, 1.2, 3.8, 7, 0, 0.1, 0, 'Данные о пищевой ценности продукта приведены из источников, рекомендованных к применению Федеральной службой по Надзору в сфере защиты прав потребителей и благополучия человека (Роспотребнадзор).

Величина "Углеводы" рассчитана как сумма Крахмала, Моно-дисахаридов, Лактозы и Сахарозы.');
INSERT INTO treatments (name, cold, hot, fin, protein, fat, carbs, product_id) VALUES ('Очищенный от ботвы', 37, 0, 0, 0, 0, 0, 483);
INSERT INTO treatments (name, cold, hot, fin, protein, fat, carbs, product_id) VALUES ('Очищенный от короткой ботвы (до 3см) с кожицей', 7, 0, 0, 0, 0, 0, 483);
INSERT INTO treatments (name, cold, hot, fin, protein, fat, carbs, product_id) VALUES ('Без ботвы, очищенный от кожицы', 25, 0, 0, 0, 0, 0, 483);
INSERT INTO products (id, category_id, name, unit, grm, protein, carbs, dry, sug, fat, alko, rem) VALUES (484, 10, 'Редька', 'кг', 1000, 1.9, 6.5, 12, 0, 0.2, 0, 'Данные о пищевой ценности продукта приведены из источников, рекомендованных к применению Федеральной службой по Надзору в сфере защиты прав потребителей и благополучия человека (Роспотребнадзор).

Величина "Углеводы" рассчитана как сумма Крахмала, Моно-дисахаридов, Лактозы и Сахарозы.');
INSERT INTO treatments (name, cold, hot, fin, protein, fat, carbs, product_id) VALUES ('Очистка', 30, 0, 0, 0, 0, 0, 484);
INSERT INTO products (id, category_id, name, unit, grm, protein, carbs, dry, sug, fat, alko, rem) VALUES (485, 10, 'Репа', 'кг', 1000, 1.5, 5.3, 10.5, 0, 0, 0, 'Данные о пищевой ценности продукта приведены из источников, рекомендованных к применению Федеральной службой по Надзору в сфере защиты прав потребителей и благополучия человека (Роспотребнадзор).

Величина "Углеводы" рассчитана как сумма Крахмала, Моно-дисахаридов, Лактозы и Сахарозы.

Потери моно-дисахаридов и крахмала рассчитаны с учетом процентного содержания моно-дисахаридов и крахмала в продукте.');
INSERT INTO treatments (name, cold, hot, fin, protein, fat, carbs, product_id) VALUES ('Варка ', 25, 8, 0, 5, 5, 1, 485);
INSERT INTO treatments (name, cold, hot, fin, protein, fat, carbs, product_id) VALUES ('Пассерование', 25, 23, 0, 2, 10, 0, 485);
INSERT INTO treatments (name, cold, hot, fin, protein, fat, carbs, product_id) VALUES ('Тушение', 25, 23, 0, 2, 10, 0, 485);
INSERT INTO products (id, category_id, name, unit, grm, protein, carbs, dry, sug, fat, alko, rem) VALUES (486, 10, 'Салат Айсберг', 'кг', 1000, 0.7, 1.9, 4.4, 0, 0.3, 0, '1. Данные о пищевой ценности продукта приведены из источников, рекомендованных к применению Федеральной службой по Надзору в сфере защиты прав потребителей и благополучия человека (Роспотребнадзор).

2. Данные по технологическим потерям даны на основании средних данных контрольных проработок, проводимых на территории России. Для проработки использовался салат Айсберг, в процент потерь при холодной обработки включены удаления кочерыжки и вялых листьев.');
INSERT INTO treatments (name, cold, hot, fin, protein, fat, carbs, product_id) VALUES ('Холодная обработка', 17, 0, 0, 0, 0, 0, 486);
INSERT INTO products (id, category_id, name, unit, grm, protein, carbs, dry, sug, fat, alko, rem) VALUES (487, 10, 'Салат Латук', 'кг', 1000, 2.57, 4.8, 11.5, 0, 0.37, 0, '1. Данные о содержании пищевых веществ приведены по зелени (среднее значение).');
INSERT INTO treatments (name, cold, hot, fin, protein, fat, carbs, product_id) VALUES ('Холодная обработка', 28, 0, 0, 0, 0, 0, 487);
INSERT INTO products (id, category_id, name, unit, grm, protein, carbs, dry, sug, fat, alko, rem) VALUES (488, 10, 'Салат Лолло - Бьянко', 'кг', 1000, 2.57, 4.8, 11.5, 0, 0.37, 0, '1. Данные о содержании пищевых веществ приведены по зелени (среднее значение).');
INSERT INTO treatments (name, cold, hot, fin, protein, fat, carbs, product_id) VALUES ('Холодная обработка', 28, 0, 0, 0, 0, 0, 488);
INSERT INTO products (id, category_id, name, unit, grm, protein, carbs, dry, sug, fat, alko, rem) VALUES (489, 10, 'Салат Лолло - Россо', 'кг', 1000, 2.57, 4.8, 11.5, 0, 0.37, 0, '1. Данные о содержании пищевых веществ приведены по зелени (среднее значение).');
INSERT INTO treatments (name, cold, hot, fin, protein, fat, carbs, product_id) VALUES ('Холодная обработка', 28, 0, 0, 0, 0, 0, 489);
INSERT INTO products (id, category_id, name, unit, grm, protein, carbs, dry, sug, fat, alko, rem) VALUES (490, 10, 'Салат Романо', 'кг', 1000, 2.57, 4.8, 11.5, 0, 0.37, 0, '1. Данные о содержании пищевых веществ приведены по зелени (среднее значение).');
INSERT INTO treatments (name, cold, hot, fin, protein, fat, carbs, product_id) VALUES ('Холодная обработка', 28, 0, 0, 0, 0, 0, 490);
INSERT INTO products (id, category_id, name, unit, grm, protein, carbs, dry, sug, fat, alko, rem) VALUES (491, 10, 'Салат Фризе', 'кг', 1000, 2.57, 4.8, 11.5, 0, 0.37, 0, '1. Данные о содержании пищевых веществ приведены по зелени (среднее значение).');
INSERT INTO treatments (name, cold, hot, fin, protein, fat, carbs, product_id) VALUES ('Холодная обработка', 28, 0, 0, 0, 0, 0, 491);
INSERT INTO products (id, category_id, name, unit, grm, protein, carbs, dry, sug, fat, alko, rem) VALUES (492, 10, 'Свекла', 'кг', 1000, 1.5, 9.1, 14, 0, 0.1, 0, '1. Данные о пищевой ценности продукта приведены из источников, рекомендованных к применению Федеральной службой по Надзору в сфере защиты прав потребителей и благополучия человека (Роспотребнадзор).

Величина "Углеводы" рассчитана как сумма Крахмала, Моно-дисахаридов, Лактозы и Сахарозы.

Потери моно-дисахаридов и крахмала рассчитаны с учетом процентного содержания моно-дисахаридов и крахмала в продукте.

2. Процент потерь при очистке (25%) применим с 1 января. До 1 января применять - 20%.');
INSERT INTO treatments (name, cold, hot, fin, protein, fat, carbs, product_id) VALUES ('Вареная в кожуре с посл. очисткой', 0, 2, 25, 5, 5, 0, 492);
INSERT INTO treatments (name, cold, hot, fin, protein, fat, carbs, product_id) VALUES ('Пассерованная', 25, 38, 0, 2, 10, 0, 492);
INSERT INTO treatments (name, cold, hot, fin, protein, fat, carbs, product_id) VALUES ('Очищенная без термообработки', 25, 0, 0, 0, 0, 0, 492);
INSERT INTO products (id, category_id, name, unit, grm, protein, carbs, dry, sug, fat, alko, rem) VALUES (493, 10, 'Сельдерей (зелень)', 'кг', 1000, 0, 2, 15, 0, 0, 0, '1. Данные о пищевой ценности продукта приведены из источников, рекомендованных к применению Федеральной службой по Надзору в сфере защиты прав потребителей и благополучия человека (Роспотребнадзор).

Величина "Углеводы" рассчитана как сумма Крахмала, Моно-дисахаридов, Лактозы и Сахарозы.

2. Данные по технологическим потерям на получение сока даны на основании средних данных контрольных проработок, проводимых на территории России.');
INSERT INTO treatments (name, cold, hot, fin, protein, fat, carbs, product_id) VALUES ('Холодная обработка', 16, 0, 0, 0, 0, 0, 493);
INSERT INTO treatments (name, cold, hot, fin, protein, fat, carbs, product_id) VALUES ('Получение сока (из стеблей)', 44, 0, 0, 0, 0, 0, 493);
INSERT INTO products (id, category_id, name, unit, grm, protein, carbs, dry, sug, fat, alko, rem) VALUES (494, 10, 'Сельдерей (корень)', 'кг', 1000, 1.3, 6.1, 17, 0, 0.3, 0, '1. Данные о пищевой ценности продукта приведены из источников, рекомендованных к применению Федеральной службой по Надзору в сфере защиты прав потребителей и благополучия человека (Роспотребнадзор).

Величина "Углеводы" рассчитана как сумма Крахмала, Моно-дисахаридов, Лактозы и Сахарозы.

Потери моно-дисахаридов и крахмала рассчитаны с учетом процентного содержания моно-дисахаридов и крахмала в продукте.

2. Данные по технологическим потерям на жарку чипсами даны на основании средних данных контрольных проработок, проводимых на территории России.');
INSERT INTO treatments (name, cold, hot, fin, protein, fat, carbs, product_id) VALUES ('Пассерование', 32, 37, 0, 2, 10, 0, 494);
INSERT INTO treatments (name, cold, hot, fin, protein, fat, carbs, product_id) VALUES ('Припускание', 32, 20, 0, 2, 10, 0, 494);
INSERT INTO treatments (name, cold, hot, fin, protein, fat, carbs, product_id) VALUES ('Жарка чипсами', 32, 75, 0, 5, 10, 20, 494);
INSERT INTO treatments (name, cold, hot, fin, protein, fat, carbs, product_id) VALUES ('Очистка', 32, 0, 0, 0, 0, 0, 494);
INSERT INTO products (id, category_id, name, unit, grm, protein, carbs, dry, sug, fat, alko, rem) VALUES (495, 10, 'Спаржа', 'кг', 1000, 1.9, 3.2, 7.3, 0, 0.1, 0, 'Данные о пищевой ценности продукта приведены из источников, рекомендованных к применению Федеральной службой по Надзору в сфере защиты прав потребителей и благополучия человека (Роспотребнадзор).

Величина "Углеводы" рассчитана как сумма Крахмала, Моно-дисахаридов, Лактозы и Сахарозы.

Потери моно-дисахаридов и крахмала рассчитаны с учетом процентного содержания моно-дисахаридов и крахмала в продукте.');
INSERT INTO treatments (name, cold, hot, fin, protein, fat, carbs, product_id) VALUES ('Припускание', 27, 12, 0, 2, 10, 1, 495);
INSERT INTO treatments (name, cold, hot, fin, protein, fat, carbs, product_id) VALUES ('Припускание свежемороженой зеленой', 3, 5, 0, 2, 10, 1, 495);
INSERT INTO products (id, category_id, name, unit, grm, protein, carbs, dry, sug, fat, alko, rem) VALUES (496, 10, 'Спаржа соевая сушеная', 'кг', 1000, 0, 0, 0, 0, 0, 0, '1. Данные о содержании пищевых веществ временно отсутствуют. Проверяйте наличие обновлений базы ингредиетов на сайте www.chefexpert.ru.

2. Данные по технологическим потерям даны на основании средних данных контрольных проработок, проводимых на территории России.');
INSERT INTO treatments (name, cold, hot, fin, protein, fat, carbs, product_id) VALUES ('Варка', 0, -112, 0, 5, 5, 15, 496);
INSERT INTO products (id, category_id, name, unit, grm, protein, carbs, dry, sug, fat, alko, rem) VALUES (497, 10, 'Томат-паста', 'кг', 1000, 4.8, 19, 30, 0, 0, 0, 'Данные о пищевой ценности продукта приведены из источников, рекомендованных к применению Федеральной службой по Надзору в сфере защиты прав потребителей и благополучия человека (Роспотребнадзор).

Величина "Углеводы" рассчитана как сумма Крахмала, Моно-дисахаридов, Лактозы и Сахарозы.

Потери моно-дисахаридов и крахмала рассчитаны с учетом процентного содержания моно-дисахаридов и крахмала в продукте.');
INSERT INTO treatments (name, cold, hot, fin, protein, fat, carbs, product_id) VALUES ('Припускание', 0, 10, 0, 2, 10, 0, 497);
INSERT INTO treatments (name, cold, hot, fin, protein, fat, carbs, product_id) VALUES ('Пассерование', 0, 35, 0, 2, 10, 0, 497);
INSERT INTO products (id, category_id, name, unit, grm, protein, carbs, dry, sug, fat, alko, rem) VALUES (498, 10, 'Томат-пюре', 'кг', 1000, 3.6, 11.8, 20, 0, 0, 0, 'Данные о пищевой ценности продукта приведены из источников, рекомендованных к применению Федеральной службой по Надзору в сфере защиты прав потребителей и благополучия человека (Роспотребнадзор).

Величина "Углеводы" рассчитана как сумма Крахмала, Моно-дисахаридов, Лактозы и Сахарозы.

Потери моно-дисахаридов и крахмала рассчитаны с учетом процентного содержания моно-дисахаридов и крахмала в продукте.');
INSERT INTO treatments (name, cold, hot, fin, protein, fat, carbs, product_id) VALUES ('Припускание', 0, 15, 0, 2, 10, 0, 498);
INSERT INTO treatments (name, cold, hot, fin, protein, fat, carbs, product_id) VALUES ('Пассерование', 0, 40, 0, 2, 10, 0, 498);
INSERT INTO products (id, category_id, name, unit, grm, protein, carbs, dry, sug, fat, alko, rem) VALUES (499, 10, 'Томат-пюре Mutti Pizza Sauce Classic', 'кг', 1000, 1.3, 6, 12, 0, 0.3, 0, 'Данные о пищевой ценности приведены с маркировочного ярлыка товара. Производитель Mutti S.p.A. (Италия)');
INSERT INTO products (id, category_id, name, unit, grm, protein, carbs, dry, sug, fat, alko, rem) VALUES (500, 10, 'Турша', 'кг', 1000, 0, 0, 0, 0, 0, 0, '');
INSERT INTO products (id, category_id, name, unit, grm, protein, carbs, dry, sug, fat, alko, rem) VALUES (501, 10, 'Тыква', 'кг', 1000, 1, 4.2, 10, 0, 0.1, 0, 'Данные о пищевой ценности продукта приведены из источников, рекомендованных к применению Федеральной службой по Надзору в сфере защиты прав потребителей и благополучия человека (Роспотребнадзор).

Величина "Углеводы" рассчитана как сумма Крахмала, Моно-дисахаридов, Лактозы и Сахарозы.

Потери моно-дисахаридов и крахмала рассчитаны с учетом процентного содержания моно-дисахаридов и крахмала в продукте.');
INSERT INTO treatments (name, cold, hot, fin, protein, fat, carbs, product_id) VALUES ('Варка ', 30, 17, 0, 5, 5, 0, 501);
INSERT INTO treatments (name, cold, hot, fin, protein, fat, carbs, product_id) VALUES ('Жарка ломтиками', 30, 22, 0, 5, 10, 0, 501);
INSERT INTO products (id, category_id, name, unit, grm, protein, carbs, dry, sug, fat, alko, rem) VALUES (502, 10, 'Фасоль (стручок) свежая', 'кг', 1000, 3, 3, 10, 0, 0.3, 0, '1. Данные о пищевой ценности продукта приведены из источников, рекомендованных к применению Федеральной службой по Надзору в сфере защиты прав потребителей и благополучия человека (Роспотребнадзор).

Величина "Углеводы" рассчитана как сумма Крахмала, Моно-дисахаридов, Лактозы и Сахарозы.

Потери моно-дисахаридов и крахмала рассчитаны с учетом процентного содержания моно-дисахаридов и крахмала в продукте.

2. Данные по технологическим потерям на Припускание свежемороженной фасоли даны на основании средних данных контрольных проработок, проводимых на территории России.');
INSERT INTO treatments (name, cold, hot, fin, protein, fat, carbs, product_id) VALUES ('Припускание', 10, 12, 0, 2, 10, 2, 502);
INSERT INTO treatments (name, cold, hot, fin, protein, fat, carbs, product_id) VALUES ('Припускание свежемороженой', 3, 5, 0, 2, 10, 2, 502);
INSERT INTO products (id, category_id, name, unit, grm, protein, carbs, dry, sug, fat, alko, rem) VALUES (503, 10, 'Фасоль белая консервированная (бобы)', 'кг', 1000, 6.7, 16.3, 29, 0, 0, 0, '1. Источник информации о пищевой ценности - маркировочный ярлык товара. Производитель или торговая марка - Русский мясной мир.

    Сухие вещества расчитаны как сумма белков, жиров и углеводов + 6.');
INSERT INTO products (id, category_id, name, unit, grm, protein, carbs, dry, sug, fat, alko, rem) VALUES (504, 10, 'Фасоль стручковая консервированная', 'кг', 1000, 1.2, 2.5, 6.5, 0, 0.1, 0, 'Данные о пищевой ценности продукта приведены из источников, рекомендованных к применению Федеральной службой по Надзору в сфере защиты прав потребителей и благополучия человека (Роспотребнадзор).

Величина "Углеводы" рассчитана как сумма Крахмала, Моно-дисахаридов, Лактозы и Сахарозы.

Потери моно-дисахаридов и крахмала рассчитаны с учетом процентного содержания моно-дисахаридов и крахмала в продукте.');
INSERT INTO products (id, category_id, name, unit, grm, protein, carbs, dry, sug, fat, alko, rem) VALUES (505, 10, 'Фенхель свежий', 'кг', 1000, 0.9, 1.8, 5.8, 0, 0.2, 0, '1. Данные о пищевой ценности продукта приведены из источников, рекомендованных к применению Федеральной службой по Надзору в сфере защиты прав потребителей и благополучия человека (Роспотребнадзор).

2. Данные по технологическим потерям даны на основании средних данных контрольных проработок, проводимых на территории России.');
INSERT INTO treatments (name, cold, hot, fin, protein, fat, carbs, product_id) VALUES ('Варка на пару', 30.9, 12, 0, 5, 5, 20, 505);
INSERT INTO products (id, category_id, name, unit, grm, protein, carbs, dry, sug, fat, alko, rem) VALUES (506, 10, 'Хрен корень', 'кг', 1000, 2.5, 7.6, 23, 0, 0.4, 0, 'Данные о пищевой ценности продукта приведены из источников, рекомендованных к применению Федеральной службой по Надзору в сфере защиты прав потребителей и благополучия человека (Роспотребнадзор).

Величина "Углеводы" рассчитана как сумма Крахмала, Моно-дисахаридов, Лактозы и Сахарозы.

Потери моно-дисахаридов и крахмала рассчитаны с учетом процентного содержания моно-дисахаридов и крахмала в продукте.');
INSERT INTO treatments (name, cold, hot, fin, protein, fat, carbs, product_id) VALUES ('Очистка', 36, 0, 0, 0, 0, 0, 506);
INSERT INTO products (id, category_id, name, unit, grm, protein, carbs, dry, sug, fat, alko, rem) VALUES (507, 10, 'Цикорий сырой', 'кг', 1000, 0.5, 2.8, 5.7, 0, 0.6, 0, '1. Данные о пищевой ценности продукта приведены из источников, рекомендованных к применению Федеральной службой по Надзору в сфере защиты прав потребителей и благополучия человека (Роспотребнадзор).');
INSERT INTO products (id, category_id, name, unit, grm, protein, carbs, dry, sug, fat, alko, rem) VALUES (508, 10, 'Черемша', 'кг', 1000, 2.4, 6.1, 11, 0, 0.1, 0, 'Данные о пищевой ценности продукта приведены из источников, рекомендованных к применению Федеральной службой по Надзору в сфере защиты прав потребителей и благополучия человека (Роспотребнадзор).

Величина "Углеводы" рассчитана как сумма Крахмала, Моно-дисахаридов, Лактозы и Сахарозы.

Потери моно-дисахаридов и крахмала рассчитаны с учетом процентного содержания моно-дисахаридов и крахмала в продукте.');
INSERT INTO products (id, category_id, name, unit, grm, protein, carbs, dry, sug, fat, alko, rem) VALUES (509, 10, 'Чеснок', 'кг', 1000, 6.5, 5.2, 20, 0, 0, 0, 'Данные о пищевой ценности продукта приведены из источников, рекомендованных к применению Федеральной службой по Надзору в сфере защиты прав потребителей и благополучия человека (Роспотребнадзор).

Величина "Углеводы" рассчитана как сумма Крахмала, Моно-дисахаридов, Лактозы и Сахарозы.

Потери моно-дисахаридов и крахмала рассчитаны с учетом процентного содержания моно-дисахаридов и крахмала в продукте.');
INSERT INTO treatments (name, cold, hot, fin, protein, fat, carbs, product_id) VALUES ('Пассерование', 22, 40, 0, 2, 10, 1, 509);
INSERT INTO treatments (name, cold, hot, fin, protein, fat, carbs, product_id) VALUES ('Очистка', 22, 0, 0, 0, 0, 0, 509);
INSERT INTO products (id, category_id, name, unit, grm, protein, carbs, dry, sug, fat, alko, rem) VALUES (510, 10, 'Чипсы картофельные', 'кг', 1000, 4.1, 49, 91.1, 0, 36, 0, '1. Источник информации о пищевой ценности - маркировочный ярлык товара. Производитель или торговая марка - Pringles (Original).

    Сухие вещества расчитаны как сумма белков, жиров и углеводов + 2.');
INSERT INTO products (id, category_id, name, unit, grm, protein, carbs, dry, sug, fat, alko, rem) VALUES (511, 10, 'Шпинат', 'кг', 1000, 2.9, 2, 8.8, 0, 0.3, 0, 'Данные о пищевой ценности продукта приведены из источников, рекомендованных к применению Федеральной службой по Надзору в сфере защиты прав потребителей и благополучия человека (Роспотребнадзор).

Величина "Углеводы" рассчитана как сумма Крахмала, Моно-дисахаридов, Лактозы и Сахарозы.

Потери моно-дисахаридов и крахмала рассчитаны с учетом процентного содержания моно-дисахаридов и крахмала в продукте.');
INSERT INTO treatments (name, cold, hot, fin, protein, fat, carbs, product_id) VALUES ('Припускание', 26, 50, 0, 2, 10, 0, 511);
INSERT INTO products (id, category_id, name, unit, grm, protein, carbs, dry, sug, fat, alko, rem) VALUES (512, 10, 'Щавель', 'кг', 1000, 1.5, 3, 8, 0, 0, 0, 'Данные о пищевой ценности продукта приведены из источников, рекомендованных к применению Федеральной службой по Надзору в сфере защиты прав потребителей и благополучия человека (Роспотребнадзор).

Величина "Углеводы" рассчитана как сумма Крахмала, Моно-дисахаридов, Лактозы и Сахарозы.

Потери моно-дисахаридов и крахмала рассчитаны с учетом процентного содержания моно-дисахаридов и крахмала в продукте.');
INSERT INTO treatments (name, cold, hot, fin, protein, fat, carbs, product_id) VALUES ('Варка', 24, 50, 0, 5, 5, 0, 512);
INSERT INTO treatments (name, cold, hot, fin, protein, fat, carbs, product_id) VALUES ('Припускание', 24, 50, 0, 2, 10, 0, 512);
INSERT INTO categories (id, name) VALUES ('11', 'Рыба и морепродукты');
INSERT INTO products (id, category_id, name, unit, grm, protein, carbs, dry, sug, fat, alko, rem) VALUES (513, 11, 'Акула катран', 'кг', 1000, 19.9, 0, 28.1, 0, 7, 0, '1. Данные о пищевой ценности продукта приведены из источников, рекомендованных к применению Федеральной службой по Надзору в сфере защиты прав потребителей и благополучия человека (Роспотребнадзор).

2. Данные по технологическим потерям временно отсутствуют. Проверяйте наличие обновлений базы ингредиетов на сайте www.chefexpert.ru.');
INSERT INTO treatments (name, cold, hot, fin, protein, fat, carbs, product_id) VALUES ('Жарка', 0, 0, 0, 10, 20, 0, 513);
INSERT INTO products (id, category_id, name, unit, grm, protein, carbs, dry, sug, fat, alko, rem) VALUES (514, 11, 'Анчоус атлантический свежий', 'кг', 1000, 20.1, 0, 28.5, 0, 6.1, 0, '1. Данные о пищевой ценности продукта приведены из источников, рекомендованных к применению Федеральной службой по Надзору в сфере защиты прав потребителей и благополучия человека (Роспотребнадзор).

2. Данные по технологическим потерям временно отсутствуют. Проверяйте наличие обновлений базы ингредиетов на сайте www.chefexpert.ru.');
INSERT INTO products (id, category_id, name, unit, grm, protein, carbs, dry, sug, fat, alko, rem) VALUES (515, 11, 'Анчоус консервированный в масле', 'кг', 1000, 25.2, 0, 53.6, 0, 10, 0, '1. Данные о пищевой ценности продукта приведены из источников, рекомендованных к применению Федеральной службой по Надзору в сфере защиты прав потребителей и благополучия человека (Роспотребнадзор).');
INSERT INTO products (id, category_id, name, unit, grm, protein, carbs, dry, sug, fat, alko, rem) VALUES (516, 11, 'Балык Маслянной рыбы х/к', 'кг', 1000, 20.4, 0, 42.6, 0, 12.5, 0, '1. Данные по технологическим потерям даны на основании средних данных контрольных проработок, проводимых на территории России.

2. Данные о содержании пищевых веществ приведены по ингредиенту "Балык осетровый холодного копчения".');
INSERT INTO treatments (name, cold, hot, fin, protein, fat, carbs, product_id) VALUES ('Удаление кожи и костей', 15, 0, 0, 0, 0, 0, 516);
INSERT INTO products (id, category_id, name, unit, grm, protein, carbs, dry, sug, fat, alko, rem) VALUES (517, 11, 'Балык осетровый вяленый (провесной)', 'кг', 1000, 21.6, 0, 45.3, 0, 10.1, 0, 'Данные о пищевой ценности продукта приведены из источников, рекомендованных к применению Федеральной службой по Надзору в сфере защиты прав потребителей и благополучия человека (Роспотребнадзор).');
INSERT INTO treatments (name, cold, hot, fin, protein, fat, carbs, product_id) VALUES ('Удаление кожи и хрящей', 16, 0, 0, 0, 0, 0, 517);
INSERT INTO products (id, category_id, name, unit, grm, protein, carbs, dry, sug, fat, alko, rem) VALUES (518, 11, 'Балык осетровый холодного копчения', 'кг', 1000, 20.4, 0, 42.8, 0, 12.5, 0, '1. Данные о пищевой ценности продукта приведены из источников, рекомендованных к применению Федеральной службой по Надзору в сфере защиты прав потребителей и благополучия человека (Роспотребнадзор).

2. Данные по технологическим потерям даны на основании средних данных контрольных проработок, проводимых на территории России.');
INSERT INTO treatments (name, cold, hot, fin, protein, fat, carbs, product_id) VALUES ('Удаление кожи и хрящей', 15, 0, 0, 0, 0, 0, 518);
INSERT INTO products (id, category_id, name, unit, grm, protein, carbs, dry, sug, fat, alko, rem) VALUES (519, 11, 'Балык Палтуса х/к', 'кг', 1000, 21.6, 0, 45.3, 0, 10.1, 0, '1. Данные по технологическим потерям даны на основании средних данных контрольных проработок, проводимых на территории России.

2. Данные о содержании пищевых веществ приведены по ингредиенту "Балык осетровый вяленый (провесной)".');
INSERT INTO treatments (name, cold, hot, fin, protein, fat, carbs, product_id) VALUES ('Удаление кожи и костей', 19, 0, 0, 0, 0, 0, 519);
INSERT INTO products (id, category_id, name, unit, grm, protein, carbs, dry, sug, fat, alko, rem) VALUES (520, 11, 'Балык сома провесной (спинка)', 'кг', 1000, 21.6, 0, 45.3, 0, 10.1, 0, '1. Данные по технологическим потерям даны на основании средних данных контрольных проработок, проводимых на территории России.

2. Данные о содержании пищевых веществ приведены по ингредиенту "Балык осетровый вяленый (провесной)".');
INSERT INTO treatments (name, cold, hot, fin, protein, fat, carbs, product_id) VALUES ('Удаление кожи и костей', 16, 0, 0, 0, 0, 0, 520);
INSERT INTO products (id, category_id, name, unit, grm, protein, carbs, dry, sug, fat, alko, rem) VALUES (521, 11, 'Балык толстолоба провесной (спинка)', 'кг', 1000, 21.6, 0, 45.3, 0, 10.1, 0, '1. Данные по технологическим потерям даны на основании средних данных контрольных проработок, проводимых на территории России.

2. Данные о содержании пищевых веществ приведены по ингредиенту "Балык осетровый вяленый (провесной)".');
INSERT INTO treatments (name, cold, hot, fin, protein, fat, carbs, product_id) VALUES ('Удаление кожи и костей', 17, 0, 0, 0, 0, 0, 521);
INSERT INTO products (id, category_id, name, unit, grm, protein, carbs, dry, sug, fat, alko, rem) VALUES (522, 11, 'Барабулька тушка с/м', 'кг', 1000, 18.5, 0, 20.8, 0, 0.9, 0, '1. Данные по технологическим потерям даны на основании средних данных контрольных проработок, проводимых на территории России.

2. Данные о содержании пищевых веществ приведены по ингредиенту "Окунь морской".');
INSERT INTO treatments (name, cold, hot, fin, protein, fat, carbs, product_id) VALUES ('Жарка', 18, 18, 0, 10, 20, 0, 522);
INSERT INTO products (id, category_id, name, unit, grm, protein, carbs, dry, sug, fat, alko, rem) VALUES (523, 11, 'Барабулька филе с/м', 'кг', 1000, 18.5, 0, 20.8, 0, 0.9, 0, '1.Данные по технологическим потерям приведены на основании контрольных проработок. 23% при холодной обработке - потери на разморозку филе, глазированного льдом.

2. Данные о содержании пищевых веществ даны по продукту "Окунь морской".');
INSERT INTO treatments (name, cold, hot, fin, protein, fat, carbs, product_id) VALUES ('Жарка', 23, 18, 0, 10, 20, 0, 523);
INSERT INTO products (id, category_id, name, unit, grm, protein, carbs, dry, sug, fat, alko, rem) VALUES (524, 11, 'Бестер (или севрюга) непотрошенный', 'кг', 1000, 16.4, 0, 28.6, 0, 10.9, 0, '1. Информация о пищевой ценности приведена по ингредиенту "Осетр потрошенный с головой"

2. Данные о технологических потерях даны на основании контрольных проработок');
INSERT INTO treatments (name, cold, hot, fin, protein, fat, carbs, product_id) VALUES ('Жарка на гриле целиком очищ. потрошенная (из охл.)', 18, 16, 0, 10, 20, 0, 524);
INSERT INTO products (id, category_id, name, unit, grm, protein, carbs, dry, sug, fat, alko, rem) VALUES (525, 11, 'Вобла каспийская вяленая', 'кг', 1000, 46.4, 0, 65.3, 0, 5.5, 0, 'Данные о пищевой ценности продукта приведены из источников, рекомендованных к применению Федеральной службой по Надзору в сфере защиты прав потребителей и благополучия человека (Роспотребнадзор).

Величина "Углеводы" рассчитана как сумма Крахмала, Моно-дисахаридов, Лактозы и Сахарозы.

Потери моно-дисахаридов и крахмала рассчитаны с учетом процентного содержания моно-дисахаридов и крахмала в продукте.');
INSERT INTO treatments (name, cold, hot, fin, protein, fat, carbs, product_id) VALUES ('Разделка на филе с костями и икрой', 47, 0, 0, 0, 0, 0, 525);
INSERT INTO products (id, category_id, name, unit, grm, protein, carbs, dry, sug, fat, alko, rem) VALUES (526, 11, 'Водоросли Вакаме', 'кг', 1000, 0, 0, 0, 0, 0, 0, '1. Данные о содержании пищевых веществ временно отсутствуют. Проверяйте наличие обновлений базы ингредиетов на сайте www.chefexpert.ru. ');
INSERT INTO products (id, category_id, name, unit, grm, protein, carbs, dry, sug, fat, alko, rem) VALUES (527, 11, 'Водоросли Комбу', 'кг', 1000, 0, 0, 0, 0, 0, 0, '1. Данные о содержании пищевых веществ временно отсутствуют. Проверяйте наличие обновлений базы ингредиетов на сайте www.chefexpert.ru. ');
INSERT INTO products (id, category_id, name, unit, grm, protein, carbs, dry, sug, fat, alko, rem) VALUES (528, 11, 'Водоросли Нори', 'кг', 1000, 40.5, 28, 88.91, 0, 0.41, 0, '1. Данные о содержании пищевых веществ указаны по информации на упаковке (маркировочном ярлыке). Производитель: Цидонг Джинхе Фудс Ко., ЛТД (Китай).

2. Сухие в-ва рассчитаны как сумма белков, жиров, углеводов и клетчатки (20 грамм по информаци на упаковке).

3. Один лист нори данного производителя имеет массу = 2,8 грамм (140 грамм в упаковке / 50 листов)');
INSERT INTO products (id, category_id, name, unit, grm, protein, carbs, dry, sug, fat, alko, rem) VALUES (529, 11, 'Горбуша консервированная в с/соку', 'кг', 1000, 20.9, 0, 29.4, 0, 5.8, 0, 'Данные о пищевой ценности продукта приведены из источников, рекомендованных к применению Федеральной службой по Надзору в сфере защиты прав потребителей и благополучия человека (Роспотребнадзор).');
INSERT INTO treatments (name, cold, hot, fin, protein, fat, carbs, product_id) VALUES ('Потери на рассол', 7.2, 0, 0, 0, 0, 0, 529);
INSERT INTO products (id, category_id, name, unit, grm, protein, carbs, dry, sug, fat, alko, rem) VALUES (530, 11, 'Горбуша свежая потрошенная с головой', 'кг', 1000, 21, 0, 28.2, 0, 7, 0, '1. Данные о пищевой ценности продукта приведены из источников, рекомендованных к применению Федеральной службой по Надзору в сфере защиты прав потребителей и благополучия человека (Роспотребнадзор).

2. Данные по технологическим потерям (строка 7) даны на основании средних данных контрольных проработок, проводимых на территории России.');
INSERT INTO treatments (name, cold, hot, fin, protein, fat, carbs, product_id) VALUES ('Варка кусками непластованная', 19, 20, 0, 10, 10, 0, 530);
INSERT INTO treatments (name, cold, hot, fin, protein, fat, carbs, product_id) VALUES ('Жарка кусками непластованная', 19, 20, 0, 10, 20, 0, 530);
INSERT INTO treatments (name, cold, hot, fin, protein, fat, carbs, product_id) VALUES ('Варка филе с кожей и костями', 27, 18, 0, 10, 10, 0, 530);
INSERT INTO treatments (name, cold, hot, fin, protein, fat, carbs, product_id) VALUES ('Жарка филе с кожей и костями', 27, 20, 0, 10, 20, 0, 530);
INSERT INTO treatments (name, cold, hot, fin, protein, fat, carbs, product_id) VALUES ('Варка филе с кожей без костей', 30, 20, 0, 10, 10, 0, 530);
INSERT INTO treatments (name, cold, hot, fin, protein, fat, carbs, product_id) VALUES ('Жарка филе (по СТН) с кожей без костей', 30, 20, 0, 10, 20, 0, 530);
INSERT INTO treatments (name, cold, hot, fin, protein, fat, carbs, product_id) VALUES ('Жарка филе (по Контр.) с уд. костей', 58.3, 20, 0, 10, 20, 0, 530);
INSERT INTO treatments (name, cold, hot, fin, protein, fat, carbs, product_id) VALUES ('Разделка на филе для фарша (Контр. Нестфуд)', 26.47, 0, 0, 0, 0, 0, 530);
INSERT INTO products (id, category_id, name, unit, grm, protein, carbs, dry, sug, fat, alko, rem) VALUES (531, 11, 'Горбуша соленая потрошенная с головой', 'кг', 1000, 22.1, 0, 45.9, 0, 9, 0, 'Данные о пищевой ценности продукта приведены из источников, рекомендованных к применению Федеральной службой по Надзору в сфере защиты прав потребителей и благополучия человека (Роспотребнадзор).');
INSERT INTO treatments (name, cold, hot, fin, protein, fat, carbs, product_id) VALUES ('Филе без кожи и костей', 31, 0, 0, 0, 0, 0, 531);
INSERT INTO treatments (name, cold, hot, fin, protein, fat, carbs, product_id) VALUES ('Филе с кожей и костями', 20, 0, 0, 0, 0, 0, 531);
INSERT INTO products (id, category_id, name, unit, grm, protein, carbs, dry, sug, fat, alko, rem) VALUES (532, 11, 'Гребешок коралловый сушеный', 'кг', 1000, 0, 0, 0, 0, 0, 0, '1. Данные о содержании пищевых веществ временно отсутствуют. Проверяйте наличие обновлений базы ингредиетов на сайте www.chefexpert.ru.

2. Данные по технологическим потерям даны на основании средних данных контрольных проработок, проводимых на территории России. ');
INSERT INTO treatments (name, cold, hot, fin, protein, fat, carbs, product_id) VALUES ('Варка', 0, -590, 0, 5, 5, 15, 532);
INSERT INTO products (id, category_id, name, unit, grm, protein, carbs, dry, sug, fat, alko, rem) VALUES (533, 11, 'Гребешок морской с/м', 'кг', 1000, 16.7, 0, 19.5, 0, 1.1, 0, '1. Данные о содержании пищевых веществ приведены по ингредиенту "Моллюск рапана".

2. Данные по технологическим потерям даны на основании средних данных контрольных проработок, проводимых на территории России. Проработка проводилась для гребешка морского с/м (Разморозка).

3. Проработка "Запекание гребешка в раковине" проводилась для свежемороженного гребешка в раковине. Холодная обработка не указана, т.к. гребешок запекался без предварительной разморозки и обработки. Запекание производилось с зеленым маслом.');
INSERT INTO treatments (name, cold, hot, fin, protein, fat, carbs, product_id) VALUES ('Холодная обработка', 16.7, 0, 0, 0, 0, 0, 533);
INSERT INTO treatments (name, cold, hot, fin, protein, fat, carbs, product_id) VALUES ('Запекание гребешка в раковине', 0, 37.5, 0, 10, 20, 0, 533);
INSERT INTO products (id, category_id, name, unit, grm, protein, carbs, dry, sug, fat, alko, rem) VALUES (534, 11, 'Дорада тушки с/м', 'кг', 1000, 17.7, 0, 21.1, 0, 1.8, 0, '1. Данные по технологическим потерям даны на основании средних данных контрольных проработок, проводимых на территории России. В потери при холодной обработке включены разморозка, удаление жабер и внутренностей. Потери при окончательной обработке - удаление кожи, плавников с плавниковыми костями.

2. Данные о содержании пищевых веществ приведены по ингредиенту "Карась морской".');
INSERT INTO treatments (name, cold, hot, fin, protein, fat, carbs, product_id) VALUES ('Запекание в соли с головой и хребтом', 24, 15, 9, 10, 10, 0, 534);
INSERT INTO treatments (name, cold, hot, fin, protein, fat, carbs, product_id) VALUES ('Жарка филе с кожей без кости', 54.2, 18, 0, 10, 10, 0, 534);
INSERT INTO treatments (name, cold, hot, fin, protein, fat, carbs, product_id) VALUES ('Жарка на гриле с головой и костями (из охл.)', 12.5, 16, 0, 10, 10, 0, 534);
INSERT INTO products (id, category_id, name, unit, grm, protein, carbs, dry, sug, fat, alko, rem) VALUES (535, 11, 'Икра Белужья зернистая', 'кг', 1000, 27.2, 0, 45.8, 0, 14.2, 0, 'Данные о пищевой ценности продукта приведены из источников, рекомендованных к применению Федеральной службой по Надзору в сфере защиты прав потребителей и благополучия человека (Роспотребнадзор).');
INSERT INTO products (id, category_id, name, unit, grm, protein, carbs, dry, sug, fat, alko, rem) VALUES (536, 11, 'Икра летучей рыбы зеленая (Вассабико)', 'кг', 1000, 0, 0, 0, 0, 0, 0, '1. Данные о содержании пищевых веществ временно отсутствуют. Проверяйте наличие обновлений базы ингредиетов на сайте www.chefexpert.ru. ');
INSERT INTO products (id, category_id, name, unit, grm, protein, carbs, dry, sug, fat, alko, rem) VALUES (537, 11, 'Икра летучей рыбы оранжевая (Тобико)', 'кг', 1000, 32.6, 0.2, 49.4, 0, 16.6, 0, '1. Данные о содержании пищевых веществ указаны по информации на упаковке (маркировочном ярлыке). Производитель: Фукинг Лонгю Фуд Девелопмент Ко., ЛТД. (Китай)');
INSERT INTO products (id, category_id, name, unit, grm, protein, carbs, dry, sug, fat, alko, rem) VALUES (538, 11, 'Икра Лососевая (Кеты)', 'кг', 1000, 31.6, 0, 53.1, 0, 13.8, 0, 'Данные о пищевой ценности продукта приведены из источников, рекомендованных к применению Федеральной службой по Надзору в сфере защиты прав потребителей и благополучия человека (Роспотребнадзор).

Величина "Углеводы" рассчитана как сумма Крахмала, Моно-дисахаридов, Лактозы и Сахарозы.

Потери моно-дисахаридов и крахмала рассчитаны с учетом процентного содержания моно-дисахаридов и крахмала в продукте.');
INSERT INTO products (id, category_id, name, unit, grm, protein, carbs, dry, sug, fat, alko, rem) VALUES (539, 11, 'Икра минтаевая пробойная', 'кг', 1000, 28.4, 0, 36.8, 0, 1.9, 0, 'Данные о пищевой ценности продукта приведены из источников, рекомендованных к применению Федеральной службой по Надзору в сфере защиты прав потребителей и благополучия человека (Роспотребнадзор).');
INSERT INTO products (id, category_id, name, unit, grm, protein, carbs, dry, sug, fat, alko, rem) VALUES (540, 11, 'Икра Осетровая зернистая', 'кг', 1000, 28.9, 0, 42, 0, 9.7, 0, 'Данные о пищевой ценности продукта приведены из источников, рекомендованных к применению Федеральной службой по Надзору в сфере защиты прав потребителей и благополучия человека (Роспотребнадзор).');
INSERT INTO products (id, category_id, name, unit, grm, protein, carbs, dry, sug, fat, alko, rem) VALUES (541, 11, 'Икра судака свежая', 'кг', 1000, 0, 0, 0, 0, 0, 0, '1. Данные о содержании пищевых веществ временно отсутствуют. Проверяйте наличие обновлений базы ингредиетов на сайте www.chefexpert.ru.

2. Данные по технологическим потерям даны на основании средних данных контрольных проработок, проводимых на территории России. ');
INSERT INTO treatments (name, cold, hot, fin, protein, fat, carbs, product_id) VALUES ('Жарка', 3, 18, 0, 10, 20, 0, 541);
INSERT INTO products (id, category_id, name, unit, grm, protein, carbs, dry, sug, fat, alko, rem) VALUES (542, 11, 'Кальмар Бонго - Монго', 'кг', 1000, 0, 0, 0, 0, 0, 0, '1. Данные о содержании пищевых веществ временно отсутствуют. Проверяйте наличие обновлений базы ингредиетов на сайте www.chefexpert.ru.

2. Данные по технологическим потерям даны на основании средних данных контрольных проработок, проводимых на территории России. ');
INSERT INTO treatments (name, cold, hot, fin, protein, fat, carbs, product_id) VALUES ('Холодная обработка для суши', 20, 0, 0, 0, 0, 0, 542);
INSERT INTO products (id, category_id, name, unit, grm, protein, carbs, dry, sug, fat, alko, rem) VALUES (543, 11, 'Кальмар копченый', 'кг', 1000, 0, 0, 0, 0, 0, 0, '');
INSERT INTO treatments (name, cold, hot, fin, protein, fat, carbs, product_id) VALUES ('Потери при нарезке', 3, 0, 0, 0, 0, 0, 543);
INSERT INTO products (id, category_id, name, unit, grm, protein, carbs, dry, sug, fat, alko, rem) VALUES (544, 11, 'Кальмар филе с кожицей с/м', 'кг', 1000, 18, 0, 23.6, 0, 4.2, 0, 'Данные о пищевой ценности продукта приведены из источников, рекомендованных к применению Федеральной службой по Надзору в сфере защиты прав потребителей и благополучия человека (Роспотребнадзор).');
INSERT INTO treatments (name, cold, hot, fin, protein, fat, carbs, product_id) VALUES ('Варка', 10, 46, 0, 10, 10, 0, 544);
INSERT INTO treatments (name, cold, hot, fin, protein, fat, carbs, product_id) VALUES ('Разморозка (Контрольная от 29.04.10)', 39.4, 0, 0, 0, 0, 0, 544);
INSERT INTO treatments (name, cold, hot, fin, protein, fat, carbs, product_id) VALUES ('Жарка в кляре (Контрольная от 01.09.2010', 39.3, 45.9, 0, 10, 10, 0, 544);
INSERT INTO products (id, category_id, name, unit, grm, protein, carbs, dry, sug, fat, alko, rem) VALUES (545, 11, 'Камбала азово-черноморская неразделанная', 'кг', 1000, 18.2, 0, 21.1, 0, 1.3, 0, 'Данные о пищевой ценности продукта приведены из источников, рекомендованных к применению Федеральной службой по Надзору в сфере защиты прав потребителей и благополучия человека (Роспотребнадзор).');
INSERT INTO treatments (name, cold, hot, fin, protein, fat, carbs, product_id) VALUES ('Варка', 36, 20, 0, 10, 10, 0, 545);
INSERT INTO treatments (name, cold, hot, fin, protein, fat, carbs, product_id) VALUES ('Жарка', 36, 21, 0, 10, 20, 0, 545);
INSERT INTO treatments (name, cold, hot, fin, protein, fat, carbs, product_id) VALUES ('Припускание', 36, 20, 0, 10, 10, 0, 545);
INSERT INTO products (id, category_id, name, unit, grm, protein, carbs, dry, sug, fat, alko, rem) VALUES (546, 11, 'Капуста морская сушеная', 'кг', 1000, 0, 0, 0, 0, 0, 0, '1. Данные о содержании пищевых веществ временно отсутствуют. Проверяйте наличие обновлений базы ингредиетов на сайте www.chefexpert.ru.

2. Данные по технологическим потерям даны на основании средних данных контрольных проработок, проводимых на территории России. ');
INSERT INTO treatments (name, cold, hot, fin, protein, fat, carbs, product_id) VALUES ('Варка', 0, -322, 0, 5, 5, 15, 546);
INSERT INTO products (id, category_id, name, unit, grm, protein, carbs, dry, sug, fat, alko, rem) VALUES (547, 11, 'Карась речной', 'кг', 1000, 17.7, 0, 21.1, 0, 1.8, 0, 'Данные о пищевой ценности продукта приведены из источников, рекомендованных к применению Федеральной службой по Надзору в сфере защиты прав потребителей и благополучия человека (Роспотребнадзор).');
INSERT INTO treatments (name, cold, hot, fin, protein, fat, carbs, product_id) VALUES ('Запеченый с головой', 24, 20, 0, 10, 20, 0, 547);
INSERT INTO treatments (name, cold, hot, fin, protein, fat, carbs, product_id) VALUES ('Жареный непластованный', 40, 20, 0, 10, 20, 0, 547);
INSERT INTO products (id, category_id, name, unit, grm, protein, carbs, dry, sug, fat, alko, rem) VALUES (548, 11, 'Карп, сазан', 'кг', 1000, 17.2, 0, 23.65, 0, 5.3, 0, '1. Данные о пищевой ценности продукта приведены из источников, рекомендованных к применению Федеральной службой по Надзору в сфере защиты прав потребителей и благополучия человека (Роспотребнадзор).

Величина "Углеводы" рассчитана как сумма Крахмала, Моно-дисахаридов, Лактозы и Сахарозы.

Потери моно-дисахаридов и крахмала рассчитаны с учетом процентного содержания моно-дисахаридов и крахмала в продукте.

2. Содержание белков и сухих в-в указаны по среднеарифметическому (Карп, Сазан). Процент потерь при холодной обработке непластованной рыбы указан по Сазану.

3. Данные по технологическим потерям (Жареный фри в крахмале филе с кожей без костей и Запеченный, фаршированный с головой и костями) даны на основании средних данных контрольных проработок, проводимых на территории России.');
INSERT INTO treatments (name, cold, hot, fin, protein, fat, carbs, product_id) VALUES ('Отварной непластованный кусками', 41, 20, 0, 10, 10, 0, 548);
INSERT INTO treatments (name, cold, hot, fin, protein, fat, carbs, product_id) VALUES ('Жареный непластованный кусками', 41, 20, 0, 10, 20, 0, 548);
INSERT INTO treatments (name, cold, hot, fin, protein, fat, carbs, product_id) VALUES ('Отварной филе с кожей и костями', 47, 20, 0, 10, 10, 0, 548);
INSERT INTO treatments (name, cold, hot, fin, protein, fat, carbs, product_id) VALUES ('Жареный филе с кожей и костями', 47, 20, 0, 10, 20, 0, 548);
INSERT INTO treatments (name, cold, hot, fin, protein, fat, carbs, product_id) VALUES ('Отварной филе с кожей без костей', 51, 20, 0, 10, 10, 0, 548);
INSERT INTO treatments (name, cold, hot, fin, protein, fat, carbs, product_id) VALUES ('Жареный филе с кожей без костей', 51, 20, 0, 10, 20, 0, 548);
INSERT INTO treatments (name, cold, hot, fin, protein, fat, carbs, product_id) VALUES ('Жареный фри в крахмале филе с кожей без костей', 63.6, 25, 0, 10, 20, 0, 548);
INSERT INTO treatments (name, cold, hot, fin, protein, fat, carbs, product_id) VALUES ('Запеченный, фаршированный с головой и костями', 22, 20, 0, 10, 10, 0, 548);
INSERT INTO treatments (name, cold, hot, fin, protein, fat, carbs, product_id) VALUES ('Жареный гриль целиком (потрош., с головой)', 19.5, 20, 0, 0, 0, 0, 548);
INSERT INTO products (id, category_id, name, unit, grm, protein, carbs, dry, sug, fat, alko, rem) VALUES (549, 11, 'Килька балтийская соленая', 'кг', 1000, 17.1, 0, 39, 0, 7.6, 0, 'Данные о пищевой ценности продукта приведены из источников, рекомендованных к применению Федеральной службой по Надзору в сфере защиты прав потребителей и благополучия человека (Роспотребнадзор).');
INSERT INTO products (id, category_id, name, unit, grm, protein, carbs, dry, sug, fat, alko, rem) VALUES (550, 11, 'Клыкач х/к (балык)', 'кг', 1000, 22.1, 0, 45.9, 0, 9, 0, '1. Содержание пищевых веществ и проценты потерь при обработках приведены по Палтусу х/к

');
INSERT INTO treatments (name, cold, hot, fin, protein, fat, carbs, product_id) VALUES ('Удаление кожи и костей', 19, 0, 0, 0, 0, 0, 550);
INSERT INTO products (id, category_id, name, unit, grm, protein, carbs, dry, sug, fat, alko, rem) VALUES (551, 11, 'Краб камчатский (ножки в панцире) в/м', 'кг', 1000, 16, 0, 21.6, 0, 3.6, 0, '1. Данные о пищевой ценности продукта приведены из источников, рекомендованных к применению Федеральной службой по Надзору в сфере защиты прав потребителей и благополучия человека (Роспотребнадзор).

2. Данные по технологическим потерям даны на основании средних данных контрольных проработок, проводимых на территории России. Для проработки использовались ножки краба варено - мороженые, соленые (с суставом). В потери включены отходы на разморозку, удаление панциря, хитиновых пленок, белка на поверхности мяса.');
INSERT INTO treatments (name, cold, hot, fin, protein, fat, carbs, product_id) VALUES ('Разморозка, очистка от панциря', 52.9, 0, 0, 10, 10, 0, 551);
INSERT INTO products (id, category_id, name, unit, grm, protein, carbs, dry, sug, fat, alko, rem) VALUES (552, 11, 'Краб камчатский в/м (мякоть)', 'кг', 1000, 16, 0, 21.6, 0, 3.6, 0, 'Потери при холодной обработки даны на основании контрольных проработок. Для проработки использовалась первая фаланга. В потери включена разморозка, удаление хитиновых пленок, удаления белка с поверхности мяса.');
INSERT INTO treatments (name, cold, hot, fin, protein, fat, carbs, product_id) VALUES ('Обработка для суши, роллов', 60, 0, 0, 0, 0, 0, 552);
INSERT INTO products (id, category_id, name, unit, grm, protein, carbs, dry, sug, fat, alko, rem) VALUES (553, 11, 'Краб консервированный', 'кг', 1000, 18.7, 0.1, 21.8, 0, 1.1, 0, 'Данные о пищевой ценности продукта приведены из источников, рекомендованных к применению Федеральной службой по Надзору в сфере защиты прав потребителей и благополучия человека (Роспотребнадзор).');
INSERT INTO treatments (name, cold, hot, fin, protein, fat, carbs, product_id) VALUES ('Потери на рассол', 35, 0, 0, 0, 0, 0, 553);
INSERT INTO products (id, category_id, name, unit, grm, protein, carbs, dry, sug, fat, alko, rem) VALUES (554, 11, 'Крабовые палочки (Сурими)', 'кг', 1000, 10, 6.6, 23.4, 0, 0.4, 0, '1. Данные о пищевой ценности продукта приведены из источников, рекомендованных к применению Федеральной службой по Надзору в сфере защиты прав потребителей и благополучия человека (Роспотребнадзор).');
INSERT INTO products (id, category_id, name, unit, grm, protein, carbs, dry, sug, fat, alko, rem) VALUES (555, 11, 'Креветки  Гигантские с/м', 'кг', 1000, 18.9, 0, 22.8, 0, 2.2, 0, '1. Данные о пищевой ценности продукта приведены из источников, рекомендованных к применению Федеральной службой по Надзору в сфере защиты прав потребителей и благополучия человека (Роспотребнадзор).

(По креветкам дальневосточным)

2. Данные по технологическим потерям даны на основании средних данных контрольных проработок, проводимых на территории России. Проработаны гигантские свежемороженные креветки (без глазирования льдом).

Строка 1 (Жарка с удалением внутренностей): 30,8% - процент на удаление внутренностей (креветка разрезается вдоль, остается только мясо на панцире). 18% - жарка.

Строка 2 (Жарка мякоти): 10% - потери на разморозку, 50% - потери на удаление панциря, внутренностей, и жарка мяса креветки.');
INSERT INTO treatments (name, cold, hot, fin, protein, fat, carbs, product_id) VALUES ('Жарка с удалением внутренностей', 30.8, 18, 0, 10, 20, 0, 555);
INSERT INTO treatments (name, cold, hot, fin, protein, fat, carbs, product_id) VALUES ('Жарка мякоти', 10, 50, 0, 10, 20, 0, 555);
INSERT INTO products (id, category_id, name, unit, grm, protein, carbs, dry, sug, fat, alko, rem) VALUES (556, 11, 'Креветки 90/120 варено-мороженные', 'кг', 1000, 20.6, 0, 24.7, 0, 1.7, 0, '1. Данные о пищевой ценности продукта приведены из источников, рекомендованных к применению Федеральной службой по Надзору в сфере защиты прав потребителей и благополучия человека (Роспотребнадзор).

2. Данные по технологическим потерям даны на основании средних данных контрольных проработок, проводимых на территории России.');
INSERT INTO treatments (name, cold, hot, fin, protein, fat, carbs, product_id) VALUES ('Варка', 0, 51.5, 0, 10, 10, 0, 556);
INSERT INTO treatments (name, cold, hot, fin, protein, fat, carbs, product_id) VALUES ('Варка с разделкой на мякоть', 0, 51.5, 50.5, 10, 10, 0, 556);
INSERT INTO products (id, category_id, name, unit, grm, protein, carbs, dry, sug, fat, alko, rem) VALUES (557, 11, 'Креветки антарктические консервированные', 'кг', 1000, 17.8, 0, 21.1, 0, 1.1, 0, 'Данные о пищевой ценности продукта приведены из источников, рекомендованных к применению Федеральной службой по Надзору в сфере защиты прав потребителей и благополучия человека (Роспотребнадзор).');
INSERT INTO products (id, category_id, name, unit, grm, protein, carbs, dry, sug, fat, alko, rem) VALUES (558, 11, 'Креветки в/м очищенные', 'кг', 1000, 20.6, 0, 24.7, 0, 1.7, 0, '1. Данные о пищевой ценности продукта приведены из источников, рекомендованных к применению Федеральной службой по Надзору в сфере защиты прав потребителей и благополучия человека (Роспотребнадзор).

2. Данные по технологическим потерям даны на основании средних данных контрольных проработок, проводимых на территории России.');
INSERT INTO treatments (name, cold, hot, fin, protein, fat, carbs, product_id) VALUES ('Варка', 0, 57, 0, 10, 10, 0, 558);
INSERT INTO products (id, category_id, name, unit, grm, protein, carbs, dry, sug, fat, alko, rem) VALUES (559, 11, 'Креветки Королевские в/м', 'кг', 1000, 20.6, 0, 24.7, 0, 1.7, 0, '1. Данные о пищевой ценности продукта приведены из источников, рекомендованных к применению Федеральной службой по Надзору в сфере защиты прав потребителей и благополучия человека (Роспотребнадзор). (по Креветкам дальневосточным)

2. Данные по технологическим потерям даны на основании средних данных контрольных проработок, проводимых на территории России.');
INSERT INTO treatments (name, cold, hot, fin, protein, fat, carbs, product_id) VALUES ('Жарка', 0, 40, 10, 10, 20, 0, 559);
INSERT INTO treatments (name, cold, hot, fin, protein, fat, carbs, product_id) VALUES ('Разделка на мякоть + жарка', 51.5, 20, 10, 10, 20, 0, 559);
INSERT INTO products (id, category_id, name, unit, grm, protein, carbs, dry, sug, fat, alko, rem) VALUES (560, 11, 'Креветки тигровые 16/20 с/м', 'кг', 1000, 18.9, 0, 22.8, 0, 2.2, 0, '1. Данные о пищевой ценности продукта приведены из источников, рекомендованных к применению Федеральной службой по Надзору в сфере защиты прав потребителей и благополучия человека (Роспотребнадзор).

(По креветкам дальневосточным с/м)

2. Данные по технологическим потерям даны на основании средних данных контрольных проработок, проводимых на территории России.');
INSERT INTO treatments (name, cold, hot, fin, protein, fat, carbs, product_id) VALUES ('Жарка', 30.7, 38, 0, 10, 20, 0, 560);
INSERT INTO treatments (name, cold, hot, fin, protein, fat, carbs, product_id) VALUES ('Жарка в беконе с очисткой хвостовой части', 40, 23.2, 0, 10, 20, 0, 560);
INSERT INTO products (id, category_id, name, unit, grm, protein, carbs, dry, sug, fat, alko, rem) VALUES (561, 11, 'Креветки тигровые без головы', 'кг', 1000, 18.9, 0, 22.8, 0, 2.2, 0, '1. Данные о пищевой ценности продукта приведены из источников, рекомендованных к применению Федеральной службой по Надзору в сфере защиты прав потребителей и благополучия человека (Роспотребнадзор).

(По креветкам дальневосточным с/м)

2. Данные по технологическим потерям даны на основании средних данных контрольных проработок, проводимых на территории России.');
INSERT INTO treatments (name, cold, hot, fin, protein, fat, carbs, product_id) VALUES ('Жарка', 0, 57, 0, 10, 20, 0, 561);
INSERT INTO treatments (name, cold, hot, fin, protein, fat, carbs, product_id) VALUES ('Разморозка (контрольная от 29.04.10)', 40, 0, 0, 0, 0, 0, 561);
INSERT INTO treatments (name, cold, hot, fin, protein, fat, carbs, product_id) VALUES ('Жарка из очищенных свежемороженных', 40, 7, 0, 10, 20, 0, 561);
INSERT INTO treatments (name, cold, hot, fin, protein, fat, carbs, product_id) VALUES ('Жарка из с/м б/г с очисткой от панциря и хвоста', 45, 13.6, 0, 10, 20, 0, 561);
INSERT INTO treatments (name, cold, hot, fin, protein, fat, carbs, product_id) VALUES ('Жарка крупных с/м б/г с очисткой от панциря', 27, 12, 0, 10, 20, 0, 561);
INSERT INTO products (id, category_id, name, unit, grm, protein, carbs, dry, sug, fat, alko, rem) VALUES (562, 11, 'Лакедра филе с/м', 'кг', 1000, 0, 0, 0, 0, 0, 0, '1. Данные по технологическим потерям даны на основании средних данных контрольных проработок, проводимых на территории России.

2. Данные о содержании пищевых веществ временно отсутствуют. Проверяйте наличие обновлений базы ингредиетов на сайте www.chefexpert.ru. ');
INSERT INTO treatments (name, cold, hot, fin, protein, fat, carbs, product_id) VALUES ('Обработка для суши', 14.3, 0, 0, 0, 0, 0, 562);
INSERT INTO products (id, category_id, name, unit, grm, protein, carbs, dry, sug, fat, alko, rem) VALUES (563, 11, 'Лангустины с/м', 'кг', 1000, 16, 0, 21.6, 0, 3.6, 0, '1. Данные по технологическим потерям даны на основании средних данных контрольных проработок, проводимых на территории России. В потери при варке включены потери при разморозке (использовался с/м лангустин, глазированный льдом).

2. Данные о содержании пищевых веществ приведены по ингредиенту "Краб камчатский мясо". Следите за обновлениями базы ингредиентов на сайте chefexpert.ru.');
INSERT INTO treatments (name, cold, hot, fin, protein, fat, carbs, product_id) VALUES ('Варка', 0, 43, 0, 10, 10, 0, 563);
INSERT INTO products (id, category_id, name, unit, grm, protein, carbs, dry, sug, fat, alko, rem) VALUES (564, 11, 'Лещ каспийский крупный и средний вяленый', 'кг', 1000, 42, 0, 61.5, 0, 5.9, 0, '1. Данные о пищевой ценности продукта приведены из источников, рекомендованных к применению Федеральной службой по Надзору в сфере защиты прав потребителей и благополучия человека (Роспотребнадзор).

2. Данные по технологическим потерям на разделку с кожей и костями даны на основании средних данных контрольных проработок, проводимых на территории России.');
INSERT INTO treatments (name, cold, hot, fin, protein, fat, carbs, product_id) VALUES ('Разделка на филе без кожи с костями (Крупный)', 46, 0, 0, 0, 0, 0, 564);
INSERT INTO treatments (name, cold, hot, fin, protein, fat, carbs, product_id) VALUES ('Разделка на филе без кожи с костями (Средний)', 48, 0, 0, 0, 0, 0, 564);
INSERT INTO treatments (name, cold, hot, fin, protein, fat, carbs, product_id) VALUES ('Разделка на филе без кожи с костями (Мелкий)', 50, 0, 0, 0, 0, 0, 564);
INSERT INTO treatments (name, cold, hot, fin, protein, fat, carbs, product_id) VALUES ('Разделка на филе с кожей и костями', 35, 0, 0, 0, 0, 0, 564);
INSERT INTO products (id, category_id, name, unit, grm, protein, carbs, dry, sug, fat, alko, rem) VALUES (565, 11, 'Лещ свежий неразделанный', 'кг', 1000, 17.1, 0, 22.3, 0, 4.1, 0, 'Данные о пищевой ценности продукта приведены из источников, рекомендованных к применению Федеральной службой по Надзору в сфере защиты прав потребителей и благополучия человека (Роспотребнадзор).

Величина "Углеводы" рассчитана как сумма Крахмала, Моно-дисахаридов, Лактозы и Сахарозы.

Потери моно-дисахаридов и крахмала рассчитаны с учетом процентного содержания моно-дисахаридов и крахмала в продукте.');
INSERT INTO treatments (name, cold, hot, fin, protein, fat, carbs, product_id) VALUES ('Отварной непластованный кусками', 38, 20, 0, 10, 10, 0, 565);
INSERT INTO treatments (name, cold, hot, fin, protein, fat, carbs, product_id) VALUES ('Жареный непластованный кусками', 38, 20, 0, 10, 20, 0, 565);
INSERT INTO treatments (name, cold, hot, fin, protein, fat, carbs, product_id) VALUES ('Отварной филе с кожей и костями', 46, 18, 0, 10, 10, 0, 565);
INSERT INTO treatments (name, cold, hot, fin, protein, fat, carbs, product_id) VALUES ('Жареный филе с кожей и костями', 46, 18, 0, 10, 20, 0, 565);
INSERT INTO treatments (name, cold, hot, fin, protein, fat, carbs, product_id) VALUES ('Отварной филе с кожей без костей', 54, 18, 0, 10, 10, 0, 565);
INSERT INTO treatments (name, cold, hot, fin, protein, fat, carbs, product_id) VALUES ('Жареный филе с кожей без костей', 54, 18, 0, 10, 20, 0, 565);
INSERT INTO products (id, category_id, name, unit, grm, protein, carbs, dry, sug, fat, alko, rem) VALUES (566, 11, 'Лосось консервированный в с/с', 'кг', 1000, 23.5, 0, 28.7, 0, 6.6, 0, '1. Данные о пищевой ценности продукта приведены из источников, рекомендованных к применению Федеральной службой по Надзору в сфере защиты прав потребителей и благополучия человека (Роспотребнадзор).');
INSERT INTO products (id, category_id, name, unit, grm, protein, carbs, dry, sug, fat, alko, rem) VALUES (567, 11, 'Лосось свежий (филе с кожей)', 'кг', 1000, 20.2, 0, 32.8, 0, 11, 0, '1. Данные о пищевой ценности продукта приведены из источников, рекомендованных к применению Федеральной службой по Надзору в сфере защиты прав потребителей и благополучия человека (Роспотребнадзор).

2. Данные по технологическим потерям даны на основании средних данных контрольных проработок, проводимых на территории России.');
INSERT INTO treatments (name, cold, hot, fin, protein, fat, carbs, product_id) VALUES ('Жарка', 3, 20, 0, 10, 20, 0, 567);
INSERT INTO treatments (name, cold, hot, fin, protein, fat, carbs, product_id) VALUES ('Потери при засолке', 9.1, 0, 0, 0, 0, 0, 567);
INSERT INTO products (id, category_id, name, unit, grm, protein, carbs, dry, sug, fat, alko, rem) VALUES (568, 11, 'Лосось слабосоленый (филе с кожей)', 'кг', 1000, 25.4, 0, 35.1, 0, 4.5, 0, '1. Данные о пищевой ценности продукта приведены из источников, рекомендованных к применению Федеральной службой по Надзору в сфере защиты прав потребителей и благополучия человека (Роспотребнадзор).

2. Данные по технологическим потерям даны на основании средних данных контрольных проработок, проводимых на территории России.');
INSERT INTO treatments (name, cold, hot, fin, protein, fat, carbs, product_id) VALUES ('Удаление кожи и костей', 15, 0, 0, 0, 0, 0, 568);
INSERT INTO products (id, category_id, name, unit, grm, protein, carbs, dry, sug, fat, alko, rem) VALUES (569, 11, 'Лосось тушка потрошенная с головой', 'кг', 1000, 20.2, 0, 32.8, 0, 11, 0, '1. Данные о пищевой ценности продукта приведены из источников, рекомендованных к применению Федеральной службой по Надзору в сфере защиты прав потребителей и благополучия человека (Роспотребнадзор).

2. Данные по технологическим потерям даны на основании средних данных контрольных проработок, проводимых на территории России.

3. Обработка "Нарезка стейками с кожей и костями+жарка" требует проведения контрольной проработки.');
INSERT INTO treatments (name, cold, hot, fin, protein, fat, carbs, product_id) VALUES ('Жарка филе с кожей без костей', 37, 20, 0, 10, 20, 0, 569);
INSERT INTO treatments (name, cold, hot, fin, protein, fat, carbs, product_id) VALUES ('Разделка для суши, роллов', 44, 0, 0, 0, 0, 0, 569);
INSERT INTO treatments (name, cold, hot, fin, protein, fat, carbs, product_id) VALUES ('Запекание целиком', 14, 20, 0, 10, 20, 0, 569);
INSERT INTO treatments (name, cold, hot, fin, protein, fat, carbs, product_id) VALUES ('Разделка на филе с кожей без костей', 37, 0, 0, 0, 0, 0, 569);
INSERT INTO treatments (name, cold, hot, fin, protein, fat, carbs, product_id) VALUES ('Разделка на филе с кожей б/к+засолка', 43, 0, 0, 0, 0, 0, 569);
INSERT INTO treatments (name, cold, hot, fin, protein, fat, carbs, product_id) VALUES ('Нарезка стейками с кожей и костями+жарка', 29, 20, 0, 10, 20, 0, 569);
INSERT INTO products (id, category_id, name, unit, grm, protein, carbs, dry, sug, fat, alko, rem) VALUES (570, 11, 'Лягушачьи лапки (Китай)', 'кг', 1000, 16, 0, 16, 0, 0, 0, 'Содержание пищевых в-в указано в соответствии с маркировочным ярлыком товара. Производитель: XIAMEN TONGAN YUANSAUI SEA PRODUCTS CO, LTD (CHINA), (Торговая марка: ANGELFISH) ');
INSERT INTO treatments (name, cold, hot, fin, protein, fat, carbs, product_id) VALUES ('Жарка гриль из свежемороженных', 31, 19, 0, 10, 20, 0, 570);
INSERT INTO products (id, category_id, name, unit, grm, protein, carbs, dry, sug, fat, alko, rem) VALUES (571, 11, 'Масляная рыба', 'кг', 1000, 18.8, 0, 24.5, 0, 4.2, 0, '1. Данные о пищевой ценности продукта приведены из источников, рекомендованных к применению Федеральной службой по Надзору в сфере защиты прав потребителей и благополучия человека (Роспотребнадзор).

2. Данные по технологическим потерям даны на основании средних данных контрольных проработок, проводимых на территории России. Для проработки использовалась свежемороженная маслянная рыба (звено без головы и хвоста, с кожей и костями). В Холодную обработку (16,6%) включена разморозка, ошпаривание, очистка чешуи, удаление хребта и порционирование.');
INSERT INTO treatments (name, cold, hot, fin, protein, fat, carbs, product_id) VALUES ('Жарка', 16.6, 26.4, 0, 10, 20, 0, 571);
INSERT INTO products (id, category_id, name, unit, grm, protein, carbs, dry, sug, fat, alko, rem) VALUES (572, 11, 'Мидии в раковине', 'кг', 1000, 9.1, 0, 12.2, 0, 1.5, 0, '1. Данные о пищевой ценности продукта приведены из источников, рекомендованных к применению Федеральной службой по Надзору в сфере защиты прав потребителей и благополучия человека (Роспотребнадзор). (По Мидиям свежим).

2. Данные по технологическим потерям даны на основании средних данных контрольных проработок, проводимых на территории России. Для проработки использовались гигантские мидии в зеленой раковине (Новая Зеландия). В процент тепловой обработки включены потери на разморозку.');
INSERT INTO treatments (name, cold, hot, fin, protein, fat, carbs, product_id) VALUES ('Припускание и запекание с сырным соусом', 0, 17.1, 0, 10, 10, 0, 572);
INSERT INTO treatments (name, cold, hot, fin, protein, fat, carbs, product_id) VALUES ('Разморозка и запекание с сухарным соусом', 7.3, 17.9, 0, 10, 20, 0, 572);
INSERT INTO products (id, category_id, name, unit, grm, protein, carbs, dry, sug, fat, alko, rem) VALUES (573, 11, 'Минтай с/м разделанный обезглавленный', 'кг', 1000, 15.9, 0, 18.1, 0, 0.9, 0, '1. Данные о пищевой ценности продукта приведены из источников, рекомендованных к применению Федеральной службой по Надзору в сфере защиты прав потребителей и благополучия человека (Роспотребнадзор).

2. Данные по технологическим потерям временно отсутствуют. Проверяйте наличие обновлений базы ингредиетов на сайте www.chefexpert.ru.');
INSERT INTO treatments (name, cold, hot, fin, protein, fat, carbs, product_id) VALUES ('Жарка', 9, 18, 0, 10, 20, 0, 573);
INSERT INTO products (id, category_id, name, unit, grm, protein, carbs, dry, sug, fat, alko, rem) VALUES (574, 11, 'Мойва свежая', 'кг', 1000, 13.1, 0, 21.6, 0, 7.1, 0, '1. Данные о пищевой ценности продукта приведены из источников, рекомендованных к применению Федеральной службой по Надзору в сфере защиты прав потребителей и благополучия человека (Роспотребнадзор).

2. Данные по технологическим потерям временно отсутствуют. Проверяйте наличие обновлений базы ингредиетов на сайте www.chefexpert.ru.');
INSERT INTO products (id, category_id, name, unit, grm, protein, carbs, dry, sug, fat, alko, rem) VALUES (575, 11, 'Моллюск рапана свежий', 'кг', 1000, 16.7, 0, 19.5, 0, 1.1, 0, '1. Данные о пищевой ценности продукта приведены из источников, рекомендованных к применению Федеральной службой по Надзору в сфере защиты прав потребителей и благополучия человека (Роспотребнадзор).

2. Данные по технологическим потерям временно отсутствуют. Проверяйте наличие обновлений базы ингредиетов на сайте www.chefexpert.ru.');
INSERT INTO products (id, category_id, name, unit, grm, protein, carbs, dry, sug, fat, alko, rem) VALUES (576, 11, 'Молоки рыбные (Кета)', 'кг', 1000, 16.3, 0, 18, 0, 1.2, 0, '');
INSERT INTO treatments (name, cold, hot, fin, protein, fat, carbs, product_id) VALUES ('Жарка', 5, 42, 0, 10, 20, 0, 576);
INSERT INTO products (id, category_id, name, unit, grm, protein, carbs, dry, sug, fat, alko, rem) VALUES (577, 11, 'Морская капуста', 'кг', 1000, 0.9, 0, 12, 0, 0.2, 0, 'Данные о пищевой ценности продукта приведены из источников, рекомендованных к применению Федеральной службой по Надзору в сфере защиты прав потребителей и благополучия человека (Роспотребнадзор).');
INSERT INTO treatments (name, cold, hot, fin, protein, fat, carbs, product_id) VALUES ('Тушение из с/м', 0, 45.3, 0, 2, 10, 0, 577);
INSERT INTO products (id, category_id, name, unit, grm, protein, carbs, dry, sug, fat, alko, rem) VALUES (578, 11, 'Морской коктейль с/м', 'кг', 1000, 15.6, 2.9, 24.7, 0, 1.5, 0, '1. Данные о пищевой ценности продукта приведены из источников, рекомендованных к применению Федеральной службой по Надзору в сфере защиты прав потребителей и благополучия человека (Роспотребнадзор).

2. Данные по технологическим потерям даны на основании средних данных контрольных проработок, проводимых на территории России.');
INSERT INTO treatments (name, cold, hot, fin, protein, fat, carbs, product_id) VALUES ('Жарка', 20, 10, 0, 10, 20, 0, 578);
INSERT INTO treatments (name, cold, hot, fin, protein, fat, carbs, product_id) VALUES ('Жарка сильно глазированного', 62, 5, 0, 10, 20, 0, 578);
INSERT INTO products (id, category_id, name, unit, grm, protein, carbs, dry, sug, fat, alko, rem) VALUES (579, 11, 'Морской черт филе с/м', 'кг', 1000, 0, 0, 0, 0, 0, 0, '1. Данные по технологическим потерям даны на основании средних данных контрольных проработок, проводимых на территории России.

2. Данные о содержании пищевых веществ временно отсутствуют. Следите за обновлениями базы ингредиентов на сайте chefexpert.ru.');
INSERT INTO treatments (name, cold, hot, fin, protein, fat, carbs, product_id) VALUES ('Жарка глазированного льдом', 40.8, 18, 0, 10, 20, 0, 579);
INSERT INTO products (id, category_id, name, unit, grm, protein, carbs, dry, sug, fat, alko, rem) VALUES (580, 11, 'Морской язык филе с/м', 'кг', 1000, 17.4, 0, 18.8, 0, 1.5, 0, '1. Данные о пищевой ценности продукта приведены из источников, рекомендованных к применению Федеральной службой по Надзору в сфере защиты прав потребителей и благополучия человека (Роспотребнадзор).

2. Данные по технологическим потерям даны на основании средних данных контрольных проработок, проводимых на территории России. Использовалось филе морского языка, глазированное льдом. В холодной обработке учтены потери на разморозку и обрезание жира.');
INSERT INTO treatments (name, cold, hot, fin, protein, fat, carbs, product_id) VALUES ('Жарка глазированного льдом', 34.6, 18, 0, 10, 20, 0, 580);
INSERT INTO products (id, category_id, name, unit, grm, protein, carbs, dry, sug, fat, alko, rem) VALUES (581, 11, 'Окунь речной', 'кг', 1000, 18.5, 0, 20.8, 0, 0.9, 0, '1. Данные о пищевой ценности продукта приведены из источников, рекомендованных к применению Федеральной службой по Надзору в сфере защиты прав потребителей и благополучия человека (Роспотребнадзор).

2. Данные по технологическим потерям временно отсутствуют. Проверяйте наличие обновлений базы ингредиетов на сайте www.chefexpert.ru.');
INSERT INTO treatments (name, cold, hot, fin, protein, fat, carbs, product_id) VALUES ('Варка', 0, 0, 0, 10, 10, 0, 581);
INSERT INTO treatments (name, cold, hot, fin, protein, fat, carbs, product_id) VALUES ('Жарка', 0, 0, 0, 10, 20, 0, 581);
INSERT INTO treatments (name, cold, hot, fin, protein, fat, carbs, product_id) VALUES ('Котлеты', 0, 0, 0, 5, 15, 0, 581);
INSERT INTO treatments (name, cold, hot, fin, protein, fat, carbs, product_id) VALUES ('Припускание', 0, 0, 0, 10, 10, 0, 581);
INSERT INTO products (id, category_id, name, unit, grm, protein, carbs, dry, sug, fat, alko, rem) VALUES (582, 11, 'Омар (Лобстер) варено-мороженный', 'кг', 1000, 22.1, 0, 25.7, 0, 1.6, 0, '1. Данные о пищевой ценности продукта приведены из источников, рекомендованных к применению Федеральной службой по Надзору в сфере защиты прав потребителей и благополучия человека (Роспотребнадзор).

2. Данные по холодной обработке приведены на основании контрольной проработки. Масса 1 омара с/м - 400 грамм.

3. Обработка "Удаление внутренностей" - омар размораживается (потери на разморозку - 12,5%), удаляются жабры, желудок, омар разрезается на две части. (потери на удаление внутренностей и потери при разделке - 27%.) ');
INSERT INTO treatments (name, cold, hot, fin, protein, fat, carbs, product_id) VALUES ('Разделка на мякоть', 69.2, 0, 0, 0, 0, 0, 582);
INSERT INTO treatments (name, cold, hot, fin, protein, fat, carbs, product_id) VALUES ('Удаление внутренностей', 36.25, 0, 0, 0, 0, 0, 582);
INSERT INTO products (id, category_id, name, unit, grm, protein, carbs, dry, sug, fat, alko, rem) VALUES (583, 11, 'Осетр потрошенный с головой', 'кг', 1000, 16.4, 0, 28.6, 0, 10.9, 0, '1.Данные о пищевой ценности продукта приведены из источников, рекомендованных к применению Федеральной службой по Надзору в сфере защиты прав потребителей и благополучия человека (Роспотребнадзор).

2. Технолологические потери при запекании с удаленным хребтом даны на основании контрольных проработок.');
INSERT INTO treatments (name, cold, hot, fin, protein, fat, carbs, product_id) VALUES ('Варка', 45, 19, 0, 10, 10, 0, 583);
INSERT INTO treatments (name, cold, hot, fin, protein, fat, carbs, product_id) VALUES ('Жарка порционного куска с кожей без хрящей', 45, 20, 0, 10, 20, 0, 583);
INSERT INTO treatments (name, cold, hot, fin, protein, fat, carbs, product_id) VALUES ('Запеченный целиком', 5, 16, 0, 10, 20, 0, 583);
INSERT INTO treatments (name, cold, hot, fin, protein, fat, carbs, product_id) VALUES ('Запеченный целиком с удаленным хребтом', 34.5, 16, 0, 10, 20, 0, 583);
INSERT INTO products (id, category_id, name, unit, grm, protein, carbs, dry, sug, fat, alko, rem) VALUES (584, 11, 'Осетр филе с кожей без хрящей', 'кг', 1000, 16.4, 0, 28.6, 0, 10.9, 0, 'Данные о пищевой ценности продукта приведены из источников, рекомендованных к применению Федеральной службой по Надзору в сфере защиты прав потребителей и благополучия человека (Роспотребнадзор).');
INSERT INTO treatments (name, cold, hot, fin, protein, fat, carbs, product_id) VALUES ('Варка порционными кусками', 10, 19, 0, 10, 10, 0, 584);
INSERT INTO treatments (name, cold, hot, fin, protein, fat, carbs, product_id) VALUES ('Жарка порционными кусками', 0, 20, 0, 10, 20, 0, 584);
INSERT INTO products (id, category_id, name, unit, grm, protein, carbs, dry, sug, fat, alko, rem) VALUES (585, 11, 'Палтус филе с кожей без костей', 'кг', 1000, 18.9, 0, 23.1, 0, 3, 0, '1. Данные о пищевой ценности продукта приведены из источников, рекомендованных к применению Федеральной службой по Надзору в сфере защиты прав потребителей и благополучия человека (Роспотребнадзор).

2. Данные по технологическим потерям по филе глазированному льдом даны на основании средних данных контрольных проработок, проводимых на территории России.');
INSERT INTO treatments (name, cold, hot, fin, protein, fat, carbs, product_id) VALUES ('Жарка неглазированное льдом', 8, 18, 0, 10, 20, 0, 585);
INSERT INTO treatments (name, cold, hot, fin, protein, fat, carbs, product_id) VALUES ('Припускание неглазированное льдом', 8, 18, 0, 10, 10, 0, 585);
INSERT INTO treatments (name, cold, hot, fin, protein, fat, carbs, product_id) VALUES ('Жарка глазированного льдом', 23.5, 18, 0, 10, 20, 0, 585);
INSERT INTO treatments (name, cold, hot, fin, protein, fat, carbs, product_id) VALUES ('Припускание глазированного льдом', 23.5, 18, 0, 10, 10, 0, 585);
INSERT INTO products (id, category_id, name, unit, grm, protein, carbs, dry, sug, fat, alko, rem) VALUES (586, 11, 'Пеленгас (кефаль) филе с/м', 'кг', 1000, 18.4, 0, 20.8, 0, 1.1, 0, '1. Данные о содержании пищевых веществ приведены по Судаку. Проверяйте наличие обновлений базы ингредиетов на сайте www.chefexpert.ru.

2. Данные по технологическим потерям даны на основании средних данных контрольных проработок, проводимых на территории России. ');
INSERT INTO treatments (name, cold, hot, fin, protein, fat, carbs, product_id) VALUES ('Жарка глазированного льдом', 18, 21, 0, 10, 20, 0, 586);
INSERT INTO products (id, category_id, name, unit, grm, protein, carbs, dry, sug, fat, alko, rem) VALUES (587, 11, 'Пельмени Гедза с креветками (п/ф пром. пр-ва)', 'кг', 1000, 14.9, 21.14, 44.52, 0, 8.48, 0, 'Содержание пищевых в-в приведено по блюду "Пельмени Гедза с креветками"');
INSERT INTO treatments (name, cold, hot, fin, protein, fat, carbs, product_id) VALUES ('Жарка', 0, 8, 0, 0, 0, 0, 587);
INSERT INTO products (id, category_id, name, unit, grm, protein, carbs, dry, sug, fat, alko, rem) VALUES (588, 11, 'Печень трески', 'кг', 1000, 4.2, 1.2, 73.6, 0, 65.7, 0, 'Данные о пищевой ценности продукта приведены из источников, рекомендованных к применению Федеральной службой по Надзору в сфере защиты прав потребителей и благополучия человека (Роспотребнадзор).

Величина "Углеводы" рассчитана как сумма Крахмала, Моно-дисахаридов, Лактозы и Сахарозы.');
INSERT INTO products (id, category_id, name, unit, grm, protein, carbs, dry, sug, fat, alko, rem) VALUES (589, 11, 'Разнорыбица (набор для ухи)', 'кг', 1000, 19.2, 0, 23.2, 0, 3.5, 0, 'Содержание пищевых в-в даны по речной рыбе (в - среднем)');
INSERT INTO products (id, category_id, name, unit, grm, protein, carbs, dry, sug, fat, alko, rem) VALUES (590, 11, 'Раки средние', 'кг', 1000, 16, 0, 21.6, 0, 3.6, 0, '1. Данные по технологическим потерям даны на основании средних данных контрольных проработок, проводимых на территории России.

2. Данные о содержании пищевых веществ приведены по ингредиенту "Краб камчатский мясо". Следите за обновлениями базы ингредиентов на сайте chefexpert.ru.');
INSERT INTO treatments (name, cold, hot, fin, protein, fat, carbs, product_id) VALUES ('Варка', 0, 0, 0, 10, 10, 0, 590);
INSERT INTO treatments (name, cold, hot, fin, protein, fat, carbs, product_id) VALUES ('Варка с разделкой на мякоть', 0, 0, 88.9, 10, 10, 0, 590);
INSERT INTO products (id, category_id, name, unit, grm, protein, carbs, dry, sug, fat, alko, rem) VALUES (591, 11, 'Ракушки Вонголе с/м', 'кг', 1000, 9.1, 0, 27.4, 0, 1.5, 0, '1. Данные по технологическим потерям даны на основании средних данных контрольных проработок, проводимых на территории России.

2. Данные о содержании пищевых веществ приведены по ингредиенту "Мидии". Следите за обновлениями базы ингредиентов на сайте chefexpert.ru.');
INSERT INTO treatments (name, cold, hot, fin, protein, fat, carbs, product_id) VALUES ('Обжарка', 0, 17.1, 0, 10, 20, 0, 591);
INSERT INTO products (id, category_id, name, unit, grm, protein, carbs, dry, sug, fat, alko, rem) VALUES (592, 11, 'Рыбное филе панированное', 'кг', 1000, 18.2, 5.3, 28, 0, 4.5, 0, '');
INSERT INTO treatments (name, cold, hot, fin, protein, fat, carbs, product_id) VALUES ('Жарка', 0, 12, 0, 5, 5, 0, 592);
INSERT INTO products (id, category_id, name, unit, grm, protein, carbs, dry, sug, fat, alko, rem) VALUES (593, 11, 'Салака копченая', 'кг', 1000, 25.4, 0, 34.9, 0, 5.6, 0, 'Данные о пищевой ценности продукта приведены из источников, рекомендованных к применению Федеральной службой по Надзору в сфере защиты прав потребителей и благополучия человека (Роспотребнадзор).');
INSERT INTO treatments (name, cold, hot, fin, protein, fat, carbs, product_id) VALUES ('Разделка на филе', 50, 0, 0, 0, 0, 0, 593);
INSERT INTO treatments (name, cold, hot, fin, protein, fat, carbs, product_id) VALUES ('Неразделанная', 10, 0, 0, 0, 0, 0, 593);
INSERT INTO products (id, category_id, name, unit, grm, protein, carbs, dry, sug, fat, alko, rem) VALUES (594, 11, 'Салат Чука (готовый, с/м)', 'кг', 1000, 2, 20, 28, 0, 6, 0, '1. Данные о содержании пищевых веществ даны по маркировочному ярлыку товара. Производитель: Jiangxi Huayi Food Co., Ltd, Китай. (Продукт: Chuka Salad, Frosen Seasoned Seaweed)');
INSERT INTO treatments (name, cold, hot, fin, protein, fat, carbs, product_id) VALUES ('Потери при разморозке и порционировании', 11, 0, 0, 0, 0, 0, 594);
INSERT INTO products (id, category_id, name, unit, grm, protein, carbs, dry, sug, fat, alko, rem) VALUES (595, 11, 'Сельдь с/м', 'кг', 1000, 17.7, 0, 38.7, 0, 19.5, 0, 'Данные о пищевой ценности продукта приведены из источников, рекомендованных к применению Федеральной службой по Надзору в сфере защиты прав потребителей и благополучия человека (Роспотребнадзор) (по Сельди Атлантической Жирной).');
INSERT INTO treatments (name, cold, hot, fin, protein, fat, carbs, product_id) VALUES ('Жареная с головой', 20, 18, 0, 10, 20, 0, 595);
INSERT INTO products (id, category_id, name, unit, grm, protein, carbs, dry, sug, fat, alko, rem) VALUES (596, 11, 'Сельдь среднесоленая', 'кг', 1000, 17, 0, 37, 0, 8.5, 0, '1. Данные о пищевой ценности продукта приведены из источников, рекомендованных к применению Федеральной службой по Надзору в сфере защиты прав потребителей и благополучия человека (Роспотребнадзор).

2. Данные по технологическим потерям на филе в масле (дозачистка) даны на основании средних данных контрольных проработок, проводимых на территории России.');
INSERT INTO treatments (name, cold, hot, fin, protein, fat, carbs, product_id) VALUES ('Крупная разделка на филе', 50, 0, 0, 0, 0, 0, 596);
INSERT INTO treatments (name, cold, hot, fin, protein, fat, carbs, product_id) VALUES ('Средняя разделка на филе', 52, 0, 0, 0, 0, 0, 596);
INSERT INTO treatments (name, cold, hot, fin, protein, fat, carbs, product_id) VALUES ('Крупная без кожи с костями', 38, 0, 0, 0, 0, 0, 596);
INSERT INTO treatments (name, cold, hot, fin, protein, fat, carbs, product_id) VALUES ('Средняя без кожи с костями', 40, 0, 0, 0, 0, 0, 596);
INSERT INTO treatments (name, cold, hot, fin, protein, fat, carbs, product_id) VALUES ('Филе в масле дозачистка', 4.1, 0, 0, 0, 0, 0, 596);
INSERT INTO products (id, category_id, name, unit, grm, protein, carbs, dry, sug, fat, alko, rem) VALUES (597, 11, 'Сибасс (морской волк) тушка', 'кг', 1000, 18.2, 0, 22.9, 0, 3.3, 0, '1. Данные по технологическим потерям даны на основании средних данных контрольных проработок, проводимых на территории России. В холодную обработку включены удаление костей, очистка и потрошение. Подается рыба с головой и хвостом.

2. Данные о содержании пищевых веществ приведены по ингредиенту "Окунь морской". Следите за обновлениями базы ингредиентов на сайте chefexpert.ru.');
INSERT INTO treatments (name, cold, hot, fin, protein, fat, carbs, product_id) VALUES ('Приготовление на пару', 18, 18, 0, 10, 10, 0, 597);
INSERT INTO treatments (name, cold, hot, fin, protein, fat, carbs, product_id) VALUES ('Жарка на гриле с головой и костями (из охл.)', 16, 16, 0, 10, 10, 0, 597);
INSERT INTO products (id, category_id, name, unit, grm, protein, carbs, dry, sug, fat, alko, rem) VALUES (598, 11, 'Скумбрия атланстическая х/к обезглавленная', 'кг', 1000, 23.4, 0, 39.7, 0, 6.4, 0, 'Данные о пищевой ценности продукта приведены из источников, рекомендованных к применению Федеральной службой по Надзору в сфере защиты прав потребителей и благополучия человека (Роспотребнадзор).');
INSERT INTO treatments (name, cold, hot, fin, protein, fat, carbs, product_id) VALUES ('Разделка без кожи с костями', 13, 0, 0, 0, 0, 0, 598);
INSERT INTO treatments (name, cold, hot, fin, protein, fat, carbs, product_id) VALUES ('Разделка на филе без кожи и костей', 26, 0, 0, 0, 0, 0, 598);
INSERT INTO products (id, category_id, name, unit, grm, protein, carbs, dry, sug, fat, alko, rem) VALUES (599, 11, 'Сом', 'кг', 1000, 17.2, 0, 23.3, 0, 5.1, 0, 'Данные о пищевой ценности продукта приведены из источников, рекомендованных к применению Федеральной службой по Надзору в сфере защиты прав потребителей и благополучия человека (Роспотребнадзор).');
INSERT INTO treatments (name, cold, hot, fin, protein, fat, carbs, product_id) VALUES ('Отварной непластованный кусками', 38, 22, 0, 10, 10, 0, 599);
INSERT INTO treatments (name, cold, hot, fin, protein, fat, carbs, product_id) VALUES ('Жареный непластованный кусками', 38, 23, 0, 10, 20, 0, 599);
INSERT INTO treatments (name, cold, hot, fin, protein, fat, carbs, product_id) VALUES ('Отварной с кожей и костями', 48, 22, 0, 10, 10, 0, 599);
INSERT INTO treatments (name, cold, hot, fin, protein, fat, carbs, product_id) VALUES ('Жареный с кожей и костями', 48, 23, 0, 10, 20, 0, 599);
INSERT INTO treatments (name, cold, hot, fin, protein, fat, carbs, product_id) VALUES ('Отварной с кожей без костей', 50, 22, 0, 10, 10, 0, 599);
INSERT INTO treatments (name, cold, hot, fin, protein, fat, carbs, product_id) VALUES ('Жареный с кожей без костей', 50, 23, 0, 10, 20, 0, 599);
INSERT INTO products (id, category_id, name, unit, grm, protein, carbs, dry, sug, fat, alko, rem) VALUES (600, 11, 'Судак филе с кожей', 'кг', 1000, 18.4, 0, 20.8, 0, 1.1, 0, '1. Данные о пищевой ценности продукта приведены из источников, рекомендованных к применению Федеральной службой по Надзору в сфере защиты прав потребителей и благополучия человека (Роспотребнадзор).

2. Данные по технологическим потерям даны на основании средних данных контрольных проработок, проводимых на территории России.');
INSERT INTO treatments (name, cold, hot, fin, protein, fat, carbs, product_id) VALUES ('Припущенный неглазированный льдом', 14.2, 18, 0, 10, 10, 0, 600);
INSERT INTO treatments (name, cold, hot, fin, protein, fat, carbs, product_id) VALUES ('Жареный неглазированный льдом', 14.2, 18, 0, 10, 20, 0, 600);
INSERT INTO treatments (name, cold, hot, fin, protein, fat, carbs, product_id) VALUES ('Припущенный глазированный льдом', 27, 18, 0, 10, 10, 0, 600);
INSERT INTO treatments (name, cold, hot, fin, protein, fat, carbs, product_id) VALUES ('Жареный глазированный льдом', 27, 18, 0, 10, 20, 0, 600);
INSERT INTO products (id, category_id, name, unit, grm, protein, carbs, dry, sug, fat, alko, rem) VALUES (601, 11, 'Судак целый', 'кг', 1000, 18.4, 0, 20.8, 0, 1.1, 0, '1. Данные о пищевой ценности продукта приведены из источников, рекомендованных к применению Федеральной службой по Надзору в сфере защиты прав потребителей и благополучия человека (Роспотребнадзор).

2. Показатели обработки "Запеченный с головой, хвостом и кожей без костей" даны на основании контрольной проработки. Использовался судак средних размеров, подготовленный для фарширования овощами гриль.');
INSERT INTO treatments (name, cold, hot, fin, protein, fat, carbs, product_id) VALUES ('Отварной непластованный кусками', 35, 20, 0, 10, 10, 0, 601);
INSERT INTO treatments (name, cold, hot, fin, protein, fat, carbs, product_id) VALUES ('Жареный непластованный кусками', 35, 18, 0, 10, 20, 0, 601);
INSERT INTO treatments (name, cold, hot, fin, protein, fat, carbs, product_id) VALUES ('Отварной с кожей и костями', 45, 20, 0, 10, 10, 0, 601);
INSERT INTO treatments (name, cold, hot, fin, protein, fat, carbs, product_id) VALUES ('Жареный с кожей и костями', 45, 18, 0, 10, 20, 0, 601);
INSERT INTO treatments (name, cold, hot, fin, protein, fat, carbs, product_id) VALUES ('Припущенный с кожей без костей', 49, 18, 0, 10, 10, 0, 601);
INSERT INTO treatments (name, cold, hot, fin, protein, fat, carbs, product_id) VALUES ('Жареный с кожей без костей', 49, 18, 0, 10, 20, 0, 601);
INSERT INTO treatments (name, cold, hot, fin, protein, fat, carbs, product_id) VALUES ('Припущенный без кожи и костей', 52, 18, 0, 10, 10, 0, 601);
INSERT INTO treatments (name, cold, hot, fin, protein, fat, carbs, product_id) VALUES ('Жареный без кожи и костей', 52, 18, 0, 10, 20, 0, 601);
INSERT INTO treatments (name, cold, hot, fin, protein, fat, carbs, product_id) VALUES ('Запеченный с головой, хвостом и кожей без костей', 23, 18, 0, 0, 0, 0, 601);
INSERT INTO treatments (name, cold, hot, fin, protein, fat, carbs, product_id) VALUES ('Запеченный в соли с головой и хребтом без кожи', 16, 18, 28, 10, 10, 0, 601);
INSERT INTO products (id, category_id, name, unit, grm, protein, carbs, dry, sug, fat, alko, rem) VALUES (602, 11, 'Толстолоб филе с/м', 'кг', 1000, 17.2, 0, 23.65, 0, 5.3, 0, '1. Данные по технологическим потерям даны на основании средних данных контрольных проработок, проводимых на территории России. В процент холодной обработки включена разморозка, дозачистка, удаление костей.

2. Данные о содержании пищевых веществ приведены по ингредиенту "Карп, сазан". Следите за обновлениями базы ингредиентов на сайте chefexpert.ru.');
INSERT INTO treatments (name, cold, hot, fin, protein, fat, carbs, product_id) VALUES ('Жарка (глазированного льдом)', 39, 18, 0, 10, 20, 0, 602);
INSERT INTO products (id, category_id, name, unit, grm, protein, carbs, dry, sug, fat, alko, rem) VALUES (603, 11, 'Толстолоб целый', 'кг', 1000, 17.2, 0, 23.6, 0, 5.3, 0, '1. Данные по технологическим потерям даны на основании средних данных контрольных проработок, проводимых на территории России.

2. Данные о содержании пищевых веществ приведены по ингредиенту "Карп, сазан". Следите за обновлениями базы ингредиентов на сайте chefexpert.ru.');
INSERT INTO treatments (name, cold, hot, fin, protein, fat, carbs, product_id) VALUES ('Жарка филе с кожей без костей', 54, 18, 0, 10, 20, 0, 603);
INSERT INTO products (id, category_id, name, unit, grm, protein, carbs, dry, sug, fat, alko, rem) VALUES (604, 11, 'Треска филе', 'кг', 1000, 18.4, 0, 20.8, 0, 1.1, 0, 'Содержание пищевых веществ и потери при тепловой обработке даны по продукту "Судак филе с кожей"');
INSERT INTO treatments (name, cold, hot, fin, protein, fat, carbs, product_id) VALUES ('Жарка', 0, 18, 0, 10, 20, 0, 604);
INSERT INTO products (id, category_id, name, unit, grm, protein, carbs, dry, sug, fat, alko, rem) VALUES (605, 11, 'Тунец консервированный в с/с', 'кг', 1000, 22.5, 0, 26, 0, 0.7, 0, 'Данные о пищевой ценности продукта приведены из источников, рекомендованных к применению Федеральной службой по Надзору в сфере защиты прав потребителей и благополучия человека (Роспотребнадзор).');
INSERT INTO treatments (name, cold, hot, fin, protein, fat, carbs, product_id) VALUES ('Потери при порционировании', 5, 0, 0, 0, 0, 0, 605);
INSERT INTO products (id, category_id, name, unit, grm, protein, carbs, dry, sug, fat, alko, rem) VALUES (606, 11, 'Тунец филе', 'кг', 1000, 24.4, 0, 30.7, 0, 4.3, 0, '1. Данные о пищевой ценности продукта приведены из источников, рекомендованных к применению Федеральной службой по Надзору в сфере защиты прав потребителей и благополучия человека (Роспотребнадзор).

2. Данные по технологическим потерям даны на основании средних данных контрольных проработок, проводимых на территории России.');
INSERT INTO treatments (name, cold, hot, fin, protein, fat, carbs, product_id) VALUES ('Жарка Medium', 5, 15, 0, 10, 20, 0, 606);
INSERT INTO treatments (name, cold, hot, fin, protein, fat, carbs, product_id) VALUES ('Обработка для суши', 14.3, 0, 0, 0, 0, 0, 606);
INSERT INTO products (id, category_id, name, unit, grm, protein, carbs, dry, sug, fat, alko, rem) VALUES (607, 11, 'Угорь', 'кг', 1000, 14.5, 0, 36, 0, 30.5, 0, '1. Данные о пищевой ценности продукта приведены из источников, рекомендованных к применению Федеральной службой по Надзору в сфере защиты прав потребителей и благополучия человека (Роспотребнадзор).

2. Данные по технологическим потерям временно отсутствуют. Проверяйте наличие обновлений базы ингредиетов на сайте www.chefexpert.ru.');
INSERT INTO treatments (name, cold, hot, fin, protein, fat, carbs, product_id) VALUES ('Варка', 0, 0, 0, 10, 10, 0, 607);
INSERT INTO treatments (name, cold, hot, fin, protein, fat, carbs, product_id) VALUES ('Жарка', 0, 0, 0, 10, 20, 0, 607);
INSERT INTO treatments (name, cold, hot, fin, protein, fat, carbs, product_id) VALUES ('Котлеты', 0, 0, 0, 5, 15, 0, 607);
INSERT INTO treatments (name, cold, hot, fin, protein, fat, carbs, product_id) VALUES ('Припускание', 0, 0, 0, 10, 10, 0, 607);
INSERT INTO products (id, category_id, name, unit, grm, protein, carbs, dry, sug, fat, alko, rem) VALUES (608, 11, 'Угорь жареный в соусе унаги (Китай)', 'кг', 1000, 13, 16, 42, 0, 11, 0, '1. Данные по технологическим потерям даны на основании средних данных контрольных проработок, проводимых на территории России.

2. Данные о содержании пищевых веществ приведены с маркировочного ярлыка товара. Производитель - "Компания Джиангси Хуаи Фуд Лтд."

3. Сухие вещ-ва рассчитаны как сумма белков, жиров, углеводов + 2.');
INSERT INTO treatments (name, cold, hot, fin, protein, fat, carbs, product_id) VALUES ('Обработка для суши, роллов', 13, 0, 0, 0, 0, 0, 608);
INSERT INTO products (id, category_id, name, unit, grm, protein, carbs, dry, sug, fat, alko, rem) VALUES (609, 11, 'Форель радужная с/м', 'кг', 1000, 20.2, 0, 32.8, 0, 11, 0, '1. Данные о содержании пищевых веществ приведены по ингредиенту "Лосось (семга, форель)...". Следите за обновлениями базы ингредиентов на сайте chefexpert.ru.

2. Данные по технологическим потерям даны на основании средних данных контрольных проработок, проводимых на территории России.

3. Технологические потери при разделке на филе с кожей без костей (стр. 2) требуют контрольной проработки.

4. Потери по Жарка гриль целиком приведены по охлажденной янтарной форели (Адлерский питомник). В холодную обработку включены потери при удалении чешуи, потрошении и удалении жабер.');
INSERT INTO treatments (name, cold, hot, fin, protein, fat, carbs, product_id) VALUES ('Жарка', 5, 18, 0, 10, 20, 0, 609);
INSERT INTO treatments (name, cold, hot, fin, protein, fat, carbs, product_id) VALUES ('Жарка филе', 53, 18, 0, 10, 20, 0, 609);
INSERT INTO treatments (name, cold, hot, fin, protein, fat, carbs, product_id) VALUES ('Жарка гриль целиком (из охл.)', 15, 18, 0, 10, 20, 0, 609);
INSERT INTO products (id, category_id, name, unit, grm, protein, carbs, dry, sug, fat, alko, rem) VALUES (610, 11, 'Хариус тушка', 'кг', 1000, 17.5, 0, 30, 0, 2, 0, 'Содержание пищевых веществ дано из непроверенного источника.');
INSERT INTO treatments (name, cold, hot, fin, protein, fat, carbs, product_id) VALUES ('Жарка филе без кожи и костей', 47, 18, 0, 10, 20, 0, 610);
INSERT INTO products (id, category_id, name, unit, grm, protein, carbs, dry, sug, fat, alko, rem) VALUES (611, 11, 'Чипсы креветочные (Китай)', 'кг', 1000, 0, 0, 0, 0, 0, 0, '1. Данные о содержании пищевых веществ временно отсутствуют. Проверяйте наличие обновлений базы ингредиетов на сайте www.chefexpert.ru.

2. Данные по технологическим потерям даны на основании средних данных контрольных проработок, проводимых на территории России.');
INSERT INTO treatments (name, cold, hot, fin, protein, fat, carbs, product_id) VALUES ('Жарка фри', 0, 5, 0, 0, 0, 0, 611);
INSERT INTO products (id, category_id, name, unit, grm, protein, carbs, dry, sug, fat, alko, rem) VALUES (612, 11, 'Шпроты', 'кг', 1000, 17.4, 0.4, 53.6, 0, 32.4, 0, 'Данные о пищевой ценности продукта приведены из источников, рекомендованных к применению Федеральной службой по Надзору в сфере защиты прав потребителей и благополучия человека (Роспотребнадзор).

Величина "Углеводы" рассчитана как сумма Крахмала, Моно-дисахаридов, Лактозы и Сахарозы.');
INSERT INTO products (id, category_id, name, unit, grm, protein, carbs, dry, sug, fat, alko, rem) VALUES (613, 11, 'Щука', 'кг', 1000, 18.4, 0, 20.7, 0, 1.1, 0, '1. Данные о пищевой ценности продукта приведены из источников, рекомендованных к применению Федеральной службой по Надзору в сфере защиты прав потребителей и благополучия человека (Роспотребнадзор).

2. Данные по технологическим потерям (Запеченная целиком без костей) даны на основании средних данных контрольных проработок, проводимых на территории России. Прорабатывалась щука среднего размера, подготовленная для фарширования (хребтовые и реберные кости удалены через спинку), с головой и хвостом.');
INSERT INTO treatments (name, cold, hot, fin, protein, fat, carbs, product_id) VALUES ('Отварная непластованная кусками', 42, 20, 0, 10, 10, 0, 613);
INSERT INTO treatments (name, cold, hot, fin, protein, fat, carbs, product_id) VALUES ('Жареная непластованная кусками', 42, 18, 0, 10, 20, 0, 613);
INSERT INTO treatments (name, cold, hot, fin, protein, fat, carbs, product_id) VALUES ('Отварная филе с кожей и костями', 49, 20, 0, 10, 10, 0, 613);
INSERT INTO treatments (name, cold, hot, fin, protein, fat, carbs, product_id) VALUES ('Жареная филе с кожей и костями', 49, 18, 0, 10, 20, 0, 613);
INSERT INTO treatments (name, cold, hot, fin, protein, fat, carbs, product_id) VALUES ('Припущенная филе с кожей без костей', 54, 18, 0, 10, 10, 0, 613);
INSERT INTO treatments (name, cold, hot, fin, protein, fat, carbs, product_id) VALUES ('Жареная филе с кожей без костей', 54, 18, 0, 10, 20, 0, 613);
INSERT INTO treatments (name, cold, hot, fin, protein, fat, carbs, product_id) VALUES ('Запеченная целиком без костей', 35.2, 35, 0, 10, 20, 0, 613);
INSERT INTO categories (id, name) VALUES ('12', 'Сыры');
INSERT INTO products (id, category_id, name, unit, grm, protein, carbs, dry, sug, fat, alko, rem) VALUES (614, 12, 'Сыр Бри', 'кг', 1000, 20.3, 0, 51.3, 0, 29.1, 0, '1. Данные о пищевой ценности продукта приведены из источников, рекомендованных к применению Федеральной службой по Надзору в сфере защиты прав потребителей и благополучия человека (Роспотребнадзор).');
INSERT INTO treatments (name, cold, hot, fin, protein, fat, carbs, product_id) VALUES ('Холодная обработка', 2, 0, 0, 0, 0, 0, 614);
INSERT INTO treatments (name, cold, hot, fin, protein, fat, carbs, product_id) VALUES ('Срезание корочки', 31, 0, 0, 0, 0, 0, 614);
INSERT INTO products (id, category_id, name, unit, grm, protein, carbs, dry, sug, fat, alko, rem) VALUES (615, 12, 'Сыр Буко (Buko)', 'кг', 1000, 6.2, 1.6, 41.3, 0, 26, 0, '1. Данные по технологическим потерям даны на основании средних данных контрольных проработок, проводимых на территории России.

2. Источник информации о пищевой ценности - маркировочный ярлык товара. Производитель или торговая марка - Buko.

    Сухие вещества расчитаны как сумма белков, жиров и углеводов + 7,5.');
INSERT INTO treatments (name, cold, hot, fin, protein, fat, carbs, product_id) VALUES ('Потери при порционировании', 4, 0, 0, 0, 0, 0, 615);
INSERT INTO products (id, category_id, name, unit, grm, protein, carbs, dry, sug, fat, alko, rem) VALUES (616, 12, 'Сыр Виола плавленный', 'кг', 1000, 7.5, 0, 41.1, 0, 31.3, 0, '1. Данные о содержании пищевых веществ приведены по ингредиенту "Сыр Филадельфия". Следите за обновлениями базы ингредиентов на сайте chefexpert.ru.');
INSERT INTO treatments (name, cold, hot, fin, protein, fat, carbs, product_id) VALUES ('Холодная обработка', 5, 0, 0, 0, 0, 0, 616);
INSERT INTO products (id, category_id, name, unit, grm, protein, carbs, dry, sug, fat, alko, rem) VALUES (617, 12, 'Сыр Гауда', 'кг', 1000, 25.3, 0, 59.6, 0, 30.6, 0, '1. Данные о пищевой ценности продукта приведены из источников, рекомендованных к применению Федеральной службой по Надзору в сфере защиты прав потребителей и благополучия человека (Роспотребнадзор).');
INSERT INTO treatments (name, cold, hot, fin, protein, fat, carbs, product_id) VALUES ('Холодная обработка', 3, 0, 0, 0, 0, 0, 617);
INSERT INTO products (id, category_id, name, unit, grm, protein, carbs, dry, sug, fat, alko, rem) VALUES (618, 12, 'Сыр Голландский', 'кг', 1000, 23.7, 0, 61, 0, 30.5, 0, 'Данные о пищевой ценности продукта приведены из источников, рекомендованных к применению Федеральной службой по Надзору в сфере защиты прав потребителей и благополучия человека (Роспотребнадзор).');
INSERT INTO treatments (name, cold, hot, fin, protein, fat, carbs, product_id) VALUES ('Запекание', 8, 0, 0, 5, 5, 0, 618);
INSERT INTO treatments (name, cold, hot, fin, protein, fat, carbs, product_id) VALUES ('Холодная обработка', 8, 0, 0, 0, 0, 0, 618);
INSERT INTO products (id, category_id, name, unit, grm, protein, carbs, dry, sug, fat, alko, rem) VALUES (619, 12, 'Сыр Грана Падано', 'кг', 1000, 33, 0, 72.4, 0, 28, 0, '1. Данные по технологическим потерям даны на основании средних данных контрольных проработок, проводимых на территории России. В процент потерь включены потери при обрезании твердой корки.

2. Источник информации о пищевой ценности - маркировочный ярлык товара. Производитель или торговая марка - Agriform s.p.a.

    Сухие вещества даны по сыру Пармеджано Реджано.');
INSERT INTO treatments (name, cold, hot, fin, protein, fat, carbs, product_id) VALUES ('Холодная обработка', 17, 0, 0, 0, 0, 0, 619);
INSERT INTO products (id, category_id, name, unit, grm, protein, carbs, dry, sug, fat, alko, rem) VALUES (620, 12, 'Сыр Джугас', 'кг', 1000, 36.2, 0.9, 72.4, 0, 29.7, 0, '1. Данные по технологическим потерям даны на основании средних данных контрольных проработок, проводимых на территории России.

2. Данные о содержании пищевых веществ приведены по ингредиенту "Сыр Пармезан...". Следите за обновлениями базы ингредиентов на сайте chefexpert.ru.');
INSERT INTO treatments (name, cold, hot, fin, protein, fat, carbs, product_id) VALUES ('Холодная обработка', 4, 0, 0, 0, 0, 0, 620);
INSERT INTO products (id, category_id, name, unit, grm, protein, carbs, dry, sug, fat, alko, rem) VALUES (621, 12, 'Сыр Дор Блю', 'кг', 1000, 20, 0, 56.5, 0, 29, 0, '1. Данные по технологическим потерям даны на основании средних данных контрольных проработок, проводимых на территории России.

2. Источник информации о пищевой ценности - маркировочный ярлык товара. Производитель или торговая марка - Hofmeister G.M.B.H.

    Сухие вещества расчитаны как сумма белков, жиров и углеводов + 7,5.');
INSERT INTO treatments (name, cold, hot, fin, protein, fat, carbs, product_id) VALUES ('Холодная обработка', 4, 0, 0, 0, 0, 0, 621);
INSERT INTO products (id, category_id, name, unit, grm, protein, carbs, dry, sug, fat, alko, rem) VALUES (622, 12, 'Сыр Дуо слоеный (с семгой, с орехами)', 'кг', 1000, 19, 0.5, 52, 0, 25, 0, '1. Данные по технологическим потерям даны на основании средних данных контрольных проработок, проводимых на территории России.

2. Данные о содержании пищевых веществ приведены по ингредиенту "Сыр Камамбер". Следите за обновлениями базы ингредиентов на сайте chefexpert.ru.');
INSERT INTO treatments (name, cold, hot, fin, protein, fat, carbs, product_id) VALUES ('Холодная обработка', 5, 0, 0, 0, 0, 0, 622);
INSERT INTO products (id, category_id, name, unit, grm, protein, carbs, dry, sug, fat, alko, rem) VALUES (623, 12, 'Сыр Камамбер', 'кг', 1000, 19, 0.5, 52, 0, 25, 0, '1. Данные по технологическим потерям даны на основании средних данных контрольных проработок, проводимых на территории России.

2. Источник информации о пищевой ценности - маркировочный ярлык товара. Производитель или торговая марка - Kaserei Champignon

    Сухие вещества расчитаны как сумма белков, жиров и углеводов + 7,5.');
INSERT INTO treatments (name, cold, hot, fin, protein, fat, carbs, product_id) VALUES ('Холодная обработка', 2, 0, 0, 0, 0, 0, 623);
INSERT INTO treatments (name, cold, hot, fin, protein, fat, carbs, product_id) VALUES ('Очистка корочки', 25.4, 0, 0, 0, 0, 0, 623);
INSERT INTO products (id, category_id, name, unit, grm, protein, carbs, dry, sug, fat, alko, rem) VALUES (624, 12, 'Сыр Карат плавленный', 'кг', 1000, 12, 3.1, 49, 0, 26.4, 0, '1. Данные о содержании пищевых веществ приведены с упаковочного ярлыка товара. Производитель - ЗАО "Московский завод плавленных сыров КАРАТ".

2. Сухие вещества расчитаны как сумма белков, жиров и углеводов + 7,5.');
INSERT INTO treatments (name, cold, hot, fin, protein, fat, carbs, product_id) VALUES ('Потери при порционировании', 2, 0, 0, 0, 0, 0, 624);
INSERT INTO products (id, category_id, name, unit, grm, protein, carbs, dry, sug, fat, alko, rem) VALUES (625, 12, 'Сыр Козий мягкий', 'кг', 1000, 6, 0, 26.5, 0, 23, 0, '1. Данные по технологическим потерям даны на основании средних данных контрольных проработок, проводимых на территории России.

2. Источник информации о пищевой ценности - маркировочный ярлык товара. Производитель или торговая марка - Snofrisk.

    Сухие вещества расчитаны как сумма белков, жиров и углеводов + 7,5.');
INSERT INTO treatments (name, cold, hot, fin, protein, fat, carbs, product_id) VALUES ('Потери при порционировании', 5, 0, 0, 0, 0, 0, 625);
INSERT INTO products (id, category_id, name, unit, grm, protein, carbs, dry, sug, fat, alko, rem) VALUES (626, 12, 'Сыр Козий Шевре (Твердый)', 'кг', 1000, 25.8, 0, 57.3, 0, 24, 0, '1. Данные по технологическим потерям даны на основании средних данных контрольных проработок, проводимых на территории России.

2. Источник информации о пищевой ценности - маркировочный ярлык товара. Производитель или торговая марка - Shevre.

    Сухие вещества расчитаны как сумма белков, жиров и углеводов + 7,5.');
INSERT INTO treatments (name, cold, hot, fin, protein, fat, carbs, product_id) VALUES ('Холодная обработка', 4, 0, 0, 0, 0, 0, 626);
INSERT INTO products (id, category_id, name, unit, grm, protein, carbs, dry, sug, fat, alko, rem) VALUES (627, 12, 'Сыр Костромской', 'кг', 1000, 25.2, 0, 58.5, 0, 26.3, 0, 'Данные о пищевой ценности продукта приведены из источников, рекомендованных к применению Федеральной службой по Надзору в сфере защиты прав потребителей и благополучия человека (Роспотребнадзор).');
INSERT INTO treatments (name, cold, hot, fin, protein, fat, carbs, product_id) VALUES ('Запекание', 4, 0, 0, 5, 5, 0, 627);
INSERT INTO treatments (name, cold, hot, fin, protein, fat, carbs, product_id) VALUES ('Холодная обработка', 4, 0, 0, 0, 0, 0, 627);
INSERT INTO products (id, category_id, name, unit, grm, protein, carbs, dry, sug, fat, alko, rem) VALUES (628, 12, 'Сыр Маасдам', 'кг', 1000, 23.7, 0, 61, 0, 30.5, 0, '1. Данные по технологическим потерям даны на основании средних данных контрольных проработок, проводимых на территории России.

1. Данные о содержании пищевых веществ приведены по ингредиенту "Сыр Голландский". Следите за обновлениями базы ингредиентов на сайте chefexpert.ru.');
INSERT INTO treatments (name, cold, hot, fin, protein, fat, carbs, product_id) VALUES ('Холодная обработка', 6, 0, 0, 0, 0, 0, 628);
INSERT INTO products (id, category_id, name, unit, grm, protein, carbs, dry, sug, fat, alko, rem) VALUES (629, 12, 'Сыр Маскарпоне', 'кг', 1000, 2.8, 2.6, 52.9, 0, 40, 0, '1. Данные по технологическим потерям даны на основании средних данных контрольных проработок, проводимых на территории России.

2. Источник информации о пищевой ценности - маркировочный ярлык товара. Производитель или торговая марка - Locately.

    Сухие вещества расчитаны как сумма белков, жиров и углеводов + 7,5.');
INSERT INTO treatments (name, cold, hot, fin, protein, fat, carbs, product_id) VALUES ('Потери при порционировании', 4, 0, 0, 0, 0, 0, 629);
INSERT INTO products (id, category_id, name, unit, grm, protein, carbs, dry, sug, fat, alko, rem) VALUES (630, 12, 'Сыр Моцарелла рассольный', 'кг', 1000, 18.6, 0, 42.6, 0, 20.3, 0, '1. Данные о пищевой ценности продукта приведены из источников, рекомендованных к применению Федеральной службой по Надзору в сфере защиты прав потребителей и благополучия человека (Роспотребнадзор).

2. Данные по технологическим потерям даны на основании средних данных контрольных проработок, проводимых на территории России.');
INSERT INTO treatments (name, cold, hot, fin, protein, fat, carbs, product_id) VALUES ('Потери при порционировании', 3, 0, 0, 0, 0, 0, 630);
INSERT INTO products (id, category_id, name, unit, grm, protein, carbs, dry, sug, fat, alko, rem) VALUES (631, 12, 'Сыр Моцарелла твердый', 'кг', 1000, 26, 1, 56.2, 0, 21.7, 0, '1. Данные по технологическим потерям даны на основании средних данных контрольных проработок, проводимых на территории России.

2. Источник информации о пищевой ценности - маркировочный ярлык товара. Производитель или торговая марка - Arla.

    Сухие вещества расчитаны как сумма белков, жиров и углеводов + 7,5.');
INSERT INTO treatments (name, cold, hot, fin, protein, fat, carbs, product_id) VALUES ('Холодная обработка', 4, 0, 0, 0, 0, 0, 631);
INSERT INTO treatments (name, cold, hot, fin, protein, fat, carbs, product_id) VALUES ('Запекание', 4, 23, 0, 5, 5, 5, 631);
INSERT INTO treatments (name, cold, hot, fin, protein, fat, carbs, product_id) VALUES ('Запекание (2)', 4, 15, 0, 5, 5, 0, 631);
INSERT INTO products (id, category_id, name, unit, grm, protein, carbs, dry, sug, fat, alko, rem) VALUES (632, 12, 'Сыр Мраморный', 'кг', 1000, 23, 0, 59, 0, 29, 0, 'Содержание пищевых веществ и проценты потерь при обработках даны по ингредиенту "Сыр Российский"');
INSERT INTO treatments (name, cold, hot, fin, protein, fat, carbs, product_id) VALUES ('Холодная обработка', 3, 0, 0, 0, 0, 0, 632);
INSERT INTO treatments (name, cold, hot, fin, protein, fat, carbs, product_id) VALUES ('Запекание', 3, 23, 0, 5, 5, 0, 632);
INSERT INTO products (id, category_id, name, unit, grm, protein, carbs, dry, sug, fat, alko, rem) VALUES (633, 12, 'Сыр Пармезан (Пармеджано Реджано)', 'кг', 1000, 36.2, 0.9, 72.4, 0, 29.7, 0, '1. Данные о пищевой ценности продукта приведены из источников, рекомендованных к применению Федеральной службой по Надзору в сфере защиты прав потребителей и благополучия человека (Роспотребнадзор).

2. Данные по технологическим потерям даны на основании средних данных контрольных проработок, проводимых на территории России. В процент потерь включены потери при обрезании твердой корки.');
INSERT INTO treatments (name, cold, hot, fin, protein, fat, carbs, product_id) VALUES ('Холодная обработка', 18, 0, 0, 0, 0, 0, 633);
INSERT INTO treatments (name, cold, hot, fin, protein, fat, carbs, product_id) VALUES ('Запекание чипсами', 17, 37.5, 0, 5, 5, 0, 633);
INSERT INTO products (id, category_id, name, unit, grm, protein, carbs, dry, sug, fat, alko, rem) VALUES (634, 12, 'Сыр Плавленый Колбасный копченый', 'кг', 1000, 23, 0, 48, 0, 19, 0, 'Данные о пищевой ценности продукта приведены из источников, рекомендованных к применению Федеральной службой по Надзору в сфере защиты прав потребителей и благополучия человека (Роспотребнадзор).');
INSERT INTO treatments (name, cold, hot, fin, protein, fat, carbs, product_id) VALUES ('Запекание', 4, 23, 0, 5, 5, 0, 634);
INSERT INTO treatments (name, cold, hot, fin, protein, fat, carbs, product_id) VALUES ('Холодная обработка', 4, 0, 0, 0, 0, 0, 634);
INSERT INTO products (id, category_id, name, unit, grm, protein, carbs, dry, sug, fat, alko, rem) VALUES (635, 12, 'Сыр Плавленый Российский', 'кг', 1000, 22, 0, 56, 0, 27, 0, 'Данные о пищевой ценности продукта приведены из источников, рекомендованных к применению Федеральной службой по Надзору в сфере защиты прав потребителей и благополучия человека (Роспотребнадзор).');
INSERT INTO treatments (name, cold, hot, fin, protein, fat, carbs, product_id) VALUES ('Холодная обработка', 4, 0, 0, 0, 0, 0, 635);
INSERT INTO products (id, category_id, name, unit, grm, protein, carbs, dry, sug, fat, alko, rem) VALUES (636, 12, 'Сыр Пошехонский', 'кг', 1000, 26, 0, 59, 0, 26.5, 0, 'Данные о пищевой ценности продукта приведены из источников, рекомендованных к применению Федеральной службой по Надзору в сфере защиты прав потребителей и благополучия человека (Роспотребнадзор).');
INSERT INTO treatments (name, cold, hot, fin, protein, fat, carbs, product_id) VALUES ('Запекание', 4, 0, 0, 5, 5, 0, 636);
INSERT INTO treatments (name, cold, hot, fin, protein, fat, carbs, product_id) VALUES ('Холодная обработка', 4, 0, 0, 0, 0, 0, 636);
INSERT INTO products (id, category_id, name, unit, grm, protein, carbs, dry, sug, fat, alko, rem) VALUES (637, 12, 'Сыр Рассольный Брынза из коровьего молока', 'кг', 1000, 17.9, 0, 48, 0, 20.1, 0, 'Данные о пищевой ценности продукта приведены из источников, рекомендованных к применению Федеральной службой по Надзору в сфере защиты прав потребителей и благополучия человека (Роспотребнадзор).');
INSERT INTO treatments (name, cold, hot, fin, protein, fat, carbs, product_id) VALUES ('Холодная обработка', 4, 0, 0, 0, 0, 0, 637);
INSERT INTO treatments (name, cold, hot, fin, protein, fat, carbs, product_id) VALUES ('Запекание', 4, 0, 0, 5, 5, 0, 637);
INSERT INTO products (id, category_id, name, unit, grm, protein, carbs, dry, sug, fat, alko, rem) VALUES (638, 12, 'Сыр Рассольный Сулугуни', 'кг', 1000, 19.5, 0, 49, 0, 22, 0, 'Данные о пищевой ценности продукта приведены из источников, рекомендованных к применению Федеральной службой по Надзору в сфере защиты прав потребителей и благополучия человека (Роспотребнадзор).');
INSERT INTO treatments (name, cold, hot, fin, protein, fat, carbs, product_id) VALUES ('Холодная обработка', 4, 0, 0, 0, 0, 0, 638);
INSERT INTO treatments (name, cold, hot, fin, protein, fat, carbs, product_id) VALUES ('Запекание', 4, 15, 0, 5, 5, 0, 638);
INSERT INTO products (id, category_id, name, unit, grm, protein, carbs, dry, sug, fat, alko, rem) VALUES (639, 12, 'Сыр Рассольный Сулугуни (блины)', 'кг', 1000, 19.5, 0, 49, 0, 22, 0, 'Данные о пищевой ценности продукта приведены из источников, рекомендованных к применению Федеральной службой по Надзору в сфере защиты прав потребителей и благополучия человека (Роспотребнадзор).');
INSERT INTO treatments (name, cold, hot, fin, protein, fat, carbs, product_id) VALUES ('Холодная обработка', 4, 0, 0, 0, 0, 0, 639);
INSERT INTO products (id, category_id, name, unit, grm, protein, carbs, dry, sug, fat, alko, rem) VALUES (640, 12, 'Сыр Рассольный Сулугуни (нити)', 'кг', 1000, 19.5, 0, 49, 0, 22, 0, 'Данные о пищевой ценности продукта приведены из источников, рекомендованных к применению Федеральной службой по Надзору в сфере защиты прав потребителей и благополучия человека (Роспотребнадзор).');
INSERT INTO treatments (name, cold, hot, fin, protein, fat, carbs, product_id) VALUES ('Холодная обработка', 4, 0, 0, 0, 0, 0, 640);
INSERT INTO products (id, category_id, name, unit, grm, protein, carbs, dry, sug, fat, alko, rem) VALUES (641, 12, 'Сыр Рассольный сулугуни копченый', 'кг', 1000, 19.5, 0, 49, 0, 22, 0, 'Данные о пищевой ценности продукта приведены из источников, рекомендованных к применению Федеральной службой по Надзору в сфере защиты прав потребителей и благополучия человека (Роспотребнадзор).');
INSERT INTO treatments (name, cold, hot, fin, protein, fat, carbs, product_id) VALUES ('Холодная обработка', 4, 0, 0, 0, 0, 0, 641);
INSERT INTO products (id, category_id, name, unit, grm, protein, carbs, dry, sug, fat, alko, rem) VALUES (642, 12, 'Сыр Рикота', 'кг', 1000, 7.6, 13.3, 28, 0, 3.6, 0, '1. Данные о содержании пищевых веществ приведены с упаковочного ярлыка товара.

2. Сухие вещества расчитаны как сумма белков, жиров и углеводов + 3,5.');
INSERT INTO treatments (name, cold, hot, fin, protein, fat, carbs, product_id) VALUES ('Потери при порционировании', 3, 0, 0, 0, 0, 0, 642);
INSERT INTO treatments (name, cold, hot, fin, protein, fat, carbs, product_id) VALUES ('Запекание', 3, 23, 0, 5, 5, 0, 642);
INSERT INTO products (id, category_id, name, unit, grm, protein, carbs, dry, sug, fat, alko, rem) VALUES (643, 12, 'Сыр Рокфор', 'кг', 1000, 20, 0, 59.6, 0, 28, 0, 'Данные о пищевой ценности продукта приведены из источников, рекомендованных к применению Федеральной службой по Надзору в сфере защиты прав потребителей и благополучия человека (Роспотребнадзор).');
INSERT INTO treatments (name, cold, hot, fin, protein, fat, carbs, product_id) VALUES ('Холодная обработка', 4, 0, 0, 0, 0, 0, 643);
INSERT INTO products (id, category_id, name, unit, grm, protein, carbs, dry, sug, fat, alko, rem) VALUES (644, 12, 'Сыр Российский', 'кг', 1000, 23, 0, 59, 0, 29, 0, 'Данные о пищевой ценности продукта приведены из источников, рекомендованных к применению Федеральной службой по Надзору в сфере защиты прав потребителей и благополучия человека (Роспотребнадзор).');
INSERT INTO treatments (name, cold, hot, fin, protein, fat, carbs, product_id) VALUES ('Запекание', 3, 23, 0, 5, 5, 0, 644);
INSERT INTO treatments (name, cold, hot, fin, protein, fat, carbs, product_id) VALUES ('Холодная обработка', 3, 0, 0, 0, 0, 0, 644);
INSERT INTO products (id, category_id, name, unit, grm, protein, carbs, dry, sug, fat, alko, rem) VALUES (645, 12, 'Сыр Тофу', 'кг', 1000, 7, 2, 12, 0, 3, 0, '1. Данные о содержании пищевых веществ указаны по информации на упаковке (маркировочном ярлыке). Производитель: Morinaga Nutritional Foods inc., (США). ');
INSERT INTO products (id, category_id, name, unit, grm, protein, carbs, dry, sug, fat, alko, rem) VALUES (646, 12, 'Сыр Фета', 'кг', 1000, 15.6, 1.5, 43.5, 0, 20.2, 0, '1. Данные о пищевой ценности продукта приведены из источников, рекомендованных к применению Федеральной службой по Надзору в сфере защиты прав потребителей и благополучия человека (Роспотребнадзор).');
INSERT INTO treatments (name, cold, hot, fin, protein, fat, carbs, product_id) VALUES ('Холодная обработка', 3, 0, 0, 0, 0, 0, 646);
INSERT INTO products (id, category_id, name, unit, grm, protein, carbs, dry, sug, fat, alko, rem) VALUES (647, 12, 'Сыр Фетаки', 'кг', 1000, 10, 8, 42.5, 0, 17, 0, '1. Данные по технологическим потерям даны на основании средних данных контрольных проработок, проводимых на территории России.

2. Источник информации о пищевой ценности - маркировочный ярлык товара. Производитель или торговая марка - Fetaki.

    Сухие вещества расчитаны как сумма белков, жиров и углеводов + 7,5.');
INSERT INTO treatments (name, cold, hot, fin, protein, fat, carbs, product_id) VALUES ('Холодная обработка', 4, 0, 0, 0, 0, 0, 647);
INSERT INTO products (id, category_id, name, unit, grm, protein, carbs, dry, sug, fat, alko, rem) VALUES (648, 12, 'Сыр Филадельфия', 'кг', 1000, 7.5, 0, 41.4, 0, 31.3, 0, '1. Данные о пищевой ценности продукта приведены из источников, рекомендованных к применению Федеральной службой по Надзору в сфере защиты прав потребителей и благополучия человека (Роспотребнадзор).

2. Потери при запекании определены методом исключения ингредиентов при запекании чизкейка Нью Йорк.');
INSERT INTO treatments (name, cold, hot, fin, protein, fat, carbs, product_id) VALUES ('Потери при порционировании', 5, 0, 0, 0, 0, 0, 648);
INSERT INTO treatments (name, cold, hot, fin, protein, fat, carbs, product_id) VALUES ('Потери влаги при запекании в составе чизкейка', 0, 36, 0, 5, 5, 0, 648);
INSERT INTO products (id, category_id, name, unit, grm, protein, carbs, dry, sug, fat, alko, rem) VALUES (649, 12, 'Сыр Чеддер', 'кг', 1000, 23.5, 0, 61, 0, 30.5, 0, 'Данные о пищевой ценности продукта приведены из источников, рекомендованных к применению Федеральной службой по Надзору в сфере защиты прав потребителей и благополучия человека (Роспотребнадзор).');
INSERT INTO treatments (name, cold, hot, fin, protein, fat, carbs, product_id) VALUES ('Холодная обработка', 4, 0, 0, 0, 0, 0, 649);
INSERT INTO products (id, category_id, name, unit, grm, protein, carbs, dry, sug, fat, alko, rem) VALUES (650, 12, 'Сыр Эдам', 'кг', 1000, 26.7, 0, 56.2, 0, 26, 0, '1. Данные о пищевой ценности продукта приведены из источников, рекомендованных к применению Федеральной службой по Надзору в сфере защиты прав потребителей и благополучия человека (Роспотребнадзор).');
INSERT INTO treatments (name, cold, hot, fin, protein, fat, carbs, product_id) VALUES ('Холодная обработка', 3, 0, 0, 0, 0, 0, 650);
INSERT INTO products (id, category_id, name, unit, grm, protein, carbs, dry, sug, fat, alko, rem) VALUES (651, 12, 'Сыр Эмменталь', 'кг', 1000, 28.2, 0, 63, 0, 28, 0, 'Данные о пищевой ценности продукта приведены из источников, рекомендованных к применению Федеральной службой по Надзору в сфере защиты прав потребителей и благополучия человека (Роспотребнадзор).');
INSERT INTO treatments (name, cold, hot, fin, protein, fat, carbs, product_id) VALUES ('Холодная обработка', 4, 0, 0, 0, 0, 0, 651);
INSERT INTO categories (id, name) VALUES ('13', 'Фрукты, ягоды, орехи (свежие, сушеные и консервированные)');
INSERT INTO products (id, category_id, name, unit, grm, protein, carbs, dry, sug, fat, alko, rem) VALUES (652, 13, 'Абрикос консервированный', 'кг', 1000, 0.5, 21, 23.8, 0, 0, 0, 'Данные о пищевой ценности продукта приведены из источников, рекомендованных к применению Федеральной службой по Надзору в сфере защиты прав потребителей и благополучия человека (Роспотребнадзор).

Величина "Углеводы" рассчитана как сумма Крахмала, Моно-дисахаридов, Лактозы и Сахарозы.');
INSERT INTO products (id, category_id, name, unit, grm, protein, carbs, dry, sug, fat, alko, rem) VALUES (653, 13, 'Абрикосы', 'кг', 1000, 0.9, 9, 14, 0, 0.1, 0, 'Данные о пищевой ценности продукта приведены из источников, рекомендованных к применению Федеральной службой по Надзору в сфере защиты прав потребителей и благополучия человека (Роспотребнадзор).

Величина "Углеводы" рассчитана как сумма Крахмала, Моно-дисахаридов, Лактозы и Сахарозы.');
INSERT INTO treatments (name, cold, hot, fin, protein, fat, carbs, product_id) VALUES ('Удаление косточки', 14, 0, 0, 0, 0, 0, 653);
INSERT INTO products (id, category_id, name, unit, grm, protein, carbs, dry, sug, fat, alko, rem) VALUES (654, 13, 'Авокадо', 'кг', 1000, 1.9, 1.9, 27.5, 0, 19.5, 0, '1. Данные о пищевой ценности продукта приведены из источников, рекомендованных к применению Федеральной службой по Надзору в сфере защиты прав потребителей и благополучия человека (Роспотребнадзор).

2. Данные по технологическим потерям даны на основании средних данных контрольных проработок, проводимых на территории России.');
INSERT INTO treatments (name, cold, hot, fin, protein, fat, carbs, product_id) VALUES ('Очистка от кожуры и косточки', 46.5, 0, 0, 0, 0, 0, 654);
INSERT INTO products (id, category_id, name, unit, grm, protein, carbs, dry, sug, fat, alko, rem) VALUES (655, 13, 'Айва', 'кг', 1000, 0.6, 7.9, 13.5, 0, 0.5, 0, 'Данные о пищевой ценности продукта приведены из источников, рекомендованных к применению Федеральной службой по Надзору в сфере защиты прав потребителей и благополучия человека (Роспотребнадзор).

Величина "Углеводы" рассчитана как сумма Крахмала, Моно-дисахаридов, Лактозы и Сахарозы.');
INSERT INTO treatments (name, cold, hot, fin, protein, fat, carbs, product_id) VALUES ('Удаление семян', 12, 0, 0, 0, 0, 0, 655);
INSERT INTO treatments (name, cold, hot, fin, protein, fat, carbs, product_id) VALUES ('Очистка от кожицы с удалением семян', 28, 0, 0, 0, 0, 0, 655);
INSERT INTO products (id, category_id, name, unit, grm, protein, carbs, dry, sug, fat, alko, rem) VALUES (656, 13, 'Алыча', 'кг', 1000, 0.2, 6.4, 11, 0, 0, 0, 'Данные о пищевой ценности продукта приведены из источников, рекомендованных к применению Федеральной службой по Надзору в сфере защиты прав потребителей и благополучия человека (Роспотребнадзор).

Величина "Углеводы" рассчитана как сумма Крахмала, Моно-дисахаридов, Лактозы и Сахарозы.');
INSERT INTO treatments (name, cold, hot, fin, protein, fat, carbs, product_id) VALUES ('Удаление косточки', 14, 0, 0, 0, 0, 0, 656);
INSERT INTO products (id, category_id, name, unit, grm, protein, carbs, dry, sug, fat, alko, rem) VALUES (657, 13, 'Ананас', 'кг', 1000, 0.4, 11.5, 15, 0, 0.2, 0, '1. Данные о пищевой ценности продукта приведены из источников, рекомендованных к применению Федеральной службой по Надзору в сфере защиты прав потребителей и благополучия человека (Роспотребнадзор).

Величина "Углеводы" рассчитана как сумма Крахмала, Моно-дисахаридов, Лактозы и Сахарозы.

2. Данные по технологическим потерям (строка 3,4) даны на основании средних данных контрольных проработок, проводимых на территории России.');
INSERT INTO treatments (name, cold, hot, fin, protein, fat, carbs, product_id) VALUES ('Очищенный с сердцевиной', 40, 0, 0, 0, 0, 0, 657);
INSERT INTO treatments (name, cold, hot, fin, protein, fat, carbs, product_id) VALUES ('Очищенный без сердцевины', 45, 0, 0, 0, 0, 0, 657);
INSERT INTO treatments (name, cold, hot, fin, protein, fat, carbs, product_id) VALUES ('Мини - ананас, выход мякоти', 78, 0, 0, 0, 0, 0, 657);
INSERT INTO treatments (name, cold, hot, fin, protein, fat, carbs, product_id) VALUES ('Получение сока', 40, 0, 51.6, 0, 0, 0, 657);
INSERT INTO treatments (name, cold, hot, fin, protein, fat, carbs, product_id) VALUES ('Нарезка без очистки', 7, 0, 0, 0, 0, 0, 657);
INSERT INTO products (id, category_id, name, unit, grm, protein, carbs, dry, sug, fat, alko, rem) VALUES (658, 13, 'Ананас консервированный', 'кг', 1000, 0.4, 15.5, 18.1, 0, 0.2, 0, '1. Данные по технологическим потерям даны на основании средних данных контрольных проработок, проводимых на территории России.

2. Источник информации о пищевой ценности - маркировочный ярлык товара. Производитель или торговая марка - Lorado.

    Сухие вещества расчитаны как сумма белков, жиров и углеводов + 2.');
INSERT INTO treatments (name, cold, hot, fin, protein, fat, carbs, product_id) VALUES ('Без тепловой обработки', 3, 0, 0, 0, 0, 0, 658);
INSERT INTO treatments (name, cold, hot, fin, protein, fat, carbs, product_id) VALUES ('Обжарка', 3, 17.6, 0, 0, 0, 0, 658);
INSERT INTO products (id, category_id, name, unit, grm, protein, carbs, dry, sug, fat, alko, rem) VALUES (659, 13, 'Апельсин', 'кг', 1000, 0.9, 8.1, 12.5, 0, 0.2, 0, 'Данные о пищевой ценности продукта приведены из источников, рекомендованных к применению Федеральной службой по Надзору в сфере защиты прав потребителей и благополучия человека (Роспотребнадзор).

Величина "Углеводы" рассчитана как сумма Крахмала, Моно-дисахаридов, Лактозы и Сахарозы.');
INSERT INTO treatments (name, cold, hot, fin, protein, fat, carbs, product_id) VALUES ('Очищенный от кожуры', 33, 0, 0, 0, 0, 0, 659);
INSERT INTO treatments (name, cold, hot, fin, protein, fat, carbs, product_id) VALUES ('Получение сока', 56, 0, 0, 0, 0, 0, 659);
INSERT INTO treatments (name, cold, hot, fin, protein, fat, carbs, product_id) VALUES ('Потери при нарезке', 5, 0, 0, 0, 0, 0, 659);
INSERT INTO products (id, category_id, name, unit, grm, protein, carbs, dry, sug, fat, alko, rem) VALUES (660, 13, 'Арбуз', 'кг', 1000, 0.7, 8.8, 11, 0, 0.2, 0, 'Данные о пищевой ценности продукта приведены из источников, рекомендованных к применению Федеральной службой по Надзору в сфере защиты прав потребителей и благополучия человека (Роспотребнадзор).

Величина "Углеводы" рассчитана как сумма Крахмала, Моно-дисахаридов, Лактозы и Сахарозы.');
INSERT INTO treatments (name, cold, hot, fin, protein, fat, carbs, product_id) VALUES ('Нарезанный на порции', 10, 0, 0, 0, 0, 0, 660);
INSERT INTO treatments (name, cold, hot, fin, protein, fat, carbs, product_id) VALUES ('Очищенный от коры и семян', 48, 0, 0, 0, 0, 0, 660);
INSERT INTO products (id, category_id, name, unit, grm, protein, carbs, dry, sug, fat, alko, rem) VALUES (661, 13, 'Бананы', 'кг', 1000, 1.5, 21, 26, 0, 0.1, 0, 'Данные о пищевой ценности продукта приведены из источников, рекомендованных к применению Федеральной службой по Надзору в сфере защиты прав потребителей и благополучия человека (Роспотребнадзор).

Величина "Углеводы" рассчитана как сумма Крахмала, Моно-дисахаридов, Лактозы и Сахарозы.');
INSERT INTO treatments (name, cold, hot, fin, protein, fat, carbs, product_id) VALUES ('Очистка от кожуры', 40, 0, 0, 0, 0, 0, 661);
INSERT INTO products (id, category_id, name, unit, grm, protein, carbs, dry, sug, fat, alko, rem) VALUES (662, 13, 'Брусника', 'кг', 1000, 0.7, 8, 14, 0, 0.5, 0, 'Данные о пищевой ценности продукта приведены из источников, рекомендованных к применению Федеральной службой по Надзору в сфере защиты прав потребителей и благополучия человека (Роспотребнадзор).

Величина "Углеводы" рассчитана как сумма Крахмала, Моно-дисахаридов, Лактозы и Сахарозы.');
INSERT INTO treatments (name, cold, hot, fin, protein, fat, carbs, product_id) VALUES ('Свежая, холодная обработка', 10, 0, 0, 0, 0, 0, 662);
INSERT INTO products (id, category_id, name, unit, grm, protein, carbs, dry, sug, fat, alko, rem) VALUES (663, 13, 'Варенье из айвы', 'кг', 1000, 0.4, 68.7, 73, 0, 0, 0, 'Данные о пищевой ценности продукта приведены из источников, рекомендованных к применению Федеральной службой по Надзору в сфере защиты прав потребителей и благополучия человека (Роспотребнадзор).

Величина "Углеводы" рассчитана как сумма Крахмала, Моно-дисахаридов, Лактозы и Сахарозы.');
INSERT INTO products (id, category_id, name, unit, grm, protein, carbs, dry, sug, fat, alko, rem) VALUES (664, 13, 'Варенье из груш', 'кг', 1000, 0.4, 70.9, 73, 0, 0, 0, 'Данные о пищевой ценности продукта приведены из источников, рекомендованных к применению Федеральной службой по Надзору в сфере защиты прав потребителей и благополучия человека (Роспотребнадзор).

Величина "Углеводы" рассчитана как сумма Крахмала, Моно-дисахаридов, Лактозы и Сахарозы.');
INSERT INTO products (id, category_id, name, unit, grm, protein, carbs, dry, sug, fat, alko, rem) VALUES (665, 13, 'Варенье из клубники', 'кг', 1000, 0.3, 70.9, 77, 0, 0, 0, 'Данные о пищевой ценности продукта приведены из источников, рекомендованных к применению Федеральной службой по Надзору в сфере защиты прав потребителей и благополучия человека (Роспотребнадзор).

Величина "Углеводы" рассчитана как сумма Крахмала, Моно-дисахаридов, Лактозы и Сахарозы.');
INSERT INTO products (id, category_id, name, unit, grm, protein, carbs, dry, sug, fat, alko, rem) VALUES (666, 13, 'Варенье из малины', 'кг', 1000, 0.6, 71.2, 74, 0, 0, 0, 'Данные о пищевой ценности продукта приведены из источников, рекомендованных к применению Федеральной службой по Надзору в сфере защиты прав потребителей и благополучия человека (Роспотребнадзор).

Величина "Углеводы" рассчитана как сумма Крахмала, Моно-дисахаридов, Лактозы и Сахарозы.');
INSERT INTO products (id, category_id, name, unit, grm, protein, carbs, dry, sug, fat, alko, rem) VALUES (667, 13, 'Варенье из персиков', 'кг', 1000, 0.5, 64.3, 68.6, 0, 0, 0, 'Данные о пищевой ценности продукта приведены из источников, рекомендованных к применению Федеральной службой по Надзору в сфере защиты прав потребителей и благополучия человека (Роспотребнадзор).

Величина "Углеводы" рассчитана как сумма Крахмала, Моно-дисахаридов, Лактозы и Сахарозы.');
INSERT INTO products (id, category_id, name, unit, grm, protein, carbs, dry, sug, fat, alko, rem) VALUES (668, 13, 'Варенье из сливы', 'кг', 1000, 0.4, 73.4, 76, 0, 0, 0, 'Данные о пищевой ценности продукта приведены из источников, рекомендованных к применению Федеральной службой по Надзору в сфере защиты прав потребителей и благополучия человека (Роспотребнадзор).

Величина "Углеводы" рассчитана как сумма Крахмала, Моно-дисахаридов, Лактозы и Сахарозы.');
INSERT INTO products (id, category_id, name, unit, grm, protein, carbs, dry, sug, fat, alko, rem) VALUES (669, 13, 'Виноград', 'кг', 1000, 0.6, 15, 19.8, 0, 0.2, 0, 'Данные о пищевой ценности продукта приведены из источников, рекомендованных к применению Федеральной службой по Надзору в сфере защиты прав потребителей и благополучия человека (Роспотребнадзор).

Величина "Углеводы" рассчитана как сумма Крахмала, Моно-дисахаридов, Лактозы и Сахарозы.');
INSERT INTO treatments (name, cold, hot, fin, protein, fat, carbs, product_id) VALUES ('Потери на горбыльки', 6, 0, 0, 0, 0, 0, 669);
INSERT INTO treatments (name, cold, hot, fin, protein, fat, carbs, product_id) VALUES ('Получение сока (по СТН)', 22, 0, 0, 0, 0, 0, 669);
INSERT INTO treatments (name, cold, hot, fin, protein, fat, carbs, product_id) VALUES ('Получение сока (контрольная проработка)', 6, 0, 30.9, 0, 0, 0, 669);
INSERT INTO products (id, category_id, name, unit, grm, protein, carbs, dry, sug, fat, alko, rem) VALUES (670, 13, 'Вишня', 'кг', 1000, 0.8, 10.3, 15, 0, 0.5, 0, 'Данные о пищевой ценности продукта приведены из источников, рекомендованных к применению Федеральной службой по Надзору в сфере защиты прав потребителей и благополучия человека (Роспотребнадзор).

Величина "Углеводы" рассчитана как сумма Крахмала, Моно-дисахаридов, Лактозы и Сахарозы.');
INSERT INTO treatments (name, cold, hot, fin, protein, fat, carbs, product_id) VALUES ('Удаление плодоножки', 5, 0, 0, 0, 0, 0, 670);
INSERT INTO treatments (name, cold, hot, fin, protein, fat, carbs, product_id) VALUES ('Удаление косточки', 15, 0, 0, 0, 0, 0, 670);
INSERT INTO treatments (name, cold, hot, fin, protein, fat, carbs, product_id) VALUES ('Потери при разморозке (б/к)', 16, 0, 0, 0, 0, 0, 670);
INSERT INTO treatments (name, cold, hot, fin, protein, fat, carbs, product_id) VALUES ('Обжаривание для штруделя', 0, 64, 0, 5, 10, 20, 670);
INSERT INTO products (id, category_id, name, unit, grm, protein, carbs, dry, sug, fat, alko, rem) VALUES (671, 13, 'Вишня коктейльная в сиропе', 'кг', 1000, 0.2, 60.1, 63.9, 0, 0.1, 0, '1. Данные о содержании пищевых веществ приведены по ингредиенту "Топпинг Лесные ягоды".');
INSERT INTO products (id, category_id, name, unit, grm, protein, carbs, dry, sug, fat, alko, rem) VALUES (672, 13, 'Голубика', 'кг', 1000, 1, 7, 11.8, 0, 0, 0, 'Данные о пищевой ценности продукта приведены из источников, рекомендованных к применению Федеральной службой по Надзору в сфере защиты прав потребителей и благополучия человека (Роспотребнадзор).

Величина "Углеводы" рассчитана как сумма Крахмала, Моно-дисахаридов, Лактозы и Сахарозы.');
INSERT INTO products (id, category_id, name, unit, grm, protein, carbs, dry, sug, fat, alko, rem) VALUES (673, 13, 'Гранат', 'кг', 1000, 0.9, 11.2, 20.8, 0, 0, 0, 'Данные о пищевой ценности продукта приведены из источников, рекомендованных к применению Федеральной службой по Надзору в сфере защиты прав потребителей и благополучия человека (Роспотребнадзор).

Величина "Углеводы" рассчитана как сумма Крахмала, Моно-дисахаридов, Лактозы и Сахарозы.');
INSERT INTO treatments (name, cold, hot, fin, protein, fat, carbs, product_id) VALUES ('Очистка', 40, 0, 0, 0, 0, 0, 673);
INSERT INTO treatments (name, cold, hot, fin, protein, fat, carbs, product_id) VALUES ('Получение сока', 40, 0, 58.3, 0, 0, 0, 673);
INSERT INTO products (id, category_id, name, unit, grm, protein, carbs, dry, sug, fat, alko, rem) VALUES (674, 13, 'Грейпфрут', 'кг', 1000, 0.9, 6.5, 11, 0, 0.2, 0, '1. Данные о пищевой ценности продукта приведены из источников, рекомендованных к применению Федеральной службой по Надзору в сфере защиты прав потребителей и благополучия человека (Роспотребнадзор).

Величина "Углеводы" рассчитана как сумма Крахмала, Моно-дисахаридов, Лактозы и Сахарозы.

2. Данные по технологическим потерям даны на основании средних данных контрольных проработок, проводимых на территории России. Проработка проводилась для тонкокорого грейпфрута.');
INSERT INTO treatments (name, cold, hot, fin, protein, fat, carbs, product_id) VALUES ('Получение сока', 25, 0, 48, 0, 0, 0, 674);
INSERT INTO products (id, category_id, name, unit, grm, protein, carbs, dry, sug, fat, alko, rem) VALUES (675, 13, 'Груша в сиропе', 'кг', 1000, 0.2, 14.9, 17.2, 0, 0, 0, 'Данные о пищевой ценности продукта приведены из источников, рекомендованных к применению Федеральной службой по Надзору в сфере защиты прав потребителей и благополучия человека (Роспотребнадзор).

Величина "Углеводы" рассчитана как сумма Крахмала, Моно-дисахаридов, Лактозы и Сахарозы.');
INSERT INTO products (id, category_id, name, unit, grm, protein, carbs, dry, sug, fat, alko, rem) VALUES (676, 13, 'Груша свежая', 'кг', 1000, 0.4, 9.5, 15, 0, 0.3, 0, 'Данные о пищевой ценности продукта приведены из источников, рекомендованных к применению Федеральной службой по Надзору в сфере защиты прав потребителей и благополучия человека (Роспотребнадзор).

Величина "Углеводы" рассчитана как сумма Крахмала, Моно-дисахаридов, Лактозы и Сахарозы.

Потери моно-дисахаридов и крахмала рассчитаны с учетом процентного содержания моно-дисахаридов и крахмала в продукте.');
INSERT INTO treatments (name, cold, hot, fin, protein, fat, carbs, product_id) VALUES ('Удаление семян', 10, 0, 0, 0, 0, 0, 676);
INSERT INTO treatments (name, cold, hot, fin, protein, fat, carbs, product_id) VALUES ('Удаление семян и кожицы', 27, 0, 0, 0, 0, 0, 676);
INSERT INTO treatments (name, cold, hot, fin, protein, fat, carbs, product_id) VALUES ('Варка с удалением семян', 10, 20, 0, 5, 5, 0, 676);
INSERT INTO treatments (name, cold, hot, fin, protein, fat, carbs, product_id) VALUES ('Варка с удалением семян и кожицы', 27, 20, 0, 5, 5, 0, 676);
INSERT INTO treatments (name, cold, hot, fin, protein, fat, carbs, product_id) VALUES ('Варка с удалением кожицы', 17, 20, 0, 5, 5, 0, 676);
INSERT INTO products (id, category_id, name, unit, grm, protein, carbs, dry, sug, fat, alko, rem) VALUES (677, 13, 'Груша сушеная', 'кг', 1000, 2.3, 49, 76, 0, 0, 0, 'Данные о пищевой ценности продукта приведены из источников, рекомендованных к применению Федеральной службой по Надзору в сфере защиты прав потребителей и благополучия человека (Роспотребнадзор).

Величина "Углеводы" рассчитана как сумма Крахмала, Моно-дисахаридов, Лактозы и Сахарозы.');
INSERT INTO products (id, category_id, name, unit, grm, protein, carbs, dry, sug, fat, alko, rem) VALUES (678, 13, 'Джем из абрикосов', 'кг', 1000, 0.5, 68.8, 74.1, 0, 0, 0, 'Данные о пищевой ценности продукта приведены из источников, рекомендованных к применению Федеральной службой по Надзору в сфере защиты прав потребителей и благополучия человека (Роспотребнадзор).

Величина "Углеводы" рассчитана как сумма Крахмала, Моно-дисахаридов, Лактозы и Сахарозы.');
INSERT INTO products (id, category_id, name, unit, grm, protein, carbs, dry, sug, fat, alko, rem) VALUES (679, 13, 'Джем из клубники', 'кг', 1000, 1, 63, 67, 0, 1, 0, '1. Источник информации о пищевой ценности - маркировочный ярлык товара. Производитель или торговая марка - Swartau.

    Сухие вещества расчитаны как сумма белков, жиров и углеводов + 2.');
INSERT INTO products (id, category_id, name, unit, grm, protein, carbs, dry, sug, fat, alko, rem) VALUES (680, 13, 'Джем из малины', 'кг', 1000, 1, 56.8, 60.8, 35, 1, 0, '1. Источник информации о пищевой ценности - маркировочный ярлык товара. Производитель или торговая марка - Swartau.

    Сухие вещества расчитаны как сумма белков, жиров и углеводов + 2.');
INSERT INTO treatments (name, cold, hot, fin, protein, fat, carbs, product_id) VALUES ('Потери при порционировании', 2.77, 0, 0, 0, 0, 0, 680);
INSERT INTO products (id, category_id, name, unit, grm, protein, carbs, dry, sug, fat, alko, rem) VALUES (681, 13, 'Джем из мандаринов', 'кг', 1000, 0.3, 67.8, 73.9, 0, 0, 0, 'Данные о пищевой ценности продукта приведены из источников, рекомендованных к применению Федеральной службой по Надзору в сфере защиты прав потребителей и благополучия человека (Роспотребнадзор).

Величина "Углеводы" рассчитана как сумма Крахмала, Моно-дисахаридов, Лактозы и Сахарозы.');
INSERT INTO products (id, category_id, name, unit, grm, protein, carbs, dry, sug, fat, alko, rem) VALUES (682, 13, 'Джем из черной смородины', 'кг', 1000, 0.6, 68.2, 76.7, 0, 0, 0, 'Данные о пищевой ценности продукта приведены из источников, рекомендованных к применению Федеральной службой по Надзору в сфере защиты прав потребителей и благополучия человека (Роспотребнадзор).

Величина "Углеводы" рассчитана как сумма Крахмала, Моно-дисахаридов, Лактозы и Сахарозы.');
INSERT INTO products (id, category_id, name, unit, grm, protein, carbs, dry, sug, fat, alko, rem) VALUES (683, 13, 'Дыня', 'кг', 1000, 0.6, 9.1, 11.5, 0, 0, 0, 'Данные о пищевой ценности продукта приведены из источников, рекомендованных к применению Федеральной службой по Надзору в сфере защиты прав потребителей и благополучия человека (Роспотребнадзор).

Величина "Углеводы" рассчитана как сумма Крахмала, Моно-дисахаридов, Лактозы и Сахарозы.');
INSERT INTO treatments (name, cold, hot, fin, protein, fat, carbs, product_id) VALUES ('Очистка от семян', 23, 0, 0, 0, 0, 0, 683);
INSERT INTO treatments (name, cold, hot, fin, protein, fat, carbs, product_id) VALUES ('Очистка от коры и семян', 36, 0, 0, 0, 0, 0, 683);
INSERT INTO products (id, category_id, name, unit, grm, protein, carbs, dry, sug, fat, alko, rem) VALUES (684, 13, 'Ежевика', 'кг', 1000, 2, 4.4, 12, 0, 0, 0, 'Данные о пищевой ценности продукта приведены из источников, рекомендованных к применению Федеральной службой по Надзору в сфере защиты прав потребителей и благополучия человека (Роспотребнадзор).

Величина "Углеводы" рассчитана как сумма Крахмала, Моно-дисахаридов, Лактозы и Сахарозы.');
INSERT INTO treatments (name, cold, hot, fin, protein, fat, carbs, product_id) VALUES ('Холодная обработка', 15, 0, 0, 0, 0, 0, 684);
INSERT INTO products (id, category_id, name, unit, grm, protein, carbs, dry, sug, fat, alko, rem) VALUES (685, 13, 'Земляника (садовая)', 'кг', 1000, 0.8, 6.3, 15.5, 0, 0.4, 0, 'Данные о пищевой ценности продукта приведены из источников, рекомендованных к применению Федеральной службой по Надзору в сфере защиты прав потребителей и благополучия человека (Роспотребнадзор).

Величина "Углеводы" рассчитана как сумма Крахмала, Моно-дисахаридов, Лактозы и Сахарозы.');
INSERT INTO treatments (name, cold, hot, fin, protein, fat, carbs, product_id) VALUES ('Холодная обработка', 15, 0, 0, 0, 0, 0, 685);
INSERT INTO treatments (name, cold, hot, fin, protein, fat, carbs, product_id) VALUES ('Сок с мякотью', 21, 0, 0, 0, 0, 0, 685);
INSERT INTO treatments (name, cold, hot, fin, protein, fat, carbs, product_id) VALUES ('Уваривание с сахаром из с/м', 0, 47, 0, 2, 2, 3, 685);
INSERT INTO products (id, category_id, name, unit, grm, protein, carbs, dry, sug, fat, alko, rem) VALUES (686, 13, 'Изюм', 'кг', 1000, 1.8, 66, 81, 0, 0, 0, 'Данные о пищевой ценности продукта приведены из источников, рекомендованных к применению Федеральной службой по Надзору в сфере защиты прав потребителей и благополучия человека (Роспотребнадзор).

Величина "Углеводы" рассчитана как сумма Крахмала, Моно-дисахаридов, Лактозы и Сахарозы.');
INSERT INTO treatments (name, cold, hot, fin, protein, fat, carbs, product_id) VALUES ('Переборка', 2, 0, 0, 0, 0, 0, 686);
INSERT INTO products (id, category_id, name, unit, grm, protein, carbs, dry, sug, fat, alko, rem) VALUES (687, 13, 'Инжир', 'кг', 1000, 0.7, 11.2, 18, 0, 0.2, 0, 'Данные о пищевой ценности продукта приведены из источников, рекомендованных к применению Федеральной службой по Надзору в сфере защиты прав потребителей и благополучия человека (Роспотребнадзор).

Величина "Углеводы" рассчитана как сумма Крахмала, Моно-дисахаридов, Лактозы и Сахарозы.');
INSERT INTO products (id, category_id, name, unit, grm, protein, carbs, dry, sug, fat, alko, rem) VALUES (688, 13, 'Инжир сушеный', 'кг', 1000, 3.6, 52.9, 83.2, 0, 1.6, 0, '1. Данные о пищевой ценности продукта приведены из источников, рекомендованных к применению Федеральной службой по Надзору в сфере защиты прав потребителей и благополучия человека (Роспотребнадзор).');
INSERT INTO products (id, category_id, name, unit, grm, protein, carbs, dry, sug, fat, alko, rem) VALUES (689, 13, 'Каштаны', 'кг', 1000, 2, 36.6, 48.3, 0, 2.7, 0, '1. Данные о пищевой ценности продукта приведены из источников, рекомендованных к применению Федеральной службой по Надзору в сфере защиты прав потребителей и благополучия человека (Роспотребнадзор).');
INSERT INTO treatments (name, cold, hot, fin, protein, fat, carbs, product_id) VALUES ('Удаление скорлупы', 17, 0, 0, 0, 0, 0, 689);
INSERT INTO products (id, category_id, name, unit, grm, protein, carbs, dry, sug, fat, alko, rem) VALUES (690, 13, 'Киви', 'кг', 1000, 1.1, 10.6, 16, 0, 0.5, 0, '1. Данные о пищевой ценности продукта приведены из источников, рекомендованных к применению Федеральной службой по Надзору в сфере защиты прав потребителей и благополучия человека (Роспотребнадзор).

2. Данные по технологическим потерям даны на основании средних данных контрольных проработок, проводимых на территории России. При нарезке шариками в потерях учитывается мякоть киви, оставшаяся после нарезки.');
INSERT INTO treatments (name, cold, hot, fin, protein, fat, carbs, product_id) VALUES ('Очистка', 21, 0, 0, 0, 0, 0, 690);
INSERT INTO treatments (name, cold, hot, fin, protein, fat, carbs, product_id) VALUES ('Получение сока', 21, 0, 46, 0, 0, 0, 690);
INSERT INTO treatments (name, cold, hot, fin, protein, fat, carbs, product_id) VALUES ('Нарезка шариками', 60, 0, 0, 0, 0, 0, 690);
INSERT INTO products (id, category_id, name, unit, grm, protein, carbs, dry, sug, fat, alko, rem) VALUES (691, 13, 'Клюква', 'кг', 1000, 0.5, 3.8, 10.5, 0, 0, 0, 'Данные о пищевой ценности продукта приведены из источников, рекомендованных к применению Федеральной службой по Надзору в сфере защиты прав потребителей и благополучия человека (Роспотребнадзор).

Величина "Углеводы" рассчитана как сумма Крахмала, Моно-дисахаридов, Лактозы и Сахарозы.

Потери моно-дисахаридов и крахмала рассчитаны с учетом процентного содержания моно-дисахаридов и крахмала в продукте.');
INSERT INTO treatments (name, cold, hot, fin, protein, fat, carbs, product_id) VALUES ('Холодная обработка', 5, 0, 0, 0, 0, 0, 691);
INSERT INTO treatments (name, cold, hot, fin, protein, fat, carbs, product_id) VALUES ('Получение сока', 32, 0, 0, 0, 0, 0, 691);
INSERT INTO products (id, category_id, name, unit, grm, protein, carbs, dry, sug, fat, alko, rem) VALUES (692, 13, 'Крыжовник', 'кг', 1000, 0.7, 9.1, 17, 0, 0.2, 0, 'Данные о пищевой ценности продукта приведены из источников, рекомендованных к применению Федеральной службой по Надзору в сфере защиты прав потребителей и благополучия человека (Роспотребнадзор).

Величина "Углеводы" рассчитана как сумма Крахмала, Моно-дисахаридов, Лактозы и Сахарозы.');
INSERT INTO treatments (name, cold, hot, fin, protein, fat, carbs, product_id) VALUES ('Холодная обработка', 2, 0, 0, 0, 0, 0, 692);
INSERT INTO products (id, category_id, name, unit, grm, protein, carbs, dry, sug, fat, alko, rem) VALUES (693, 13, 'Кунжут (семена)', 'кг', 1000, 19.4, 12.2, 91, 0, 48.7, 0, 'Данные о пищевой ценности продукта приведены из источников, рекомендованных к применению Федеральной службой по Надзору в сфере защиты прав потребителей и благополучия человека (Роспотребнадзор).

Величина "Углеводы" рассчитана как сумма Крахмала, Моно-дисахаридов, Лактозы и Сахарозы.');
INSERT INTO products (id, category_id, name, unit, grm, protein, carbs, dry, sug, fat, alko, rem) VALUES (694, 13, 'Кунжут обжаренный черный', 'кг', 1000, 20.3, 18.5, 93, 0, 54.2, 0, ' Содержание пищевых веществ приведено с упаковочного ярлыка товара. Производитель: Qingdao Sun-Growing Trade Co., LTD, Китай');
INSERT INTO products (id, category_id, name, unit, grm, protein, carbs, dry, sug, fat, alko, rem) VALUES (695, 13, 'Курага (Абрикосы без косточки)', 'кг', 1000, 5.2, 55, 79.8, 0, 0, 0, 'Данные о пищевой ценности продукта приведены из источников, рекомендованных к применению Федеральной службой по Надзору в сфере защиты прав потребителей и благополучия человека (Роспотребнадзор).

Величина "Углеводы" рассчитана как сумма Крахмала, Моно-дисахаридов, Лактозы и Сахарозы.');
INSERT INTO treatments (name, cold, hot, fin, protein, fat, carbs, product_id) VALUES ('Потери при переборке', 1, 0, 0, 0, 0, 0, 695);
INSERT INTO treatments (name, cold, hot, fin, protein, fat, carbs, product_id) VALUES ('Замачивание кипятком', 0, -78.6, 0, 0, 0, 0, 695);
INSERT INTO products (id, category_id, name, unit, grm, protein, carbs, dry, sug, fat, alko, rem) VALUES (696, 13, 'Лайм', 'кг', 1000, 0.9, 3, 12.5, 0, 0.1, 0, 'Данные о пищевой ценности продукта приведены из источников, рекомендованных к применению Федеральной службой по Надзору в сфере защиты прав потребителей и благополучия человека (Роспотребнадзор). (по Лимону)

Величина "Углеводы" рассчитана как сумма Крахмала, Моно-дисахаридов, Лактозы и Сахарозы.');
INSERT INTO treatments (name, cold, hot, fin, protein, fat, carbs, product_id) VALUES ('Удаление оснований', 10, 0, 0, 0, 0, 0, 696);
INSERT INTO treatments (name, cold, hot, fin, protein, fat, carbs, product_id) VALUES ('Очистка от кожуры', 39, 0, 0, 0, 0, 0, 696);
INSERT INTO treatments (name, cold, hot, fin, protein, fat, carbs, product_id) VALUES ('Получение сока', 58, 0, 0, 0, 0, 0, 696);
INSERT INTO products (id, category_id, name, unit, grm, protein, carbs, dry, sug, fat, alko, rem) VALUES (697, 13, 'Лимон', 'кг', 1000, 0.9, 3, 12.5, 0, 0.1, 0, 'Данные о пищевой ценности продукта приведены из источников, рекомендованных к применению Федеральной службой по Надзору в сфере защиты прав потребителей и благополучия человека (Роспотребнадзор).

Величина "Углеводы" рассчитана как сумма Крахмала, Моно-дисахаридов, Лактозы и Сахарозы.');
INSERT INTO treatments (name, cold, hot, fin, protein, fat, carbs, product_id) VALUES ('Очистка оснований', 10, 0, 0, 0, 0, 0, 697);
INSERT INTO treatments (name, cold, hot, fin, protein, fat, carbs, product_id) VALUES ('Очистка от  кожуры', 39, 0, 0, 0, 0, 0, 697);
INSERT INTO treatments (name, cold, hot, fin, protein, fat, carbs, product_id) VALUES ('Получение сока', 58, 0, 0, 0, 0, 0, 697);
INSERT INTO products (id, category_id, name, unit, grm, protein, carbs, dry, sug, fat, alko, rem) VALUES (698, 13, 'Личи плоды свежие', 'кг', 1000, 0.9, 14.3, 18.9, 0, 0.1, 0, '1. Данные о пищевой ценности продукта приведены из источников, рекомендованных к применению Федеральной службой по Надзору в сфере защиты прав потребителей и благополучия человека (Роспотребнадзор).');
INSERT INTO treatments (name, cold, hot, fin, protein, fat, carbs, product_id) VALUES ('Удаление кожицы и косточек', 38, 0, 0, 0, 0, 0, 698);
INSERT INTO products (id, category_id, name, unit, grm, protein, carbs, dry, sug, fat, alko, rem) VALUES (699, 13, 'Мак (семена)', 'кг', 1000, 17.5, 2, 92.2, 0, 47.5, 0, 'Данные о пищевой ценности продукта приведены из источников, рекомендованных к применению Федеральной службой по Надзору в сфере защиты прав потребителей и благополучия человека (Роспотребнадзор).

Величина "Углеводы" рассчитана как сумма Крахмала, Моно-дисахаридов, Лактозы и Сахарозы.');
INSERT INTO products (id, category_id, name, unit, grm, protein, carbs, dry, sug, fat, alko, rem) VALUES (700, 13, 'Малина', 'кг', 1000, 0.8, 8.3, 18, 0, 0.3, 0, 'Данные о пищевой ценности продукта приведены из источников, рекомендованных к применению Федеральной службой по Надзору в сфере защиты прав потребителей и благополучия человека (Роспотребнадзор).

Величина "Углеводы" рассчитана как сумма Крахмала, Моно-дисахаридов, Лактозы и Сахарозы.');
INSERT INTO treatments (name, cold, hot, fin, protein, fat, carbs, product_id) VALUES ('Холодная обработка', 15, 0, 0, 0, 0, 0, 700);
INSERT INTO products (id, category_id, name, unit, grm, protein, carbs, dry, sug, fat, alko, rem) VALUES (701, 13, 'Манго', 'кг', 1000, 0.7, 14.1, 17.6, 0, 0.2, 0, '1. Данные о пищевой ценности продукта приведены из источников, рекомендованных к применению Федеральной службой по Надзору в сфере защиты прав потребителей и благополучия человека (Роспотребнадзор).');
INSERT INTO treatments (name, cold, hot, fin, protein, fat, carbs, product_id) VALUES ('Удаление семян и кожуры', 32, 0, 0, 0, 0, 0, 701);
INSERT INTO products (id, category_id, name, unit, grm, protein, carbs, dry, sug, fat, alko, rem) VALUES (702, 13, 'Манго консервированное (дольки)', 'кг', 1000, 0.7, 14.1, 17.6, 0, 0.2, 0, '1. Данные о содержании пищевых веществ приведены по ингредиенту "Манго". Следите за обновлениями базы ингредиентов на сайте chefexpert.ru.');
INSERT INTO products (id, category_id, name, unit, grm, protein, carbs, dry, sug, fat, alko, rem) VALUES (703, 13, 'Мандарин', 'кг', 1000, 0.8, 8.1, 11.5, 0, 0.3, 0, 'Данные о пищевой ценности продукта приведены из источников, рекомендованных к применению Федеральной службой по Надзору в сфере защиты прав потребителей и благополучия человека (Роспотребнадзор).

Величина "Углеводы" рассчитана как сумма Крахмала, Моно-дисахаридов, Лактозы и Сахарозы.');
INSERT INTO treatments (name, cold, hot, fin, protein, fat, carbs, product_id) VALUES ('Очищенные', 26, 0, 0, 0, 0, 0, 703);
INSERT INTO treatments (name, cold, hot, fin, protein, fat, carbs, product_id) VALUES ('Получение сока', 43, 0, 0, 0, 0, 0, 703);
INSERT INTO products (id, category_id, name, unit, grm, protein, carbs, dry, sug, fat, alko, rem) VALUES (704, 13, 'Маракуйя', 'кг', 1000, 2.6, 5.8, 25.1, 0, 0.4, 0, '1. Данные о пищевой ценности продукта приведены из источников, рекомендованных к применению Федеральной службой по Надзору в сфере защиты прав потребителей и благополучия человека (Роспотребнадзор).');
INSERT INTO treatments (name, cold, hot, fin, protein, fat, carbs, product_id) VALUES ('Удаление кожуры', 39, 0, 0, 0, 0, 0, 704);
INSERT INTO products (id, category_id, name, unit, grm, protein, carbs, dry, sug, fat, alko, rem) VALUES (705, 13, 'Облепиха', 'кг', 1000, 0.9, 5, 17, 0, 2.5, 0, 'Данные о пищевой ценности продукта приведены из источников, рекомендованных к применению Федеральной службой по Надзору в сфере защиты прав потребителей и благополучия человека (Роспотребнадзор).

Величина "Углеводы" рассчитана как сумма Крахмала, Моно-дисахаридов, Лактозы и Сахарозы.');
INSERT INTO treatments (name, cold, hot, fin, protein, fat, carbs, product_id) VALUES ('Варка без слива', 0, 0, 0, 2, 2, 0, 705);
INSERT INTO products (id, category_id, name, unit, grm, protein, carbs, dry, sug, fat, alko, rem) VALUES (706, 13, 'Орех Арахис ядро', 'кг', 1000, 29.2, 10.8, 100, 0, 50.2, 0, 'Данные о пищевой ценности продукта приведены из источников, рекомендованных к применению Федеральной службой по Надзору в сфере защиты прав потребителей и благополучия человека (Роспотребнадзор).

Величина "Углеводы" рассчитана как сумма Крахмала, Моно-дисахаридов, Лактозы и Сахарозы.');
INSERT INTO treatments (name, cold, hot, fin, protein, fat, carbs, product_id) VALUES ('Обжарка (Контрольная прораб.)', 10.7, 0, 0, 5, 10, 15, 706);
INSERT INTO products (id, category_id, name, unit, grm, protein, carbs, dry, sug, fat, alko, rem) VALUES (707, 13, 'Орех Бразильский ядро', 'кг', 1000, 14.1, 3.1, 97.2, 0, 68.2, 0, '1. Данные о пищевой ценности продукта приведены из источников, рекомендованных к применению Федеральной службой по Надзору в сфере защиты прав потребителей и благополучия человека (Роспотребнадзор).');
INSERT INTO products (id, category_id, name, unit, grm, protein, carbs, dry, sug, fat, alko, rem) VALUES (708, 13, 'Орех Грецкий ядро', 'кг', 1000, 14.7, 3.3, 97.2, 0, 68.5, 0, '1. Данные о пищевой ценности продукта приведены из источников, рекомендованных к применению Федеральной службой по Надзору в сфере защиты прав потребителей и благополучия человека (Роспотребнадзор).');
INSERT INTO treatments (name, cold, hot, fin, protein, fat, carbs, product_id) VALUES ('Обжарка (контрольная)', 5.66, 0, 0, 5, 10, 10, 708);
INSERT INTO products (id, category_id, name, unit, grm, protein, carbs, dry, sug, fat, alko, rem) VALUES (709, 13, 'Орех Кедровый ядро', 'кг', 1000, 14, 4, 97.3, 0, 68.6, 0, '1. Данные о пищевой ценности продукта приведены из источников, рекомендованных к применению Федеральной службой по Надзору в сфере защиты прав потребителей и благополучия человека (Роспотребнадзор).');
INSERT INTO products (id, category_id, name, unit, grm, protein, carbs, dry, sug, fat, alko, rem) VALUES (710, 13, 'Орех Кешью ядро', 'кг', 1000, 25.2, 12.6, 94.7, 0, 53.6, 0, 'Данные о пищевой ценности продукта приведены из источников, рекомендованных к применению Федеральной службой по Надзору в сфере защиты прав потребителей и благополучия человека (Роспотребнадзор).

Величина "Углеводы" рассчитана как сумма Крахмала, Моно-дисахаридов, Лактозы и Сахарозы.');
INSERT INTO treatments (name, cold, hot, fin, protein, fat, carbs, product_id) VALUES ('Обжарка', 10.5, 0, 0, 5, 10, 15, 710);
INSERT INTO products (id, category_id, name, unit, grm, protein, carbs, dry, sug, fat, alko, rem) VALUES (711, 13, 'Орех Макадамия ядро соленый', 'кг', 1000, 7.9, 4.8, 98.7, 0, 77.6, 0, '1. Данные о пищевой ценности продукта приведены из источников, рекомендованных к применению Федеральной службой по Надзору в сфере защиты прав потребителей и благополучия человека (Роспотребнадзор).');
INSERT INTO products (id, category_id, name, unit, grm, protein, carbs, dry, sug, fat, alko, rem) VALUES (712, 13, 'Орех Миндаль ядро', 'кг', 1000, 18.6, 13.6, 96, 0, 57.7, 0, 'Данные о пищевой ценности продукта приведены из источников, рекомендованных к применению Федеральной службой по Надзору в сфере защиты прав потребителей и благополучия человека (Роспотребнадзор).

Величина "Углеводы" рассчитана как сумма Крахмала, Моно-дисахаридов, Лактозы и Сахарозы.');
INSERT INTO products (id, category_id, name, unit, grm, protein, carbs, dry, sug, fat, alko, rem) VALUES (713, 13, 'Орех Пекан ядро', 'кг', 1000, 9.2, 5.8, 96.3, 0, 70.1, 0, '1. Данные о пищевой ценности продукта приведены из источников, рекомендованных к применению Федеральной службой по Надзору в сфере защиты прав потребителей и благополучия человека (Роспотребнадзор).');
INSERT INTO products (id, category_id, name, unit, grm, protein, carbs, dry, sug, fat, alko, rem) VALUES (714, 13, 'Орех Фисташки соленые поджаренные', 'кг', 1000, 17.9, 8.2, 97.9, 0, 55.4, 0, '1. Данные о пищевой ценности продукта приведены из источников, рекомендованных к применению Федеральной службой по Надзору в сфере защиты прав потребителей и благополучия человека (Роспотребнадзор).

2. Данные по технологическим потерям даны на основании средних данных контрольных проработок, проводимых на территории России.');
INSERT INTO treatments (name, cold, hot, fin, protein, fat, carbs, product_id) VALUES ('Очистка от скорлупы', 62.5, 0, 0, 0, 0, 0, 714);
INSERT INTO products (id, category_id, name, unit, grm, protein, carbs, dry, sug, fat, alko, rem) VALUES (715, 13, 'Орех Фундук ядро', 'кг', 1000, 16.1, 9.9, 95.2, 0, 66.9, 0, 'Данные о пищевой ценности продукта приведены из источников, рекомендованных к применению Федеральной службой по Надзору в сфере защиты прав потребителей и благополучия человека (Роспотребнадзор).

Величина "Углеводы" рассчитана как сумма Крахмала, Моно-дисахаридов, Лактозы и Сахарозы.');
INSERT INTO products (id, category_id, name, unit, grm, protein, carbs, dry, sug, fat, alko, rem) VALUES (716, 13, 'Папайя', 'кг', 1000, 0.5, 8.8, 11.5, 0, 0.1, 0, '1. Данные о пищевой ценности продукта приведены из источников, рекомендованных к применению Федеральной службой по Надзору в сфере защиты прав потребителей и благополучия человека (Роспотребнадзор).');
INSERT INTO treatments (name, cold, hot, fin, protein, fat, carbs, product_id) VALUES ('Удаление косточек и кожуры', 25, 0, 0, 0, 0, 0, 716);
INSERT INTO products (id, category_id, name, unit, grm, protein, carbs, dry, sug, fat, alko, rem) VALUES (717, 13, 'Паста Тахини (из кунжутного семени)', 'кг', 1000, 18.5, 0.9, 96.9, 0, 58.9, 0, '1. Данные о пищевой ценности продукта приведены из источников, рекомендованных к применению Федеральной службой по Надзору в сфере защиты прав потребителей и благополучия человека (Роспотребнадзор).');
INSERT INTO products (id, category_id, name, unit, grm, protein, carbs, dry, sug, fat, alko, rem) VALUES (718, 13, 'Персик консервированный', 'кг', 1000, 0.3, 19.9, 23.1, 0, 0, 0, 'Данные о пищевой ценности продукта приведены из источников, рекомендованных к применению Федеральной службой по Надзору в сфере защиты прав потребителей и благополучия человека (Роспотребнадзор).

Величина "Углеводы" рассчитана как сумма Крахмала, Моно-дисахаридов, Лактозы и Сахарозы.');
INSERT INTO products (id, category_id, name, unit, grm, protein, carbs, dry, sug, fat, alko, rem) VALUES (719, 13, 'Персики свежие', 'кг', 1000, 0.9, 9.5, 14, 0, 0.1, 0, '1. Данные о пищевой ценности продукта приведены из источников, рекомендованных к применению Федеральной службой по Надзору в сфере защиты прав потребителей и благополучия человека (Роспотребнадзор).

Величина "Углеводы" рассчитана как сумма Крахмала, Моно-дисахаридов, Лактозы и Сахарозы.

2. Данные по технологическим потерям на получение сока даны на основании средних данных контрольных проработок, проводимых на территории России.');
INSERT INTO treatments (name, cold, hot, fin, protein, fat, carbs, product_id) VALUES ('Удаление косточки', 10, 0, 0, 0, 0, 0, 719);
INSERT INTO treatments (name, cold, hot, fin, protein, fat, carbs, product_id) VALUES ('Получение сока', 10, 0, 34, 0, 0, 0, 719);
INSERT INTO products (id, category_id, name, unit, grm, protein, carbs, dry, sug, fat, alko, rem) VALUES (720, 13, 'Питахайя', 'кг', 1000, 0, 0, 0, 0, 0, 0, 'Данные о пищевой ценности и потерям при технологических обработках временно отсутствуют. Следите за обновлениями на сайте www.chefexpert.ru

');
INSERT INTO products (id, category_id, name, unit, grm, protein, carbs, dry, sug, fat, alko, rem) VALUES (721, 13, 'Повидло яблочное', 'кг', 1000, 0.4, 65.3, 67.1, 0, 0, 0, 'Данные о пищевой ценности продукта приведены из источников, рекомендованных к применению Федеральной службой по Надзору в сфере защиты прав потребителей и благополучия человека (Роспотребнадзор).

Величина "Углеводы" рассчитана как сумма Крахмала, Моно-дисахаридов, Лактозы и Сахарозы.');
INSERT INTO products (id, category_id, name, unit, grm, protein, carbs, dry, sug, fat, alko, rem) VALUES (722, 13, 'Подсолнечник (семена)', 'кг', 1000, 20.7, 3.4, 92, 0, 52.9, 0, 'Данные о пищевой ценности продукта приведены из источников, рекомендованных к применению Федеральной службой по Надзору в сфере защиты прав потребителей и благополучия человека (Роспотребнадзор).

Величина "Углеводы" рассчитана как сумма Крахмала, Моно-дисахаридов, Лактозы и Сахарозы.');
INSERT INTO products (id, category_id, name, unit, grm, protein, carbs, dry, sug, fat, alko, rem) VALUES (723, 13, 'Пюре Boiron Абрикосовое с/м ', 'кг', 1000, 0.9, 9, 14, 0, 0.1, 0, '1. Данные о содержании пищевых веществ приведены по ингредиенту "Абрикос". Следите за обновлениями базы ингредиентов на сайте chefexpert.ru.');
INSERT INTO products (id, category_id, name, unit, grm, protein, carbs, dry, sug, fat, alko, rem) VALUES (724, 13, 'Пюре Boiron Кокос с/м ', 'кг', 1000, 12.6, 14.5, 88.3, 0, 61, 0, '1. Данные о пищевой ценности продукта приведены из источников, рекомендованных к применению Федеральной службой по Надзору в сфере защиты прав потребителей и благополучия человека (Роспотребнадзор). (По продукту - Кокос мякоть)');
INSERT INTO products (id, category_id, name, unit, grm, protein, carbs, dry, sug, fat, alko, rem) VALUES (725, 13, 'Пюре Boiron Манго с/м ', 'кг', 1000, 0.7, 14.1, 17.6, 0, 0.2, 0, '1. Данные о пищевой ценности продукта приведены из источников, рекомендованных к применению Федеральной службой по Надзору в сфере защиты прав потребителей и благополучия человека (Роспотребнадзор). (По продукту - Манго)');
INSERT INTO products (id, category_id, name, unit, grm, protein, carbs, dry, sug, fat, alko, rem) VALUES (726, 13, 'Пюре Boiron Маракуйя с/м', 'кг', 1000, 2.6, 5.8, 25.1, 0, 0.4, 0, '1. Данные о пищевой ценности продукта приведены из источников, рекомендованных к применению Федеральной службой по Надзору в сфере защиты прав потребителей и благополучия человека (Роспотребнадзор) (По продукту Маракуйя)');
INSERT INTO products (id, category_id, name, unit, grm, protein, carbs, dry, sug, fat, alko, rem) VALUES (727, 13, 'Пюре Boiron Папайя с/м', 'кг', 1000, 0.5, 8.8, 11.5, 0, 0.1, 0, '1. Данные о пищевой ценности продукта приведены из источников, рекомендованных к применению Федеральной службой по Надзору в сфере защиты прав потребителей и благополучия человека (Роспотребнадзор) (По продукту Папайя)');
INSERT INTO products (id, category_id, name, unit, grm, protein, carbs, dry, sug, fat, alko, rem) VALUES (728, 13, 'Рябина (садовая)', 'кг', 1000, 1.4, 8.6, 19, 0, 0.1, 0, 'Данные о пищевой ценности продукта приведены из источников, рекомендованных к применению Федеральной службой по Надзору в сфере защиты прав потребителей и благополучия человека (Роспотребнадзор).

Величина "Углеводы" рассчитана как сумма Крахмала, Моно-дисахаридов, Лактозы и Сахарозы.');
INSERT INTO products (id, category_id, name, unit, grm, protein, carbs, dry, sug, fat, alko, rem) VALUES (729, 13, 'Рябина черноплодная', 'кг', 1000, 1.5, 10.9, 19.5, 0, 0.1, 0, 'Данные о пищевой ценности продукта приведены из источников, рекомендованных к применению Федеральной службой по Надзору в сфере защиты прав потребителей и благополучия человека (Роспотребнадзор).

Величина "Углеводы" рассчитана как сумма Крахмала, Моно-дисахаридов, Лактозы и Сахарозы.');
INSERT INTO products (id, category_id, name, unit, grm, protein, carbs, dry, sug, fat, alko, rem) VALUES (730, 13, 'Слива крупная', 'кг', 1000, 0.8, 9.6, 13, 0, 0, 0, 'Данные о пищевой ценности продукта приведены из источников, рекомендованных к применению Федеральной службой по Надзору в сфере защиты прав потребителей и благополучия человека (Роспотребнадзор).

Величина "Углеводы" рассчитана как сумма Крахмала, Моно-дисахаридов, Лактозы и Сахарозы.');
INSERT INTO treatments (name, cold, hot, fin, protein, fat, carbs, product_id) VALUES ('Удаление косточки', 10, 0, 0, 0, 0, 0, 730);
INSERT INTO products (id, category_id, name, unit, grm, protein, carbs, dry, sug, fat, alko, rem) VALUES (731, 13, 'Смородина красная', 'кг', 1000, 0.6, 7.3, 15, 0, 0.2, 0, 'Данные о пищевой ценности продукта приведены из источников, рекомендованных к применению Федеральной службой по Надзору в сфере защиты прав потребителей и благополучия человека (Роспотребнадзор).

Величина "Углеводы" рассчитана как сумма Крахмала, Моно-дисахаридов, Лактозы и Сахарозы.');
INSERT INTO treatments (name, cold, hot, fin, protein, fat, carbs, product_id) VALUES ('Холодная обработка', 6, 0, 0, 0, 0, 0, 731);
INSERT INTO products (id, category_id, name, unit, grm, protein, carbs, dry, sug, fat, alko, rem) VALUES (732, 13, 'Смородина черная', 'кг', 1000, 1, 7.3, 15, 0, 0.2, 0, 'Данные о пищевой ценности продукта приведены из источников, рекомендованных к применению Федеральной службой по Надзору в сфере защиты прав потребителей и благополучия человека (Роспотребнадзор).

Величина "Углеводы" рассчитана как сумма Крахмала, Моно-дисахаридов, Лактозы и Сахарозы.

.');
INSERT INTO treatments (name, cold, hot, fin, protein, fat, carbs, product_id) VALUES ('Холодная обработка', 2, 0, 0, 0, 0, 0, 732);
INSERT INTO treatments (name, cold, hot, fin, protein, fat, carbs, product_id) VALUES ('Получение сока', 21, 0, 0, 0, 0, 0, 732);
INSERT INTO treatments (name, cold, hot, fin, protein, fat, carbs, product_id) VALUES ('Уваривание с сахаром из с/м', 2, 48, 0, 2, 2, 3, 732);
INSERT INTO products (id, category_id, name, unit, grm, protein, carbs, dry, sug, fat, alko, rem) VALUES (733, 13, 'Тыквы семена', 'кг', 1000, 20.7, 3.4, 92, 0, 52.9, 0, 'Данные о пищевой ценности приведены по ингредиенту "Подсолнечник семена".');
INSERT INTO products (id, category_id, name, unit, grm, protein, carbs, dry, sug, fat, alko, rem) VALUES (734, 13, 'Физалис', 'кг', 1000, 1, 7.3, 15, 0, 0.2, 0, '1. Данные о содержании пищевых веществ приведены по ингредиенту "Смородина черная". Следите за обновлениями базы ингредиентов на сайте chefexpert.ru.');
INSERT INTO products (id, category_id, name, unit, grm, protein, carbs, dry, sug, fat, alko, rem) VALUES (735, 13, 'Финики сушеные', 'кг', 1000, 3.3, 68, 85.4, 0, 0.2, 0, '1. Данные о пищевой ценности продукта приведены из источников, рекомендованных к применению Федеральной службой по Надзору в сфере защиты прав потребителей и благополучия человека (Роспотребнадзор).');
INSERT INTO treatments (name, cold, hot, fin, protein, fat, carbs, product_id) VALUES ('Удаление косточки', 16, 0, 0, 0, 0, 0, 735);
INSERT INTO products (id, category_id, name, unit, grm, protein, carbs, dry, sug, fat, alko, rem) VALUES (736, 13, 'Хурма', 'кг', 1000, 0.5, 13.2, 18.5, 0, 0, 0, 'Данные о пищевой ценности продукта приведены из источников, рекомендованных к применению Федеральной службой по Надзору в сфере защиты прав потребителей и благополучия человека (Роспотребнадзор).

Величина "Углеводы" рассчитана как сумма Крахмала, Моно-дисахаридов, Лактозы и Сахарозы.');
INSERT INTO products (id, category_id, name, unit, grm, protein, carbs, dry, sug, fat, alko, rem) VALUES (737, 13, 'Цукаты', 'кг', 1000, 3, 54.5, 59, 0, 0, 0, 'Содержание пищевых веществ дано из непроверенного источника. (http://health-diet.ru/base_of_food/sostav/553.php)');
INSERT INTO products (id, category_id, name, unit, grm, protein, carbs, dry, sug, fat, alko, rem) VALUES (738, 13, 'Черешня', 'кг', 1000, 1.1, 10.6, 14, 0, 0.4, 0, 'Данные о пищевой ценности продукта приведены из источников, рекомендованных к применению Федеральной службой по Надзору в сфере защиты прав потребителей и благополучия человека (Роспотребнадзор).

Величина "Углеводы" рассчитана как сумма Крахмала, Моно-дисахаридов, Лактозы и Сахарозы.');
INSERT INTO treatments (name, cold, hot, fin, protein, fat, carbs, product_id) VALUES ('Удаление плодоножки', 5, 0, 0, 0, 0, 0, 738);
INSERT INTO treatments (name, cold, hot, fin, protein, fat, carbs, product_id) VALUES ('Удаление косточки', 15, 0, 0, 0, 0, 0, 738);
INSERT INTO products (id, category_id, name, unit, grm, protein, carbs, dry, sug, fat, alko, rem) VALUES (739, 13, 'Черника', 'кг', 1000, 1.1, 8, 13.5, 0, 0.6, 0, 'Данные о пищевой ценности продукта приведены из источников, рекомендованных к применению Федеральной службой по Надзору в сфере защиты прав потребителей и благополучия человека (Роспотребнадзор).

Величина "Углеводы" рассчитана как сумма Крахмала, Моно-дисахаридов, Лактозы и Сахарозы.');
INSERT INTO treatments (name, cold, hot, fin, protein, fat, carbs, product_id) VALUES ('Холодная обработка', 2, 0, 0, 0, 0, 0, 739);
INSERT INTO treatments (name, cold, hot, fin, protein, fat, carbs, product_id) VALUES ('Получение сока', 41, 0, 0, 0, 0, 0, 739);
INSERT INTO products (id, category_id, name, unit, grm, protein, carbs, dry, sug, fat, alko, rem) VALUES (740, 13, 'Чернослив без косточек', 'кг', 1000, 2.3, 58.4, 75, 0, 0, 0, 'Данные о пищевой ценности продукта приведены из источников, рекомендованных к применению Федеральной службой по Надзору в сфере защиты прав потребителей и благополучия человека (Роспотребнадзор).

Величина "Углеводы" рассчитана как сумма Крахмала, Моно-дисахаридов, Лактозы и Сахарозы.');
INSERT INTO treatments (name, cold, hot, fin, protein, fat, carbs, product_id) VALUES ('Замачивание в кипятке (контрольная)', -78.57, 0, 0, 0, 0, 0, 740);
INSERT INTO treatments (name, cold, hot, fin, protein, fat, carbs, product_id) VALUES ('Переборка (Контрольная проработка)', 1, 0, 0, 0, 0, 0, 740);
INSERT INTO products (id, category_id, name, unit, grm, protein, carbs, dry, sug, fat, alko, rem) VALUES (741, 13, 'Шелковица (плоды)', 'кг', 1000, 0.7, 12, 17.3, 0, 0, 0, 'Данные о пищевой ценности продукта приведены из источников, рекомендованных к применению Федеральной службой по Надзору в сфере защиты прав потребителей и благополучия человека (Роспотребнадзор).

Величина "Углеводы" рассчитана как сумма Крахмала, Моно-дисахаридов, Лактозы и Сахарозы.');
INSERT INTO products (id, category_id, name, unit, grm, protein, carbs, dry, sug, fat, alko, rem) VALUES (742, 13, 'Яблоки', 'кг', 1000, 0.4, 9.8, 13, 0, 0.4, 0, '1. Данные о пищевой ценности продукта приведены из источников, рекомендованных к применению Федеральной службой по Надзору в сфере защиты прав потребителей и благополучия человека (Роспотребнадзор).

Величина "Углеводы" рассчитана как сумма Крахмала, Моно-дисахаридов, Лактозы и Сахарозы.

Потери моно-дисахаридов и крахмала рассчитаны с учетом процентного содержания моно-дисахаридов и крахмала в продукте.

2. Данные по технологическим потерям на Нарезку шариками, Обжаренные кубиком для штруделя и Получение сока даны на основании средних данных контрольных проработок, проводимых на территории России.');
INSERT INTO treatments (name, cold, hot, fin, protein, fat, carbs, product_id) VALUES ('Запекание с удаленными семенами', 12, 20, 0, 2, 10, 0, 742);
INSERT INTO treatments (name, cold, hot, fin, protein, fat, carbs, product_id) VALUES ('Запекание с очисткой от кожицы и уд. семян', 30, 20, 0, 2, 10, 0, 742);
INSERT INTO treatments (name, cold, hot, fin, protein, fat, carbs, product_id) VALUES ('Очистка от кожицы и семян', 30, 0, 0, 0, 0, 0, 742);
INSERT INTO treatments (name, cold, hot, fin, protein, fat, carbs, product_id) VALUES ('Очистка от семян', 12, 0, 0, 0, 0, 0, 742);
INSERT INTO treatments (name, cold, hot, fin, protein, fat, carbs, product_id) VALUES ('Нарезка шариками', 12, 0, 60, 0, 0, 0, 742);
INSERT INTO treatments (name, cold, hot, fin, protein, fat, carbs, product_id) VALUES ('Обжаренные кубиком для штруделя', 30, 39.5, 0, 5, 10, 20, 742);
INSERT INTO treatments (name, cold, hot, fin, protein, fat, carbs, product_id) VALUES ('Получение сока', 12, 0, 33, 0, 0, 0, 742);
INSERT INTO categories (id, name) VALUES ('14', 'Хлебобулочные изделия, тесто');
INSERT INTO products (id, category_id, name, unit, grm, protein, carbs, dry, sug, fat, alko, rem) VALUES (743, 14, 'Багет для французского хот-дога, 185 мм', 'шт', 60, 7.9, 49.2, 58, 0, 0.9, 0, '');
INSERT INTO products (id, category_id, name, unit, grm, protein, carbs, dry, sug, fat, alko, rem) VALUES (744, 14, 'Багет французский', 'кг', 1000, 9, 56.1, 71, 0, 1.9, 0, '1. Данные о пищевой ценности продукта приведены из источников, рекомендованных к применению Федеральной службой по Надзору в сфере защиты прав потребителей и благополучия человека (Роспотребнадзор).');
INSERT INTO treatments (name, cold, hot, fin, protein, fat, carbs, product_id) VALUES ('Потери при порционировании', 16.7, 0, 0, 0, 0, 0, 744);
INSERT INTO products (id, category_id, name, unit, grm, protein, carbs, dry, sug, fat, alko, rem) VALUES (745, 14, 'Баранки простые', 'кг', 1000, 10.4, 64.1, 83, 0, 1.3, 0, 'Данные о пищевой ценности продукта приведены из источников, рекомендованных к применению Федеральной службой по Надзору в сфере защиты прав потребителей и благополучия человека (Роспотребнадзор).

Величина "Углеводы" рассчитана как сумма Крахмала, Моно-дисахаридов, Лактозы и Сахарозы.');
INSERT INTO products (id, category_id, name, unit, grm, protein, carbs, dry, sug, fat, alko, rem) VALUES (746, 14, 'Батон нарезной', 'шт', 350, 7.7, 49.8, 65.9, 0, 3, 0, '1. Данные о пищевой ценности продукта приведены из источников, рекомендованных к применению Федеральной службой по Надзору в сфере защиты прав потребителей и благополучия человека (Роспотребнадзор).

Величина "Углеводы" рассчитана как сумма Крахмала, Моно-дисахаридов, Лактозы и Сахарозы.

Потери моно-дисахаридов и крахмала рассчитаны с учетом процентного содержания моно-дисахаридов и крахмала в продукте.

2. Данные по технологическим потерям даны на основании средних данных контрольных проработок, проводимых на территории России.');
INSERT INTO treatments (name, cold, hot, fin, protein, fat, carbs, product_id) VALUES ('Запекание для сухариков (кубик)', 7, 27.3, 0, 5, 10, 10, 746);
INSERT INTO treatments (name, cold, hot, fin, protein, fat, carbs, product_id) VALUES ('Без обработки', 0, 0, 0, 0, 0, 0, 746);
INSERT INTO treatments (name, cold, hot, fin, protein, fat, carbs, product_id) VALUES ('Запекание сухариков с удалением корочки', 28.5, 27.3, 0, 5, 10, 10, 746);
INSERT INTO products (id, category_id, name, unit, grm, protein, carbs, dry, sug, fat, alko, rem) VALUES (747, 14, 'Бисквит (по типовой рецептуре)', 'кг', 1000, 6.3, 52.4, 84.8, 0, 27.2, 0, '1. Данные о пищевой ценности продукта приведены из источников, рекомендованных к применению Федеральной службой по Надзору в сфере защиты прав потребителей и благополучия человека (Роспотребнадзор).');
INSERT INTO products (id, category_id, name, unit, grm, protein, carbs, dry, sug, fat, alko, rem) VALUES (748, 14, 'Булочка городская (мука пшеничная высшего сорта)', 'шт', 65, 7.7, 52.1, 67.3, 0, 2.4, 0, '1. Данные о пищевой ценности продукта приведены из источников, рекомендованных к применению Федеральной службой по Надзору в сфере защиты прав потребителей и благополучия человека (Роспотребнадзор).

Величина "Углеводы" рассчитана как сумма Крахмала, Моно-дисахаридов, Лактозы и Сахарозы.

2. Данные по технологическим потерям даны на основании средних данных контрольных проработок, проводимых на территории России.');
INSERT INTO treatments (name, cold, hot, fin, protein, fat, carbs, product_id) VALUES ('Удаление мякоти', 53.8, 0, 0, 0, 0, 0, 748);
INSERT INTO products (id, category_id, name, unit, grm, protein, carbs, dry, sug, fat, alko, rem) VALUES (749, 14, 'Булочка для гамбургера 100 мм', 'шт', 53, 7.8, 49.9, 61.5, 0, 3.8, 0, '');
INSERT INTO treatments (name, cold, hot, fin, protein, fat, carbs, product_id) VALUES ('Разогрев', 0, 5.66, 0, 0, 0, 0, 749);
INSERT INTO products (id, category_id, name, unit, grm, protein, carbs, dry, sug, fat, alko, rem) VALUES (750, 14, 'Булочка для гамбургера с кунжутом 100 мм', 'шт', 53, 8.9, 45.7, 60, 0, 5.4, 0, '');
INSERT INTO treatments (name, cold, hot, fin, protein, fat, carbs, product_id) VALUES ('Разогрев', 0, 5.66, 0, 0, 0, 0, 750);
INSERT INTO products (id, category_id, name, unit, grm, protein, carbs, dry, sug, fat, alko, rem) VALUES (751, 14, 'Булочка для гамбургера с кунжутом 125 мм', 'шт', 82, 8.9, 45.7, 60, 0, 5.4, 0, '');
INSERT INTO treatments (name, cold, hot, fin, protein, fat, carbs, product_id) VALUES ('Разогрев', 0, 2.4, 0, 0, 0, 0, 751);
INSERT INTO products (id, category_id, name, unit, grm, protein, carbs, dry, sug, fat, alko, rem) VALUES (752, 14, 'Булочка для гамбургеров', 'кг', 1000, 9.1, 48.8, 67.1, 0, 5, 0, '1. Данные о пищевой ценности продукта приведены из источников, рекомендованных к применению Федеральной службой по Надзору в сфере защиты прав потребителей и благополучия человека (Роспотребнадзор).');
INSERT INTO products (id, category_id, name, unit, grm, protein, carbs, dry, sug, fat, alko, rem) VALUES (753, 14, 'Булочка для датского хот-дога с кунжутом', 'шт', 60, 8.9, 45.7, 60, 0, 5.4, 0, '');
INSERT INTO products (id, category_id, name, unit, grm, protein, carbs, dry, sug, fat, alko, rem) VALUES (754, 14, 'Булочка с солодом и кориандром п/ф', 'шт', 40, 6.8, 40.7, 58.4, 0, 1.3, 0, 'Данные о пищевой ценности приведены по товару "Хлеб бородинский"');
INSERT INTO treatments (name, cold, hot, fin, protein, fat, carbs, product_id) VALUES ('Запекание', 0, 5, 0, 0, 0, 0, 754);
INSERT INTO products (id, category_id, name, unit, grm, protein, carbs, dry, sug, fat, alko, rem) VALUES (755, 14, 'Булочка сдобная', 'кг', 1000, 7.9, 54.8, 76.3, 0, 9.4, 0, 'Данные о пищевой ценности продукта приведены из источников, рекомендованных к применению Федеральной службой по Надзору в сфере защиты прав потребителей и благополучия человека (Роспотребнадзор).

Величина "Углеводы" рассчитана как сумма Крахмала, Моно-дисахаридов, Лактозы и Сахарозы.');
INSERT INTO products (id, category_id, name, unit, grm, protein, carbs, dry, sug, fat, alko, rem) VALUES (756, 14, 'Булочка французская п/ф', 'шт', 40, 7.7, 52.1, 67.3, 0, 2.4, 0, 'Данные о пищевой ценности приведены по товару "Булочка городская (мука пшеничная высшего сорта)"');
INSERT INTO treatments (name, cold, hot, fin, protein, fat, carbs, product_id) VALUES ('Запекание', 0, 5, 0, 0, 0, 0, 756);
INSERT INTO products (id, category_id, name, unit, grm, protein, carbs, dry, sug, fat, alko, rem) VALUES (757, 14, 'Булочка Чили 125*125 мм', 'шт', 130, 8.5, 48, 60.5, 0, 4, 0, '');
INSERT INTO products (id, category_id, name, unit, grm, protein, carbs, dry, sug, fat, alko, rem) VALUES (758, 14, 'Валован из слоеного теста п/ф', 'кг', 1000, 8.3, 43.3, 75.2, 0, 19.7, 0, '1. Данные о содержании пищевых веществ приведены по ингредиенту "Круассан без наполнителя". Следите за обновлениями базы ингредиентов на сайте www.chefexpert.ru.');
INSERT INTO products (id, category_id, name, unit, grm, protein, carbs, dry, sug, fat, alko, rem) VALUES (759, 14, 'Галеты из муки высшего сорта', 'кг', 1000, 9.7, 68.4, 90.5, 0, 10.2, 0, 'Данные о пищевой ценности продукта приведены из источников, рекомендованных к применению Федеральной службой по Надзору в сфере защиты прав потребителей и благополучия человека (Роспотребнадзор).

Величина "Углеводы" рассчитана как сумма Крахмала, Моно-дисахаридов, Лактозы и Сахарозы.');
INSERT INTO products (id, category_id, name, unit, grm, protein, carbs, dry, sug, fat, alko, rem) VALUES (760, 14, 'Корж вафельный', 'кг', 1000, 7.8, 57.5, 70, 0, 4.8, 0, 'Данные о содержании пищевых веществ приведены по продукту "Корж для пиццы, сырой"');
INSERT INTO products (id, category_id, name, unit, grm, protein, carbs, dry, sug, fat, alko, rem) VALUES (761, 14, 'Корж для пиццы, сырой', 'кг', 1000, 7.8, 57.5, 70, 0, 4.8, 0, '1. Данные о пищевой ценности продукта приведены из источников, рекомендованных к применению Федеральной службой по Надзору в сфере защиты прав потребителей и благополучия человека (Роспотребнадзор).');
INSERT INTO products (id, category_id, name, unit, grm, protein, carbs, dry, sug, fat, alko, rem) VALUES (762, 14, 'Корзиночка (тарталетка) из песочного теста сладкая', 'кг', 1000, 7.5, 74.4, 94.5, 0, 11.8, 0, 'Содержание пищевых веществ дано по продукту "Печенье сахарное".');
INSERT INTO products (id, category_id, name, unit, grm, protein, carbs, dry, sug, fat, alko, rem) VALUES (763, 14, 'Крекеры из муки высшего сорта', 'кг', 1000, 9.2, 66.1, 91.5, 0, 14.1, 0, 'Данные о пищевой ценности продукта приведены из источников, рекомендованных к применению Федеральной службой по Надзору в сфере защиты прав потребителей и благополучия человека (Роспотребнадзор).

Величина "Углеводы" рассчитана как сумма Крахмала, Моно-дисахаридов, Лактозы и Сахарозы.');
INSERT INTO products (id, category_id, name, unit, grm, protein, carbs, dry, sug, fat, alko, rem) VALUES (764, 14, 'Круассан без наполнителя', 'кг', 1000, 8.3, 43.3, 75.2, 0, 19.7, 0, '1. Данные о пищевой ценности продукта приведены из источников, рекомендованных к применению Федеральной службой по Надзору в сфере защиты прав потребителей и благополучия человека (Роспотребнадзор).');
INSERT INTO products (id, category_id, name, unit, grm, protein, carbs, dry, sug, fat, alko, rem) VALUES (765, 14, 'Лаваш армянский, тонкий', 'кг', 1000, 9.1, 56, 72.6, 0, 1.1, 0, '1. Данные о пищевой ценности продукта приведены из источников, рекомендованных к применению Федеральной службой по Надзору в сфере защиты прав потребителей и благополучия человека (Роспотребнадзор).

Величина "Углеводы" рассчитана как сумма Крахмала, Моно-дисахаридов, Лактозы и Сахарозы.

2. Масса одного лаваша равна (по средним данным) 63 грамма.');
INSERT INTO products (id, category_id, name, unit, grm, protein, carbs, dry, sug, fat, alko, rem) VALUES (766, 14, 'Лепешка Тортилья пшеничная', 'кг', 1000, 9.1, 56, 72.6, 0, 1.1, 0, '1. Данные о содержании пищевых веществ приведены по ингредиенту "Лаваш Армянский тонкий". Следите за обновлениями базы ингредиентов на сайте chefexpert.ru.');
INSERT INTO products (id, category_id, name, unit, grm, protein, carbs, dry, sug, fat, alko, rem) VALUES (767, 14, 'Печенье сахарное из муки высшего сорта', 'кг', 1000, 7.5, 74.4, 94.5, 0, 11.8, 0, 'Данные о пищевой ценности продукта приведены из источников, рекомендованных к применению Федеральной службой по Надзору в сфере защиты прав потребителей и благополучия человека (Роспотребнадзор).

Величина "Углеводы" рассчитана как сумма Крахмала, Моно-дисахаридов, Лактозы и Сахарозы.');
INSERT INTO products (id, category_id, name, unit, grm, protein, carbs, dry, sug, fat, alko, rem) VALUES (768, 14, 'Пита белая', 'кг', 1000, 9.1, 55.1, 68.6, 0, 1.3, 0, '1. Данные о пищевой ценности продукта приведены из источников, рекомендованных к применению Федеральной службой по Надзору в сфере защиты прав потребителей и благополучия человека (Роспотребнадзор).');
INSERT INTO products (id, category_id, name, unit, grm, protein, carbs, dry, sug, fat, alko, rem) VALUES (769, 14, 'Пряники заварные', 'кг', 1000, 4.8, 77.7, 85.5, 0, 2.8, 0, 'Данные о пищевой ценности продукта приведены из источников, рекомендованных к применению Федеральной службой по Надзору в сфере защиты прав потребителей и благополучия человека (Роспотребнадзор).

Величина "Углеводы" рассчитана как сумма Крахмала, Моно-дисахаридов, Лактозы и Сахарозы.');
INSERT INTO products (id, category_id, name, unit, grm, protein, carbs, dry, sug, fat, alko, rem) VALUES (770, 14, 'Сухари панировочные', 'кг', 1000, 13.2, 58.2, 89, 0, 2.3, 0, 'Данные о пищевой ценности продукта приведены из источников, рекомендованных к применению Федеральной службой по Надзору в сфере защиты прав потребителей и благополучия человека (Роспотребнадзор).

Величина "Углеводы" рассчитана как сумма Крахмала, Моно-дисахаридов, Лактозы и Сахарозы.');
INSERT INTO products (id, category_id, name, unit, grm, protein, carbs, dry, sug, fat, alko, rem) VALUES (771, 14, 'Сухарики типа "Кириешки"', 'кг', 1000, 9.22, 56.47, 78.2, 0, 8.46, 0, 'Содержание пищевых веществ рассчитано для сухариков из пшеничного хлеба с добавлением растительного масла, специй и соли.');
INSERT INTO products (id, category_id, name, unit, grm, protein, carbs, dry, sug, fat, alko, rem) VALUES (772, 14, 'Сушки простые', 'кг', 1000, 10.9, 68, 88, 0, 1.3, 0, 'Данные о пищевой ценности продукта приведены из источников, рекомендованных к применению Федеральной службой по Надзору в сфере защиты прав потребителей и благополучия человека (Роспотребнадзор).

Величина "Углеводы" рассчитана как сумма Крахмала, Моно-дисахаридов, Лактозы и Сахарозы.');
INSERT INTO products (id, category_id, name, unit, grm, protein, carbs, dry, sug, fat, alko, rem) VALUES (773, 14, 'Тесто слоеное', 'кг', 1000, 7.3, 48.6, 79.8, 0, 20.9, 0, '1. Данные по технологическим потерям даны на основании средних данных контрольных проработок, проводимых на территории России.

2. Источник информации о пищевой ценности - маркировочный ярлык товара. Производитель или торговая марка - Aro.

    Сухие вещества расчитаны как сумма белков, жиров и углеводов + 3.');
INSERT INTO treatments (name, cold, hot, fin, protein, fat, carbs, product_id) VALUES ('Запекание', 0, 22.4, 0, 5, 10, 10, 773);
INSERT INTO treatments (name, cold, hot, fin, protein, fat, carbs, product_id) VALUES ('Формование валованов и запекание', 50, 42.4, 0, 5, 10, 10, 773);
INSERT INTO products (id, category_id, name, unit, grm, protein, carbs, dry, sug, fat, alko, rem) VALUES (774, 14, 'Тесто Фило', 'кг', 1000, 7.3, 48.6, 79.8, 0, 20.9, 0, '1. Данные по технологическим потерям даны на основании средних данных контрольных проработок, проводимых на территории России.

2. Данные о содержании пищевых веществ приведены по ингредиенту "Тесто слоеное". Следите за обновлениями базы ингредиентов на сайте chefexpert.ru.');
INSERT INTO treatments (name, cold, hot, fin, protein, fat, carbs, product_id) VALUES ('Запекание', 5, 7, 0, 0, 0, 0, 774);
INSERT INTO products (id, category_id, name, unit, grm, protein, carbs, dry, sug, fat, alko, rem) VALUES (775, 14, 'Хлеб бородинский', 'кг', 1000, 6.8, 40.7, 58.4, 0, 1.3, 0, '1.Данные о пищевой ценности продукта приведены из источников, рекомендованных к применению Федеральной службой по Надзору в сфере защиты прав потребителей и благополучия человека (Роспотребнадзор).

Величина "Углеводы" рассчитана как сумма Крахмала, Моно-дисахаридов, Лактозы и Сахарозы.

2. Данные по технологическим потерям даны на основании средних данных контрольных проработок, проводимых на территории России.');
INSERT INTO treatments (name, cold, hot, fin, protein, fat, carbs, product_id) VALUES ('Без обработки', 0, 0, 0, 0, 0, 0, 775);
INSERT INTO treatments (name, cold, hot, fin, protein, fat, carbs, product_id) VALUES ('Удаление мякоти', 31.7, 0, 0, 0, 0, 0, 775);
INSERT INTO products (id, category_id, name, unit, grm, protein, carbs, dry, sug, fat, alko, rem) VALUES (776, 14, 'Хлеб для сэндвича пшеничный', 'кг', 1000, 6.7, 46.5, 65.7, 0, 4.5, 0, 'Содержание пищевых в-в приведено с маркировочного ярлыка товара "Сандвичный хлеб Пшеничный" Производитель или торговая марка - "Harry''s" (ООО "Харрис СНГ")');
INSERT INTO products (id, category_id, name, unit, grm, protein, carbs, dry, sug, fat, alko, rem) VALUES (777, 14, 'Хлеб для сэндвича ржаной', 'кг', 1000, 6.8, 40.7, 58.4, 0, 1.3, 0, 'Содержание пищевых в-в дано по хлебу "Бородинский". Масса 1 ломтика хлеба производства Harry''s = 39,17 грамм.');
INSERT INTO products (id, category_id, name, unit, grm, protein, carbs, dry, sug, fat, alko, rem) VALUES (778, 14, 'Хлеб пшеничный формовой', 'кг', 1000, 8.2, 36.1, 55.7, 0, 1.4, 0, 'Данные о пищевой ценности продукта приведены из источников, рекомендованных к применению Федеральной службой по Надзору в сфере защиты прав потребителей и благополучия человека (Роспотребнадзор).

Величина "Углеводы" рассчитана как сумма Крахмала, Моно-дисахаридов, Лактозы и Сахарозы.');
INSERT INTO treatments (name, cold, hot, fin, protein, fat, carbs, product_id) VALUES ('Потери при нарезке', 5, 0, 0, 0, 0, 0, 778);
INSERT INTO products (id, category_id, name, unit, grm, protein, carbs, dry, sug, fat, alko, rem) VALUES (779, 14, 'Хлебцы ржаные', 'кг', 1000, 9.4, 70.6, 93.6, 0, 0.6, 0, '1. Данные о пищевой ценности продукта приведены из источников, рекомендованных к применению Федеральной службой по Надзору в сфере защиты прав потребителей и благополучия человека (Роспотребнадзор).');
INSERT INTO products (id, category_id, name, unit, grm, protein, carbs, dry, sug, fat, alko, rem) VALUES (780, 14, 'Чиабатта Биг Сэндвич 175*190 мм', 'шт', 130, 9, 52, 65.5, 0, 4.5, 0, '');
INSERT INTO products (id, category_id, name, unit, grm, protein, carbs, dry, sug, fat, alko, rem) VALUES (781, 14, 'Чиабатта лепешка', 'кг', 1000, 10.2, 52, 70.8, 0, 3.9, 0, '1. Данные о пищевой ценности продукта приведены из источников, рекомендованных к применению Федеральной службой по Надзору в сфере защиты прав потребителей и благополучия человека (Роспотребнадзор).');
